SKU,CHUNK
151761,"coflex acero lavat 1/2"" m x 1/2"" h resina x 40 cm de la marca coflex del area de gasfiteria para los accesorios sanitarios de la linea tubos de abasto de procedencia nacional. altura del producto 0.15 cm, ancho del producto 0.44 cm, profundidad del producto 0.30 cm, volumen del producto 0.0198, ean 710631932143, medidas 0.44x0.30x0.15, tipo de producto tubo, modelo 10-eal2-b40 acero resina, color no aplica, material vinilo, garantía por defecto de fabricación, procedencia nacional, país de origen méxico. . Acero Lavatorio. No aplica. No aplica"
133694,"motor monofasico 1hp de la marca kaili del area de herramientas para los herramientas electricas estacionarias de la linea generadores de procedencia nacional. altura del producto 25.50 cm, ancho del producto 20.00 cm, profundidad del producto 37.00 cm, volumen del producto 18870, ean 2000003606542, medidas 20.00x37.00x25.50, tipo de producto motor, modelo no aplica, color azul, material acero, garantía 06 meses por defectos de fabricación, procedencia nacional. Motor diseñado para operar con bombas centrífugas, ventiladores, máquinas-herramienta,molinos, etc.. De 0.75 KW y 1 HP/1740 RPM. Carcasa más fuerte con aletas de refrigeración, ventilador y flujo de aire más amplio. Caja de bornes amplia. Se usa para obtener energía mecánica(movimiento rotatorio) de manera más simple y eficiente y así mover diferentes mecanismos (refrigeración comercial y doméstica, ventilación, calefacción, bombas de agua, compresoras de aire, entre otros).. . Hacer revisión y mantenimiento periódicamente. Almacenar en un lugar fresco y seco."
156721,"gnomo blanco de porcelana con luz led 13.9cm c.roja de la marca orange del area de tendencias para los navidad de la linea adornos y decorativos de procedencia importado. altura del producto 13.90 cm, ancho del producto 8.70 cm, profundidad del producto 8.70 cm, volumen del producto 1052.091, ean 2000001567210, medidas 8.70x8.70x13.90, tipo de producto adorno, modelo cyd103-231202, color blanco, material porcelana, garantía 1 año, procedencia importado, país de origen china. Dale vida a la navidad dentro de tu hogar con los mejores adornos que Promart trae para ti esta temporada.. . . "
34364,"pico con mango 3 kg basico de la marca major del area de jardin para los herramientas manuales para jardineria de la linea herramientas de mango largo de procedencia nacional. altura del producto 81.00 cm, ancho del producto 53.00 cm, profundidad del producto 8.00 cm, volumen del producto 34344, ean 7754235000191, medidas 53.00x8.00x81.00, tipo de producto pico, modelo básico, color no aplica, material acero, garantía 1 año, procedencia nacional. Pico con boca estrecha para quitar cortezas, cavar y cortar las ramas. Cuenta con un apunta para despedregar y desenraizar.. . . Mantener fuera del alcance de los niños"
137892,"puert ench cedro m mediterranea 40x650x2070 it de la marca dimfer del area de ferreteria para los puertas de interior de la linea madera o enchapadas de procedencia nacional. altura del producto 207.00 cm, ancho del producto 65.00 cm, profundidad del producto 4.00 cm, volumen del producto 53820, ean 7754140046949, medidas 65.00x4.00x207.00, tipo de producto puerta, modelo palace, material hdf/pino, garantía 1 año, procedencia nacional. . Enchapada. Excelente calidad. Resistente y duradera.. . Tomar las medidas pertinentes antes de su montaje. Usar limpiadores adecuados."
34291,"tarugo 3/16"" (pack x 100) tri rojo de la marca tox del area de ferreteria para los productos de fijacion de la linea tarugos de procedencia nacional. tamaño del producto pequeño, altura del producto 3.10 cm, ancho del producto 5.00 mm, profundidad del producto 5.00 mm, volumen del producto 77.5, diametro del producto 5.00 mm, ean 4049563001426, medidas 5.00x5.00x3.10, tipo de producto tarugo, modelo tri 3/16'', color rojo, material nylon, garantía por defecto de fabricación, procedencia nacional, país de origen alemania. Realiza correctamente las instalaciones de sujeción con este tarugo que cuenta con ranuras y estrillas que se contraen en forma de nudo al momento de la fijación. ¡Encuentra los mejores productos en Promart!. Fabricado en nylon, cuenta con ranuras y estrillas que se contraen en forma de nudo al momento de la fijación, dando un mejor agarre , evitando que se retire en caso de tensiones, accesorio de complemento que permite colgar o sujetar objetos sobre paredes solidas. Soporta hasta una capacidad de carga máxima de 25 kg en superficies solidas.. Espesor de tornillo de complemento adecuado de 3 mm de diámetro. Consta de 100 tarugos. Para su instalación requiere perforar la pared con broca de 5 mm de diámetro.. Tener en cuenta que el largo del tornillo, debe ocupar todo el espacio del tarugo más el espesor del material a sujetar. Manipular con equipos de protección personal al momento de realizar la perforación."
147500,"moldura marbella 6.5x6.5cm x1m 2und de la marca etsadeco del area de materiales de construccion para los drywall de la linea poliestireno expandido de procedencia nacional. altura del producto 6.50 cm, ancho del producto 6.50 cm, profundidad del producto 100.00 cm, volumen del producto 4225, ean 2000001475003, medidas 6.50x100.00x6.50, tipo de producto moldura, modelo marbella, color beige, material poliestireno, garantía 06 meses por defectos de fabricación, procedencia nacional, país de origen perú. Con su versatilidad, pueden utilizarse en marcos de ventanas, puertas, ampliaciones, espejos, y mucho más.. Excelente calidad. Resistencia y durabilidad.. . Lijar antes de aplicar base y pintura."
27842,"sillon giratorio copenhague negro de la marca orange del area de muebles para los oficinas de la linea sillas/sillones giratorios de procedencia importado. altura del producto 122.50 cm, ancho del producto 67.00 cm, profundidad del producto 66.00 cm, volumen del producto 541695, diametro del producto 0, ean 8429160080233, medidas 67.00x66.00x122.50, tipo de producto sillón, modelo copenhague, color negro, material acero/plástico, garantía 1 año, procedencia importado, país de origen china. pEleva el estándar de tu espacio de trabajo con la elegante strongSilla ergonómica de oficina Copenhague Negro/strong, una elección perfecta para el ejecutivo moderno que valora tanto el estilo como la comodidad. Con una construcción robusta de acero y plástico, tapizado en cuero PU de alta calidad, este sillón no solo añade un toque de elegancia a cualquier oficina sino que también promete durabilidad y resistencia. La combinación de espuma en el asiento y el respaldo asegura un confort óptimo durante las largas jornadas laborales. Su diseño rodante y giratorio, junto con la capacidad de ajustar la altura y reclinarse ligeramente, te brinda la flexibilidad necesaria para mantener la productividad al máximo. Además, su color negro clásico se integra sin esfuerzo en cualquier decoración, ofreciendo una apariencia profesional y sofisticada. Beneficios del Silla ergonómica de oficina giratoria Copenhague NegroullistrongConfort superior:/strong Asiento y respaldo de espuma tapizados en cuero PU para máxima comodidad.listrongAjustable y flexible:/strong Altura ajustable, giratorio y reclinable, ideal para personalizar tu experiencia de asiento.listrongDurabilidad y elegancia:/strong Construcción de acero con tapizado en cuero PU negro, combinando resistencia con estilo.listrongFacilidad de movimiento:/strong Equipado con 5 ruedas de plástico para un desplazamiento suave.listrongDiseño ergonómico:/strong Promueve una postura saludable, ideal para uso prolongado./ul. Garruchas o ruedas de PVC colocadas a presión, Estrella o base de Acero cromado, pistón de aire de acero cromado regulable de 122.5 cm a 113 cm, plato o base de asiento de acero, asiento de triplay fenólico  recubierto con espuma y cuero sintético o cuero ecológico color negro, respaldo de espuma y cuero sintético, reposa brazos de PVC con almohadillas de espuma y cuero sintético.. Silla rodante para oficina, tiempo de vida estimado 2 años. Reclinable a 75°. Estas sillas pueden ser limpiadas con un protector o limpiador de Cuero o PVC, tambien se puede limpiar con paño húmedo o seco 1 o 2 veces por semana, no limpiar con silicona."
155858,"pomo bilbao baño acabado 514 de la marca kwikset del area de ferreteria para los chapas y cerrajeria de la linea cerraduras cilin/tub de procedencia nacional. acabado mate, tamaño del producto moderado, altura del producto 19.40 cm, ancho del producto 9.40 cm, profundidad del producto 4.11 cm, volumen del producto 749.4996, diametro del producto 0, ean 883351869096, medidas 9.40x4.11x19.40, tipo de producto cerradura, modelo bilbao, color negro, material bronce/acero, garantía de por vida por defectos de fabricación, procedencia nacional, país de origen china. Chapa Pomo de Baño Bilbao Bronce/Acero Negro Kwikset Disfruta de lo más nuevo que Promart.pe trae para ti.. Fácil Instalación. Solo se requiere una herramienta. Se adapta a todas las puertas estándar. Calidad y seguridad con certificación. Los elegantes estilos de rosetas y pomos con tornillos de montaje ocultos ofrecen un aspecto más moderno.. Garantía limitada de por vida.. No limpiar con productos abrasivos."
17776,"electrobomba 1hp plurijet autocebante de la marca pedrollo del area de gasfiteria para los bombas de agua de la linea bombas inyectoras de procedencia nacional. altura del producto 20.20 cm, ancho del producto 18.20 cm, profundidad del producto 41.00 cm, volumen del producto 15073.24, ean 2000000177762, medidas 18.20x41.00x20.20, tipo de producto electrobomba, modelo plurijet 4/100, color no aplica, material acero inoxidable, garantía 1 año, procedencia nacional, país de origen italia. Electrobomba adecuada para aumentar la altura de elevación en las instalaciones domésticas.. Protector térmico que se activa a los 60° de temperatura. Electrobomba volumétrica capaz de desarrollar una gran altura de elevación con potencias relativamente reducidas. Particularmente adecuada para aumentar la altura de elevación en las instalaciones domésticas.. Instalar en lugares protegidos del clima.. Verifique la coincidencia del voltaje de alimentación con el de la máquina. Leer las instrucciones de uso para una correcta instalación."
123849,"tabla de picar mediana (34.8x23.2x1 cm) -natural de la marca basa del area de cocina para los menaje de la linea utensilios, cuchillos,cubiertos y reposteria de procedencia nacional. altura del producto 1.00 cm, ancho del producto 23.20 cm, profundidad del producto 34.80 cm, volumen del producto 807.36, ean 7755206020231, medidas 23.20x34.80x1.00, tipo de producto tabla, modelo mediana (34.8x23.2x1 cm) -natural, color incoloro, material polipropileno, garantía por defecto de fabricación, procedencia nacional. Tabla especialmente diseñada para picar alimentos. Ideal para una mejor manipulación de alimentos.. Para picar alimentos. Presenta una cara lisa y la otra porosa. Cuenta con alojamiento para colgar y canales antiderrames.. . Mantener limpio y seco para evitar la acumulación de humedad y el eventual deterioro del producto."
130707,"cocina de induccion 1h 2000w 28-35cm de la marca record del area de electro hogar para los electrodomesticos de la linea pequeños electrodomesticos de procedencia nacional. altura del producto 0.40 cm, ancho del producto 28.00 cm, profundidad del producto 35.00 cm, volumen del producto 392, ean 7750287013882, medidas 28.00x35.00x0.40, tipo de producto cocina, modelo inducción 1 hornilla, material vitrocerámica, garantía por defecto de fabricación, procedencia nacional. La cocina de inducción es completamente portátil, haciéndola ideal para el uso doméstico, actividades de exterior, excursiones y/o camping.. 1 hornilla. Temperatura: 60-270°C. Frecuencia: 50 Hz. Diámetro de utensilios: 12 a 22 cm. Material de utensilios compatibles: Acero inoxidable con base de inducción, acero esmaltado, aluminio fundido con base de inducción.. . Se recomienda usar ollas y sartenes con fondo liso y nunca cazuelas de barro. Solo se debe limpiar en caliente si se derrama líquido o se pega papel."
164842,"thermo hervidor th-tk50 de la marca thomas del area de electro hogar para los electrodomesticos de la linea pequeños electrodomesticos de procedencia nacional. altura del producto 36 cm, ancho del producto 23 cm, profundidad del producto 30 cm, volumen del producto 24840, ean 7809639710105, medidas 23x30x36, tipo de producto hervidor, modelo th-tk50, color plata, material polipropileno, garantía por defecto de fabricación, procedencia nacional, país de origen china. Thermo Hervidor Eléctrico Thomas TH-TK50 Plata. Disfruta de lo más nuevo que Promart.pe trae para ti.. . . "
92780,"termo sifon 1.8 l de la marca basa del area de cocina para los menaje de la linea hidratacion de procedencia nacional. volumen del producto 0, ean 7755206013189, color no aplica, garantía 1 año, procedencia nacional. . . . "
69799,"tubo hdpe 560mm sdr21xmt pe100 de la marca nicoll del area de gasfiteria para los servicios de la linea productos a pedido de procedencia nacional. volumen del producto 0, ean 2000000697994, tipo de producto tubo, color no aplica, garantía 1 año, procedencia nacional. . . . "
154383,"colgante termini negro 31.5w de la marca eglo del area de iluminacion para los iluminacion decorativa de la linea colgantes trendy de procedencia nacional. altura del producto 150.00 cm, ancho del producto 9.50 cm, profundidad del producto 106.50 cm, volumen del producto 151762.5, ean 9002759394868, medidas 9.50x106.50x150.00, tipo de producto lámpara, modelo termini, color negro, material acero, garantía 5 años, procedencia nacional, país de origen china. Lámpara Colgante Eglo Termini 31.5w Acero Negro Disfruta de lo más nuevo que Promart.pe trae para ti.. La colgante Led Termini está compuesta por un elemento alargado de metal negro. La colgante minimalista ilumina sin deslumbrar hacia arriba y hacia abajo gracias a los reflectores especiales. Los LED integrados se pueden atenuar con un interruptor giratorio adecuado colocado en la pared y proporcionan una luz cálida y agradable. Proporciona una excelente iluminación en el comedor, sobre la mesa.. . "
148877,"box tarima premium 1.5 plaza charcoal de la marca paraiso del area de muebles para los dormitorios de la linea camas y auxiliares de dormitorio de procedencia nacional. altura del producto 35.00 cm, ancho del producto 105.00 cm, profundidad del producto 190.00 cm, volumen del producto 698250, ean 2000001488775, medidas 105.00x190.00x35.00, tipo de producto box, modelo tarima premium, material madera, garantía 5 años, procedencia nacional, país de origen perú. pRenueva tu dormitorio con la elegante Tarima Premium 1.5 Plazas de Madera Paraiso Charcoal. Esta tarima de diseño versátil cuenta con patas de metal cromado, ruedas con seguro y una tela resistente de fácil limpieza. Con una garantía de 5 años, disfrutarás de calidad y durabilidad. Colócala en tu dormitorio y crea un ambiente acogedor y moderno. ¡Aprovecha esta oportunidad para mejorar tu descanso!h2Características de la Tarima Premium 1.5 Plazas de Madera Paraiso Charcoal:ul liDiseño versátil y resistente. liPatas de metal cromado y ruedas con seguro. liTela de fácil limpieza. liGarantía de 5 años. liIdeal para uso doméstico en dormitorios./ul. Diseño versátil. Patas de metal cromado y ruedas con seguro. Tela resistente y de fácil limpieza. Maderas selectas.. Garantía de tarima 5 años.. Colocar sobre superficies planas."
138289,"jabonera oxford de la marca orange del area de baños para los organizacion de baño de la linea sets sobrepuestos de procedencia importado. altura del producto 13.00 cm, ancho del producto 9.60 cm, profundidad del producto 2.30 cm, volumen del producto 287.04, ean 2000001382899, medidas 9.60x2.30x13.00, tipo de producto jabonera, modelo oxford, color gris, material cerámica, garantía 1 año, procedencia importado, país de origen china. Complementa la decoración de tu baño con la jabonera especialmente diseñada para lucir muy bonito dentro de tus espacios.. Excelente calidad. Resistencia y durabilidad a su alcance.. . Colocar en una superficie plana. Lavar periódicamente para evitar la acumulación de jabón."
144701,"taper rect 38 cl pure box active con tapa orange de la marca luminarc del area de cocina para los menaje de la linea organizacion y contenedores de procedencia nacional. altura del producto 5.21 cm, ancho del producto 10.50 cm, profundidad del producto 14.00 cm, volumen del producto 765.87, ean 883314605273, medidas 10.50x14.00x5.21, tipo de producto taper, modelo pure box rectangular, color naranja, material vidrio, garantía por defecto de fabricación, procedencia nacional, país de origen francia. Práctico taper para conservar o llevar todo tipo de alimentos.. Excelente calidad. Resistencia y durabilidad.. . Lavar muy bien luego de cada uso."
144555,"cuchilla para podadora husqvarna de la marca oregon del area de jardin para los maquinaria de jardin de la linea accesorios para maquinas de procedencia nacional. altura del producto 2.00 cm, ancho del producto 6.50 cm, profundidad del producto 53.30 cm, volumen del producto 692.9, ean 5400182985617, medidas 6.50x53.30x2.00, tipo de producto cuchilla, modelo para podadora, color gris, material acero inoxidable, garantía por defecto de fabricación, procedencia nacional, país de origen estados unidos. Cuchillas para cortadoras de césped, de mayor espesor para las cortadoras de césped y desmalezadoras.. Corte mejorado. Permanece más afilado por más tiempo. Mejor acolchado y descarga lateral. Ajuste perfecto.. . Mantener los cuchillos bien afilados. Usar siempre una tabla de corte y usa el cuchillo adecuado en cada momento."
137438,"set x2 coladores con mango colapsibles de la marca orange del area de cocina para los menaje de la linea utensilios, cuchillos,cubiertos y reposteria de procedencia importado. altura del producto 43.00 cm, ancho del producto 24.00 cm, profundidad del producto 10.00 cm, volumen del producto 10320, diametro del producto 0, ean 2000001374382, medidas 24.00x10.00x43.00, tipo de producto colador, modelo set x2 c/mango, color rojo, material silicona, garantía 1 año, procedencia importado, país de origen china. Usa el set de coladores en tu cocina para filtrar bebidas líquidos y salsas o para escurrir alimentos crudos o cocidos, además sirve para tamizar o eliminar impurezas de ingredientes secos. Ideal para preparar tus tortas o pasteles.. Fácil de almacenar. Ocupa poco espacio en los gabinetes de la cocina. Excelente calidad.. Utilizar el producto adecuadamente para una mejor y larga duración.. Lavar muy bien luego de cada uso."
18466,"dado hexagonal 22mm enc 1/2 de la marca bahco del area de herramientas para los herramientas de mano de la linea dados y ratchets de procedencia nacional. volumen del producto 0, ean 7314151097974, color no aplica, garantía 1 año, procedencia nacional. . . . "
124042,"cooler yeti 21 qt -naranja de la marca basa del area de aire libre y temporada para los camping de la linea cajas termicas de procedencia nacional. altura del producto 33.40 cm, ancho del producto 38.70 cm, profundidad del producto 36.70 cm, volumen del producto 47437.686, diametro del producto no aplica, ean 7755206017149, medidas 38.70x36.70x33.40, tipo de producto cooler, modelo yeti, color naranja, material poliuretano, garantía por defecto de fabricación, procedencia nacional, país de origen perú. Conserva siempre fríos tus alimentos y bebidas con este práctico cooler con asa.. Brinda extra conservación de frío y calor. Asas en parte superior para un fácil agarre. También cuenta con asas laterales. Superficie plana de fácil limpieza. 4 posavasos en tapa. Extra resistente. Libre de BPA.. Apto para contacto con alimentos.. Mantener limpio y seco para evitar la acumulación de humedad y el eventual deterioro del producto."
129981,"aspiradora th-2206bl de la marca thomas del area de electro hogar para los equipos de limpieza de la linea aspiradoras y lustradoras de procedencia nacional. altura del producto 32.00 cm, ancho del producto 49.50 cm, profundidad del producto 34.50 cm, volumen del producto 54648, ean 7809639706313, medidas 49.50x34.50x32.00, tipo de producto aspiradora, modelo th-2206bl, color azul, material metal/plástico, garantía 3 años, procedencia nacional, país de origen china. Ideal para llegar a la suciedad en rincones difíciles. Comodidad y efectividad.. Encendido, apagado y regulación de potencia al alcance de tu mano. Práctica y muy fácil de limpiar. 2 l capacidad del tanque. Sistema de filtro MULTI CYCLONE+IONIONIC PLUS. Ionizador incorporado para una mejor calidad del aire. Indicador de llenado LED. Tubo telescópico de acero. LED display. Control remoto multifunción. Regulador de potencia electrónico con indicador LED. Cordón retráctil. Paleta de aspirado piso duro/alfombra. Accesorio especial para pisos de madera. No utiliza bolsa. 3 etapas de filtrado.. 2 años de garantía.. Limpiar el fltro adecuadamente para mantener el higiene del producto y así mantener un buen funcionamiento del mismo."
151516,"silicona acetica alta temp rojo 280gr de la marca tekbond del area de pinturas para los pegamentos y adhesivos de la linea siliconas y aplicadores de procedencia nacional. altura del producto 23.50 cm, ancho del producto 7.00 cm, profundidad del producto 7.00 cm, volumen del producto 1151.5, diametro del producto 7.00 cm, ean 7898904869396, medidas 7.00x7.00x23.50, tipo de producto silicona, modelo alta temperatura, color rojo, material silicona, garantía por defecto de fabricación, procedencia nacional, país de origen china. . Es un adhesivo sellador tixotrópico monocomponente, bajo módulo, fungicida y de curado acético. Su curado sucede en temperatura ambiente y en la exposición a la humedad del aire.. No aplica. Modo de empleo: las superficies de aplicación deben ser limpiadas con alcohol o acetona, secas y firmes. No utilice queroseno o gasolina para la limpieza de las superficies. Aplique cinta de papel para proteger las áreas donde no desea aplicar la silicona. Corte la punta del cartucho y de la boquilla aplicadora en un ángulo de 45° con el tamaño y grosor deseados. Enrosque la boquilla en el cartucho aplicador y coloque en la pistola aplicadora. Aplique la silicona en el área deseada y haga el acabado. Importante: inmediatamente después de la aplicación de la silicona, retire la cinta de papel antes de que el adhesivo forme la película. Después del uso, mantenga la boquilla aplicadora en el cartucho y deje una pequeña cantidad de producto encima de la boquilla para formar un tapón. En el reuso, retire el tapón."
123872,"caja organizadora utilisima domo 34 -azul de la marca basa del area de organizacion y decoracion para los organizadores plasticos de la linea cajas plasticas (keepers) de procedencia nacional. altura del producto 28.50 cm, ancho del producto 24.50 cm, profundidad del producto 40.50 cm, volumen del producto 28279.125, ean 7755206022105, medidas 24.50x40.50x28.50, tipo de producto caja, modelo utilísima, color verde, material plástico, garantía por defecto de fabricación, procedencia nacional, país de origen perú. Práctica caja para organizar juguetes, ropa, accesorios, entre otros. Ubícalo en su habitación, cuarto de juegos o cualquier otro espacio de la casa.. Alta. Ideal para almacenar objetos de variada índole. Tapa hermética con aspas que facilitan el sellado y el transporte.. Materiales plásticos 100% virgen.. Mantener limpio y seco para evitar la acumulación de humedad y el eventual deterioro del producto."
161405,"ropero eco-120 1 puerta - bardolino blanco de la marca tuhome del area de muebles para los dormitorios de la linea closets rta de procedencia nacional. altura del producto 184.60 cm, ancho del producto 90.00 cm, profundidad del producto 47.30 cm, volumen del producto 785842.2, ean 7707062305007, medidas 90.00x47.30x184.60, tipo de producto ropero, modelo z-90, color blanco, material melamina, garantía 6 meses, procedencia nacional. Ropero Eco-120 1 Puerta Melamina Bardolino/Blanco. Disfruta de lo más nuevo que Promart.pe trae para ti.. Excelente estructura. Resistencia y durabilidad a su alcance.. Requiere Armado - No Incluye Servicio. Mantener limpio"
139237,"mazo de goma negro 60mm madera de la marca dexter del area de herramientas para los herramientas de mano de la linea martillos y combas de procedencia importado. acabado no aplica, altura del producto 34.00 cm, ancho del producto 13.00 cm, profundidad del producto 6.90 cm, volumen del producto 3049.8, ean 3276000431848, medidas 13.00x6.90x34.00, tipo de producto mazo, modelo 60 mm, color beige, material acero/madera/goma, garantía 10 años, procedencia importado, país de origen china. Promart trae para ti el martillo de goma que es adecuado para trabajos delicados sin dañar las superficies. Cuenta con un mango cómodo y fácil de agarrar.. Excelente calidad. Resistencia y durabilidad.. . Se utiliza en productos frágiles como la instalación de pisos de madera, vidrio, etc."
158128,"mueble cocina mod para microondas r/b 140 cm de la marca orange del area de cocina para los muebles de cocina de la linea muebles modulares basicos de procedencia nacional. acabado brillante, altura del producto 224.50 cm, ancho del producto 140.00 cm, profundidad del producto 63.00 cm, volumen del producto 1980090, ean 2000001581285, medidas 140.00x63.00x224.50, tipo de producto mueble, modelo mueble cocina mod p/microondas r/b 140 cm, color rojo, material mdp, garantía 1 año, procedencia nacional, país de origen brasil. . Atractivo Mueble de cocina con un Tablero melamínico de 25mm de espesor para mayor resistencia a los golpes, rayones, peso y de fácil limpieza. Nuestra linea de modulares presenta alternativas de colores en las puertas como Blanco, Rojo y Nogueira con acabamos en melamine y gloss presentando una elevada durabilidad y estética. Estructura altamente resistente a las polillas e hinchamiento. Diseñado y preparado para Adaptarse a tu espacio.. La altura de este mueble considera un espacio de 60cm entre un módulo bajo y uno alto. Atornillar los muebles a la pared de concreto para mayor seguridad, Ajustar las bisagras cada cierto tiempo ya que se desajustan por el mismo uso, No colocar productos calientes encima del tablero, para su limpieza utilizar paño microfibra."
136868,"sellador acrílico pintable x 300 ml de la marca soudal del area de pinturas para los pegamentos y adhesivos de la linea siliconas y aplicadores de procedencia nacional. altura del producto 23.00 cm, ancho del producto 5.00 cm, profundidad del producto 5.00 cm, volumen del producto 575, ean 5411183158832, medidas 5.00x5.00x23.00, tipo de producto masilla, modelo cartucho, color blanco, material masilla, garantía por defecto de fabricación, procedencia nacional, país de origen bélgica. Es un adhesivo de máxima calidad y con una alta viscosidad que facilita su aplicación.. Plastoelástico a base de acrílico silanizado.. . Aplicar directamente en superficie."
113063,"unión de barras 1"" madera blanco pack de 3 de la marca orange del area de organizacion y decoracion para los persianas y cortinas de la linea accesorios para cortinas de procedencia nacional. altura del producto 7.00 cm, ancho del producto 1.00 cm, profundidad del producto 1.00 cm, volumen del producto 7, diametro del producto 1.00 cm, ean 2000001130636, medidas 1.00x1.00x7.00, tipo de producto unión de barras, modelo 1"" pack x3, color blanco, material madera, garantía 1 año, procedencia nacional, país de origen perú. Unión para empalmar dos barras de madera. Son muy prácticos y fáciles de instalar. Ideal para barras con diámetros de 1"".La gran variedad de elementos de decoración que tiene Orange, permite que pueda adaptarse a diversos estilos de interiores. Decora tu hogar con un detalle sencillo y delicado, que permitirá embellecer cualquier ambiente.. Uniones de barras hechos de madera en su totalidad que sirve para juntar barras y así ampliar la longitud del mismo. Complemento de instalación de barras de cortina en caso quiera ampliar su longitud.. No requiere mantenimiento. Al momento de instalar asegurese de que el producto no esté roto o con cuerpos extraños alrededor."
141305,"panel led adosado 60x60 48w 60°k luz blanca de la marca luminika del area de iluminacion para los iluminación comercial de la linea paneles led de procedencia nacional. altura del producto 3.90 cm, ancho del producto 60.00 cm, profundidad del producto 60.00 cm, volumen del producto 14040, ean 7759138001993, medidas 60.00x60.00x3.90, tipo de producto panel led, modelo adosado, color blanco, material aluminio/acrílico, garantía 1 año, procedencia nacional, país de origen china. Ilumina tu negocio o tu hogar con este práctico Panel LED que te permitirá ahorrar energía y dinero en el recibo de luz.. Excelente iluminación. De fácil instalación.. . Asegurarse de una correcta instalación."
26656,"inst  sist levad ayacucho, huancayosalg de la marca sm del area de servicios para los servicios tienda de la linea servicios instalacion - tienda de procedencia nacional. ancho del producto 1.00 cm, volumen del producto 0, ean 2000000266565, color no aplica, garantía 1 año, procedencia nacional. . . . "
120087,"tubo sp 3"" c7.5 x 5m gris de la marca nicoll del area de gasfiteria para los tubos y conexiones de la linea acces y conec pvc des de procedencia nacional. profundidad del producto 5.00 m, volumen del producto 0, diametro del producto 7.62 cm, ean 7752373004590, tipo de producto tubo, modelo clase 7.5, color gris, material pvc-u, garantía 9 años, procedencia nacional. Ideal para instalaciones en cañerías sanitarias. Espesor mínimo de 3.2 mm.. Ideal para instalaciones en cañerías sanitarias. Espesor mínimo de 3.2 mm.. NTP 399.002. Verificar la medida de los productos a unir. Hacer mantenimiento cada cierto tiempo y limpiar para evitar el exceso de suciedad y obstrucciones indeseadas."
19531,"tubo de madera 32mmx1.20mts de la marca sm del area de ferreteria para los articulos para el mueblista de la linea tubo, perfil p/closet de procedencia nacional. acabado natural, altura del producto 120.00 cm, ancho del producto 3.20 cm, profundidad del producto 3.20 cm, volumen del producto 1228.8, diametro del producto 3.20 cm, ean 7752830001148, medidas 3.20x3.20x120.00, tipo de producto tubo, modelo redondo 32 mm, color marrón, material madera, garantía por defecto de fabricación, procedencia nacional, país de origen perú. Trabaja con lo mejor gracias a Promart, por eso te traemos el tubo de madera. Este producto es perfecto para todos los que piensan dar más espacio a sus roperos y aprovechar cada espacio, incluso si desean crear más divisiones en el closet.. Barra de madera natural, de 32 mm de diámetro.. Ideal para el uso en interiores, para instalar cortinas o como tubo de closet para colgar ropa, también para fabricar exhibidores de ropa para el área comercial, como estantes, percheros, colgadores, etc.. Tener en cuenta la mediada del tubo para utilizar los soportes adecuados. Se recomienda su uso en interiores. Pintar antes de su instalación."
155611,"a24 mesa de terraza noa vidrio ratan 80x80x66 de la marca naterial del area de aire libre y temporada para los terrazas de la linea muebles de terraza de procedencia importado. acabado no aplica, altura del producto 66.00 cm, ancho del producto 80.00 cm, profundidad del producto 80.00 cm, volumen del producto 422400, diametro del producto 0, ean 3276007087277, medidas 80.00x80.00x66.00, tipo de producto mesa, modelo de terraza, color gris, material metal/vidrio, garantía 2 años, procedencia importado, país de origen china. Disfruta de ricas comidas junto a tu familia con esta práctica mesa para terrazas o patios.. El tablero de la mesa es vidrio de impresión de 5 mm.. Este producto debe situarse sobre una superficie estable.. Mantenga el producto alejado de las llamas y de las fuentes directas de calor como los radiadores exteriores y las barbacoas."
136061,"ovalin circular para sobreponer padua bl de la marca vainsa del area de baños para los sanitarios de la linea ovalines de procedencia nacional. acabado vitrificado, altura del producto 15.40 cm, ancho del producto 36.00 cm, profundidad del producto 50.00 cm, volumen del producto 27720, ean 7756513015743, medidas 36.00x50.00x15.40, tipo de producto bowl, modelo padua, color blanco, material loza, garantía de por vida por defectos de fabricación, procedencia nacional, país de origen china. Redescubre la decoración de tu baño con este Ovalín fabricado con materiales de gran calidad destacará dentro de tu decoración.. Diseño y estilo que armoniza con la grifería. Fácil de instalar. Acabado de primera calidad.. . Limpiar con esponja suave, sin alambres."
126063,"dado 80 mm hex. enc 1"" de la marca bahco del area de herramientas para los herramientas de mano de la linea alicates y herramientas de corte de procedencia nacional. volumen del producto 0, ean 7314153013835, tipo de producto dado, garantía de por vida por defectos de fabricación, procedencia nacional, país de origen suiza. Para todos tus proyectos siempre podrás contar con los productos que te ofrece Promart.. . . Escoger el producto adecuado para el trabajo a realizar. Limpiar residuos luego de cada uso para conservar su efectividad."
151940,"piso turia arena 21.6x21.6 1.12 m2 de la marca san lorenzo del area de pisos y revestimientos para los pisos lisos de la linea ceramicos lisos de procedencia nacional. acabado mate, altura del producto 21.60 cm, ancho del producto 21.60 cm, profundidad del producto 0.72 cm, volumen del producto 335.9232, diametro del producto 0, ean 190014149465, medidas 21.60x0.72x21.60, tipo de producto piso, modelo turia, material arcilla, garantía 5 años, procedencia nacional, país de origen perú. Dale un toque distinto a tus pisos con este cerámico liso de alta calidad, atractivo diseño y de fácil instalación. Ideal para renovar la superficie tu sala o comedor.. Brinda un look moderno. Con un acabadomate. Sus patrones audaces y novedosos son perfectos para susbaños, cocinas y terrazas.. No aplica. Leer las indicaciones o instrucciones del producto para una correcta instalación. Colocar sobre superficie limpia, nivelada y seca. Limpiar periódicamente para evitar la adhesión de sustancias indeseadas. Uso de guantes para su instalación. Elegir el producto correcto según el ambiente a utilizar. Colocar sobre superficie lisa. Elegir el producto con el tránsito adecuado según el uso que le vaya a dar. Verificar antes de instalar que el producto sea del mismo tono y formato. Para su instalación adquirir un 10-20% adicional, según su diseño a instalar, y evitar faltantes."
143634,"comoda soho color madera de la marca tuhome del area de muebles para los dormitorios de la linea comodas rta de procedencia nacional. altura del producto 89.30 cm, ancho del producto 70.00 cm, profundidad del producto 35.00 cm, volumen del producto 218785, ean 7707062316911, medidas 70.00x35.00x89.30, tipo de producto cómoda, modelo soho, material melamina, garantía 3 meses, procedencia nacional, país de origen colombia. Promart trae para ti esta elegante cómoda con bonito diseño que destacará dentro de tu decoración.. Excelente estructura. Resistencia y durabilidad a su alcance.. . Limpiar con paño seco. Seguir las instrucciones de uso."
154167,"cocktail set cooper (cucharilla   medidor ) de la marca go barman del area de tendencias para los i&o de la linea cocina i&o de procedencia nacional. altura del producto 29.00 cm, ancho del producto 10.20 cm, profundidad del producto 4.60 cm, volumen del producto 1360.68, diametro del producto 0, ean 7757653000811, medidas 10.20x4.60x29.00, tipo de producto accesorios, modelo para cóctel, color no aplica, material acero inoxidable, garantía 1 año, procedencia nacional, país de origen perú. Set medidor + cuchara cóctel, perfecto para preparar tus tragos favoritos con todo el estilo Bartender.. Cucharilla de cóctel cobre: Este tipo de cuchara con mango largo se utiliza para mezclar y remover todo tipo de cócteles y bebidas. Medidor Japanese cobre: Es un dosificador de medidas utilizado en coctelería, imprescindible para preparar la mayoría de las recetas de cócteles.. No aplica.. Ideal para preparar cócteles."
150707,"llave estriada 2 bocas acodada 10 de la marca bahco del area de herramientas para los herramientas de mano de la linea llaves de procedencia nacional. altura del producto 0.70 cm, ancho del producto 1.50 cm, profundidad del producto 19.00 cm, volumen del producto 19.95, ean 7314151001223, medidas 1.50x19.00x0.70, tipo de producto llave, modelo 2m-10-11, color plata, material acero, garantía por defecto de fabricación, procedencia nacional, país de origen españa. Mayor vida útil de tuercas y tornillos con el perfil Dynamic Profile de 12 puntos. Acabado micromate cromado para una superficie de gran calidad. Acero aleado de alto rendimiento. Mejor accesibilidad. Lectura e identificación optimizadas con un marcado nítido. Disfruta de lo más nuevo que Promart.pe trae para ti.. Mayor vida útil de tuercas y tornillos con el perfil Dynamic Profile de 12 puntos. Acabado micromate cromado para una superficie de gran calidad. Acero aleado de alto rendimiento. Mejor accesibilidad. Lectura e identificación optimizadas con un marcado nítido.. Normas: ISO 1085, ISO 10104 y DIN 838.. Ideal para apretar cualquier tipo de tornillo."
133049,"salida lateral extendible para  fregadero 2 tarjas de la marca coflex del area de gasfiteria para los accesorios sanitarios de la linea trampas de procedencia nacional. altura del producto 40.00 cm, ancho del producto 25.00 cm, profundidad del producto 5.00 cm, volumen del producto 5000, ean 710631923851, medidas 25.00x5.00x40.00, tipo de producto tubería, modelo p-b9028p, color plata, material polipropileno, garantía 10 años, procedencia nacional, país de origen méxico. Es ideal para la instalación sanitaria de los lavatorios de tu casa. ¡Y son de fácil instalación con herramientas de uso cotidiano!. Temperatura de trabajo de 0° C a 90° C. Presión máxima hasta 5 PSI.. 10 años de garantía.. Asegurarse de una correcta instalación antes de su primer uso."
23723,"angulo pesado 3"" zinz x 2 und de la marca global trader del area de ferreteria para los articulos para el mueblista de la linea uniones para muebles de procedencia nacional. acabado zincado, tamaño del producto pequeño, volumen del producto 0, ean 7754417000278, tipo de producto ángulo, modelo pesado 3"", color plata, material acero, garantía por defecto de fabricación, procedencia nacional, país de origen perú. Las uniones para muebles son productos de excelente para los trabajos de armado y sostenimiento de bases de madera o metal para colocar las cosa en casa. Con su forma en ángulo de 90° posee un grosor y fuerza capaz de soportar y unir madera o metal de mayor tamaño y peso. Está hecho de hierro bañado en zinc.. Bajo nivel de corrosión.. . Se recomienda su uso en muebles y repisas de madera."
12622,"cable de poder 1.5m de la marca promatisa del area de electricidad para los tecnologia de la linea cables y cargadores de procedencia nacional. altura del producto 150.00 cm, volumen del producto 0, diametro del producto 0.70 cm, ean 2000001351277, tipo de producto cable, modelo no aplica, color negro, material pvc/cobre, garantía 1 año, procedencia nacional, país de origen perú. pEl Cable de Poder PVC/Cobre Promatisa Negro de 1.5 metros es la solución ideal para tus necesidades de conectividad eléctrica. Con un enchufe plano y línea a tierra incorporada, este cable ofrece versatilidad en la distancia y una excelente conectividad. Con una garantía de 1 año y fabricado con materiales de alta calidad como PVC y cobre, este cable asegura durabilidad y buen rendimiento. Recomendado para su uso con TVs, este cable eléctrico es seguro y confiable, pero recuerda siempre desconectar la corriente al instalarlo. Características del Cable de Poder PVC/Cobre Promatisa Negro 1.5m:ul liCable de alimentación eléctrica de 1.5 metros. liEnchufe plano con línea a tierra para mayor seguridad. liFabricado con PVC y cobre de alta calidad. liGarantía de 1 año para tu tranquilidad. liCompatible con TVs para una fácil conexión./ul. Cable de alimentación eléctrica cubierta de PVC y enchufe incorporado de salida plana con línea a tierra, permite versatilidad en la distancia y buena conectividad.. Buena calidad y mayor durabilidad.. Usar un adaptador de enchufe el el caso que no tenga tomacorrientes con línea a tierra."
105633,"i&o-pop up canteen de la marca avengers del area de cocina para los menaje de la linea menaje infantil de procedencia nacional. volumen del producto 0, ean 7754347606434, color no aplica, garantía 1 año, procedencia nacional. . . . "
23612,"felpudo nomad negro 60x40 de la marca 3m del area de organizacion y decoracion para los cubrepisos y felpudos de la linea felpudos de procedencia nacional. altura del producto 1.00 cm, ancho del producto 40.00 cm, profundidad del producto 60.00 cm, volumen del producto 2400, diametro del producto 0, ean 7750373001601, medidas 40.00x60.00x1.00, tipo de producto piso, modelo nomad, color negro, material vinilo, garantía por defecto de fabricación, procedencia nacional, país de origen china. Felpudo especialmente diseñado para atrapar la suciedad y humedad para proteger los ambientes interiores.. Tapete Felpudo hecho de 100% Vinilo en bucles para remover, atrapar y esconder grandes cantidades de suciedad. Cuenta con base o soporte antideslizante de Vinilo para proteger los pisos interiores. Hecho con la tecnología Nomad, propia de la marca.. Felpudo especialmente diseñado para atrapar la suciedad y humedad, de esta manera logramos proteger los ambientes interiores. Uso doméstico. Limpiar periódicamente para la remoción de sustancias indeseadas. Es necesario realizar mantenimiento diario que consiste en sacudir para remover cualquier partícula que haya quedado en la superficie y mantenimiento semanal que consiste en aspirar para remover cualquier partícula sólida que pudiera contener en el interior, además de lavar con agua y un jabón neutral para un lavado eficiente."
23217,"alambre thhn thwn 1w 12awg negro de la marca phelpsdodge del area de electricidad para los seguridad de la linea paneles solares de procedencia nacional. volumen del producto 0, ean 7754085001379, color no aplica, garantía 1 año, procedencia nacional. . . . "
15122,"electrobomba sumergi 0.85hp zxm1a/40 de la marca pedrollo del area de gasfiteria para los bombas de agua de la linea bombas sumergibles de procedencia nacional. altura del producto 37.80 cm, ancho del producto 17.80 cm, profundidad del producto 17.80 cm, volumen del producto 11976.552, ean 7754645000309, medidas 17.80x17.80x37.80, tipo de producto electrobomba, modelo zxm 1a/40, color no aplica, material hierro, garantía 1 año, procedencia nacional, país de origen italia. Proporciona una fuerza de elevación significativa, pues no depende de la presión de aire externa para hacer ascender el líquido, preferentemente de aguas turbias.. Protector térmico que se activa a los 60° de temperatura. Electrobomba volumétrica capaz de desarrollar una gran altura de elevación con potencias relativamente reducidas. Particularmente adecuada para aumentar la altura de elevación en las instalaciones domésticas.. Instalar en lugares protegidos del clima.. Verifique la coincidencia del voltaje de alimentación con el de la máquina. Leer las instrucciones de uso para una correcta instalación."
147517,"aplique exterior bovolone de la marca eglo del area de iluminacion para los iluminacion exterior de la linea apliques de exterior de procedencia nacional. altura del producto 34.00 cm, ancho del producto 15.50 cm, profundidad del producto 11.00 cm, volumen del producto 5797, ean 9002759972615, medidas 15.50x11.00x34.00, tipo de producto aplique, modelo bovolone, color negro, material acero galvanizado, garantía 1 año, procedencia nacional, país de origen austria. Promart tiene lo mejor en iluminación decorativa, y te ofrece el hermoso aplique exterior. Ideal para iluminar de forma elegante los ambientes exteriores.. Está formado por un cuerpo de metal galvanizado en color negro combinado con un cilindro de vidrio transparente. El cilindro ofrece una vista sin obstrucciones de la bombilla. La lámpara exterior es a prueba de salpicaduras (IP44) y se puede utilizar en exteriores con seguridad. El estilo moderno completa perfectamente su zona exterior.. Garantía de 2 años.. Instalar por un técnico especializado."
150231,"visicooler 1puerta vidrio 290l lg-290tc de la marca ventus del area de electro hogar para los linea blanca de la linea refrigeradoras de procedencia nacional. altura del producto 197.10 cm, ancho del producto 53.00 cm, profundidad del producto 56.00 cm, volumen del producto 584992.8, ean 2000001502310, medidas 53.00x56.00x197.10, tipo de producto vitrina, modelo lg-290tc, color negro, material acero, garantía 1 año, procedencia nacional. Conserva tus alimentos por más tiempo con la visicooler que Promart.pe trae para ti.. Temperatura de trabajo 0-10°C. Con luz LED incorporada. Sistema ajustable de temperatura interior portermostato. Puerta de doble panel de vidrio abatible. Base con patines regulables. Repisas regulables. Fleje para precio. Cenefa iluminada.. . Ideal para exhibicio?n en comercios como bodegas y minimarkets, para refrigeracio?n, mantencio?n de productos envasados, bebidas, jugos , etc."
64937,"llana ultra delgada 12""x4"" de la marca werken del area de herramientas para los herramientas de mano de la linea espatulas de procedencia importado. altura del producto 9.00 cm, ancho del producto 10.00 cm, profundidad del producto 30.30 cm, volumen del producto 2727, ean 2000000649375, medidas 10.00x30.30x9.00, tipo de producto llana, modelo gspe058, color plata, material metal/plástico, garantía 1 año, procedencia importado, país de origen china. Especial para realizar trabajos de acabado de embaldosado.. Herramienta de base metálica lisa y rectangular.  De fácil agarre y uso. Ideal para realizar trabajos de construcción.. Producto no es inoxidable. Resistentes a solventes. Producto punzo cortante.. Mantener el producto en un lugar limpio y ventilado, lejos de humedad. Enjuagar siempre después de utilizar. Almacenar la herramienta lubricada, si es por largo tiempo."
145792,"lentes para láser verde de la marca bosch del area de herramientas para los seguridad industrial de la linea protectores visuales y auditivos de procedencia nacional. altura del producto 5.70 cm, ancho del producto 5.10 cm, profundidad del producto 17.20 cm, volumen del producto 500.004, ean 3165140617550, medidas 5.10x17.20x5.70, tipo de producto lentes, modelo para visión láser professional, color negro, material plástico, garantía 6 meses, procedencia nacional, país de origen taiwan. Usar lentes de seguridad es requisito indispensable en diferentes tipos de trabajos debido a que protegen los ojos del usuario de objetos, químicos, agua o radiación.. Facilita el trabajo incluso en condiciones de luz desfavorables. Adecuado para GRL 300 HVG Professional.. . Ajustar correctamente a su rostro."
86172,"sikalastic fleece 120 de la marca sika del area de pinturas para los productos para resanar de la linea impermeablizantes de procedencia nacional. volumen del producto 0, ean 7612894436402, color blanco, garantía 1 año, procedencia nacional. . . . "
145019,"set alfombras quick fit pvc negro 3pzs de la marca simoniz del area de herramientas para los automotriz de la linea accesorios y prod. de seguridad para el automovil de procedencia nacional. altura del producto 82.00 cm, ancho del producto 54.00 cm, profundidad del producto 6.00 cm, volumen del producto 26568, ean 7702155823888, medidas 54.00x6.00x82.00, tipo de producto alfombras, modelo quick fit, color negro, material pvc, garantía 3 meses, procedencia nacional, país de origen china. Altamente duradero y adecuado para todas las estaciones. Ideal para proteger el piso de tu carro.. Facil lavado. Excelente calidad. Resistencia y durabilidad.. . Ideal para colocar dentro de su auto y cuidar su tapicería."
151283,"i&o-set x 2 mugs negro para cóctel de la marca go barman del area de tendencias para los i&o de la linea cocina i&o de procedencia nacional. altura del producto 9.00 cm, ancho del producto 8.50 cm, profundidad del producto 8.50 cm, volumen del producto 650.25, diametro del producto 8.50 cm, ean 7757653000521, medidas 8.50x8.50x9.00, tipo de producto mug, modelo para cóctel 2 unidades, color negro, material acero, garantía 1 año, procedencia nacional, país de origen perú. Promart piensa en todas tus necesidades y te brinda productos de excelente calidad para cada una de ellas. Hoy pone a tu disposición un bonito mug para que disfrutes de tus bebidas favoritas.. Fabricados en materiales de gran calidad combinando el acero inoxidable y el cobre en un diseño novedoso y elegante. Capacidad de 500 ml.. No aplica. Ideal para servir cócteles."
133453,"taladro de banco 32mm 2hp de la marca kaili del area de herramientas para los herramientas electricas estacionarias de la linea taladros de banco de procedencia nacional. altura del producto 35.00 cm, ancho del producto 65.00 cm, volumen del producto 0, ean 2000003607334, tipo de producto taladros de banco, modelo no aplica, color azul, material acero, garantía 06 meses por defectos de fabricación, procedencia nacional. Taladro de banco fabricado en acero resistente. Interruptor de encendido y apagado.. 2HP/32 mm. Máquina estacionaria que puede montarse sobre una mesa de trabajo o directamente sobre el piso. Manivela de giro. Chuck intercambiable. Mesa regulable de trabajo. Poleas ajustables para regular la velocidad. Interruptor de encendido y apagado.. . Ideal para talleres, industrias pequeñas o incluso en el hogar."
26574,"trabajos especiales pisos de la marca sm del area de servicios para los servicios tienda de la linea servicios instalacion - tienda de procedencia nacional. ancho del producto 1.00 cm, volumen del producto 0, ean 2000000265742, color no aplica, garantía 1 año, procedencia nacional. . . . "
31818,"repuesto de la mopa del balde escurridor autom plu de la marca sm del area de limpieza para los herramientas para pisos y superficies de la linea paños para pisos de procedencia importado. altura del producto 5.00 cm, ancho del producto 20.00 cm, profundidad del producto 20.00 cm, volumen del producto 2000, ean 2000000318189, medidas 20.00x20.00x5.00, tipo de producto repuesto, modelo del balde escurridor automático plus, color blanco, material algodón, garantía 1 año, procedencia importado, país de origen china. Deja tu hogar reluciente con el repuesto de mopa del balde escurridor automático plus que ofrece la tienda Promart, el cual hará que los pisos de tu hogar estén más brillantes.. Repuesto hecho de algodón en su totalidad, ideal para Mopa del balde escurridor automático, muy fácil de colocar gracias al circulo plástico que sirve para enganchar al mango. Altamente absorbente, de fácil reemplazo y lavable.. Previo a la compra, verificar para que superficie será usado el repuesto, Ideal para el trapeado y limpieza de diversas superficies de la casa. Lista para usar al instante.. Para su limpieza hacerlo con detergente o jabón líquido refregando hasta quitar la suciedad, enjuagar con abundante agua y dejarlo secar para usarlo de nuevo."
19111,"lampara escritorio mt1003b morada 1 luz 60w de la marca everlux del area de iluminacion para los iluminacion decorativa de la linea lamparas escritorio de procedencia nacional. volumen del producto 0, ean 2000000191119, color no aplica, garantía 1 año, procedencia nacional. . . . "
164002,"i&o-planta suspendida patri altura 50 cm de la marca atmosphera del area de jardin para los deco jardin de la linea plantas artificiales de procedencia importado. altura del producto 47 cm, ancho del producto 14 cm, profundidad del producto 14 cm, volumen del producto 9212, ean 3560233008626, medidas 14x14x47, tipo de producto planta, modelo 206530, color verde, material poliestireno, garantía por defecto de fabricación, procedencia importado, país de origen china. . . . "
36233,"detergente floral 2.6 kg de la marca opal del area de limpieza para los detergentes  jabones y suavizantes de la linea detergentes en polvo de procedencia nacional. volumen del producto 0, ean 7750243032414, color no aplica, garantía 1 año, procedencia nacional. . . . "
16280,"laca piroxilina blanca 1/4 gl de la marca paracas del area de pinturas para los esmaltes, barnices y solventes de la linea lacas, barnices y preservantes de procedencia nacional. altura del producto 12.50 cm, ancho del producto 10.50 cm, profundidad del producto 10.50 cm, volumen del producto 1378.125, ean 7750412000220, medidas 10.50x10.50x12.50, tipo de producto laca, modelo piroxilina, color blanco, material otros, garantía 1 año, procedencia nacional, país de origen perú. Dale el mejor acabado a tus muebles, pisos o cualquier otra pieza de madera con la Laca Piroxilina de Paracas que tiene un gran rendimiento y pigmentos resistentes a la luz.. Producto de primera calidad a base de nitrocelulosa y pigmentos seleccionados usado para el pintado de muebles y tambien en el repintado automotriz economico.. La pistola a usar para la aplicación de la laca se debe encontrar en buen estado.. La superficies deberán estar secas, lijadas y bien limpias, libres de polvo, grasas, aceites y todo tipo de impurezas."
127550,"supermate antibacterial nuevo blanco ostra 4 lt de la marca vencedor del area de pinturas para los pinturas al latex de la linea latex premium de procedencia nacional. acabado mate, altura del producto 19.50 cm, volumen del producto 0, diametro del producto 17.50 cm, ean 2000001275504, tipo de producto pintura, modelo supermate triple acción, color blanco, garantía por defecto de fabricación, procedencia nacional, país de origen perú. Renueva los ambientes de tu casa con la pintura Latex Premium con tecnología Bioplus inhibe la formación de colonias de bacterias y hongos sobre la superficie pintada.. Posee tecnología Bioplus, inhibe la formación de colonias de bacterias y hongos sobre la superficie pintada. Mayor durabilidad, fácil limpieza y uso multi superficies. Antibacterial, antihongos y antimanchas. Secado alto. No contiene metales pesados como plomo, mercurio ni cromo en su formulación. Otorga alta blancura y alto poder cubriente. Posee muy buena brochabilidad y nivelación. Temperatura entre 10 a 50°C. Humedad relativa entre 50% a 85%.. . Se garantiza buena estabilidad en almacenamiento hasta por 12 meses, si se almacena bajo techo y en envase lleno y cerrado. La superficie a pintar debe estar libre de sales, suciedad, grasa, aceite, pintura suelta, humedad y cualquier otro material extraño. La brocha o rodillo a usar para la aplicación de la pintura, se deben encontrar limpias y en buen estado. Destape el envase de pintura y mediante una paleta agítela hasta homogenizarla. Agregue agua potable hasta que la pintura se pueda aplicar sin defectos. Así, para brocha o rodillo, diluir 1 volumen de agua por 4 volúmenes de pintura. Aplique una capa delgada y uniforme, no recargar demasiado. 6. Después de 4 horas de secado, aplique la 2da. mano usando las mismas diluciones de la primera mano."
156769,"adorno de árbol estrella 8 puntas 13cm c.dorada de la marca orange del area de tendencias para los navidad de la linea adornos y decorativos de procedencia importado. altura del producto 13.00 cm, ancho del producto 13.00 cm, profundidad del producto 13.00 cm, volumen del producto 2197, ean 2000001567692, medidas 13.00x13.00x13.00, tipo de producto adorno, modelo 56qyz220831, color oro, material plástico, garantía 1 año, procedencia importado, país de origen china. Ajuste perfecto para la decoración de tu árbol en esta navidad. También es un perfecto regalo de navidad para tu familia y amigos.. . . "
133163,"jug. escobilla ruedas 6 pcs de la marca kamasa del area de herramientas para los herramientas de mano de la linea cepillos, formones y limas de procedencia nacional. altura del producto 50.00 cm, ancho del producto 22.00 cm, profundidad del producto 1.00 cm, volumen del producto 1100, ean 2000003650606, medidas 22.00x1.00x50.00, tipo de producto escobilla, modelo no aplica, color oro, material acero, garantía 06 meses por defectos de fabricación, procedencia nacional. Se usa para pulir, quitar oxido de metales, remover pintura y dejar la superficie lista para ser pintada o utilizada de cualquier manera, puede ser usada tanto en el hogar como uso profesional.. Juego de escobillas para taladro. Agarre central para taladro.. . Se usa para pulir, quitar oxido de metales, remover pintura y dejar la superficie lista para ser pintada o utilizada de cualquier manera."
143903,"escritorio singapur 130 duna de la marca tuhome del area de muebles para los oficinas de la linea escritorios rta de procedencia nacional. altura del producto 72.50 cm, ancho del producto 130.00 cm, profundidad del producto 120.00 cm, volumen del producto 1131000, ean 7707062360228, medidas 130.00x120.00x72.50, tipo de producto escritorio, modelo singapur 130, color beige, material melamina, garantía 3 meses, procedencia nacional. pEl Escritorio Melamina Tuhome Singapur 130 Duna en L combina excelente calidad, resistencia y durabilidad en un diseño cómodo y funcional. Con dimensiones de 130 cm de ancho y 120 cm de profundidad, este escritorio en forma de L es ideal para áreas compartidas adaptadas. Perfecto para uso interior en hogares u oficinas, este mueble fijo ofrece comodidad y funcionalidad. Su estructura de madera y material de melamina garantizan su durabilidad. Incluye manual de armado para una fácil instalación. Características del Escritorio Melamina Tuhome Singapur 130 Duna en L:ul liDiseño en forma de L para mayor espacio de trabajo. liMaterial de melamina de alta calidad. liDimensiones: 130 cm de ancho y 120 cm de profundidad. liEstructura de madera resistente. liIdeal para áreas compartidas adaptadas./ul. Excelente calidad. Resistencia y durabilidad a su alcance.. . Limpiar con paño seco. Colocar en superficies totalmente planas."
152797,"anillo 450mm alcantarillado uf-km c.naranja de la marca tuboplast del area de gasfiteria para los tubos y conexiones de la linea acces y conec pvc ro de procedencia nacional. altura del producto 6.00 cm, ancho del producto 45.00 cm, profundidad del producto 45.00 cm, volumen del producto 12150, diametro del producto 45.00 cm, ean 2000001527979, medidas 45.00x45.00x6.00, tipo de producto anillo, modelo uf-km, color naranja, material pvc-u, garantía por defecto de fabricación, procedencia nacional, país de origen perú. . Fabricado con resina 100% virgen. Excelente calidad. Resistencia y durabilidad.. Norma técnica y con respaldo de la triple certificación internacional: ISO 9001, ISO 14001 y ISO 45001.. Asegurarse de una conexión adecuada."
152184,"mueble multiuso new diamante de la marca kits parana del area de cocina para los muebles de cocina de la linea muebles multiuso de procedencia importado. acabado liso, altura del producto 83.50 cm, ancho del producto 60.80 cm, profundidad del producto 38.80 cm, volumen del producto 196979.84, diametro del producto 0, ean 7893726677792, medidas 60.80x38.80x83.50, tipo de producto mueble, modelo new diamante, color blanco, material mdp, garantía 06 meses por defectos de fabricación, procedencia importado, país de origen brasil. Diseño moderno. Pintura UV texturizado. Disfruta de lo más nuevo que Promart.pe trae para ti.. Diseño moderno. Pintura UV texturizado.. No aplica. Limpiar con paño seco o húmedo con producto neutro."
18743,"fluorescente recto 75w/t12/dl de la marca sylvania del area de iluminacion para los iluminación comercial de la linea fluorescentes de procedencia nacional. volumen del producto 0, ean 7702048296720, color no aplica, garantía 1 año, procedencia nacional. . . . "
151526,"terma instantanea new sense pro de la marca rotoplas del area de baños para los termas y calentadores de la linea rapiducha de procedencia nacional. tamaño del producto moderado, altura del producto 30.00 cm, ancho del producto 18.20 cm, profundidad del producto 6.00 cm, volumen del producto 3276, diametro del producto 0, ean 7753745002503, medidas 18.20x6.00x30.00, tipo de producto terma, modelo new sense pro, color gris, material abs, garantía 2 años, procedencia nacional, país de origen china. Disfruta de agua caliente en tu hogar y olvídate completamente del agua fría en invierno con esta terma eléctrica que Promart trae para ti.. Pantalla digital. Manguera cromada. Ingreso de agua fría. Salida de agua caliente. Regadera. Sujetador de regadera. Jabonera. Solución compacta con tecnología, que asegura el calentamiento de agua instantáneo en 3-5 seg ayudando a un mayor ahorro de tiempo, electricidad y agua. Encendido con bajo caudal y la presión de agua no es relevante para su funcionamiento. Seguridad Total: Seis niveles de seguridad ofreciendo protección para las personas y el producto. Termostato de seguridad: Protección contra sobrecalentamiento de 55°. Controles Touch On/Off, temperatura grado a grado y funciones. Diseño elegante y compacto.. Garantía de 2 años.. Leer el manual antes de usar el producto."
19871,"rodo paso gris (tapa) x 2.40 mt nefusa de la marca nefusac del area de pisos y revestimientos para los cortadoras y accesorios de la linea cubrejuntas de procedencia nacional. tamaño del producto moderado, altura del producto 1.00 cm, ancho del producto 240.00 cm, profundidad del producto 8.00 cm, volumen del producto 1920, ean 7752421000116, medidas 240.00x8.00x1.00, tipo de producto cubrejuntas, modelo rodo paso gris (tapa), color gris, material pvc, garantía 1 año, procedencia nacional, país de origen perú. Tapa para perfil antideslizante especialmente diseñada para la seguridad y protección; de este modo, aseguramos el bienestar de nuestra familia y cuidado de la base de la escalera del hogar. Un excelente producto que vela por el revestimiento cerámico de impactos y adhiere valor estético al ambiente, ya que funciona de modo que, logra hacer pasar desapercibido las bases que se puedan hallar expuestas.. Para perfil antideslizante. Revestimiento para cerámico. Larga duración y fácil instalación.. Complemento de rodopaso base. Utilizar un pegamento de contacto para adherirlos. No limpiar con productos abrasivos."
71411,"fragua porcelanato stone gris claro x 1 kg de la marca chema del area de pisos y revestimientos para los pegamentos y fraguas de la linea fraguas de procedencia nacional. altura del producto 29.00 cm, ancho del producto 19.00 cm, profundidad del producto 2.00 cm, volumen del producto 1102, ean 7750278004950, medidas 19.00x2.00x29.00, tipo de producto fragua, modelo porcelanato, color gris, material cemento, garantía 1 año, procedencia nacional, país de origen perú. Ideal para el fraguado de juntas de porcelanato. Es altamente impermeable y permite fraguar juntas de hasta 3 mm de espesor.. Es un producto cementico que ayuda al relleno de las juntas de porcelanato, evitando que se formen los hongos y también el ingreso de agua. Porcelana Chema esta formulado con finos polímeros y aditivos, con propiedades de alta resistencia. Producto con mayor difusión para justas especiales de 1 mm.. Respetar la cantidad de dosificación en la mezcla de fragua.. Leer las indicaciones de uso del producto para obtener un buen resultado. Mantener en un lugar libre de humedad y del sol. Almacenar el producto bajo sombra y ambientes ventilados. Colocar en una superficie de cartón o lejos del suelo. Preparar la porcelana con la misma cantidad de agua, variar la dosis podría generar distintas tonalidades. Es importante realizar un buen curado para evitar problemas de contracción."
162081,"papelera redond metal con pedal 5 lt negro orange de la marca sm del area de baños para los organizacion de baño de la linea tachos de procedencia importado. acabado mate, altura del producto 26.50 cm, ancho del producto 20.50 cm, profundidad del producto 20.50 cm, volumen del producto 11136.625, ean 2000001620816, medidas 20.50x20.50x26.50, tipo de producto papelera, modelo redond, color negro, material hierro, garantía 06 meses por defectos de fabricación, procedencia importado, país de origen china. Promart trae para ti la papelera con diseño compacto que te ayudará a almacenar los desperdicios.. . . "
160524,"i&o-candado cobre sólido 40mm con grillete de la marca kwikset del area de ferreteria para los chapas y cerrajeria de la linea candados de procedencia importado. acabado no aplica, altura del producto 2.15 cm, ancho del producto 9.30 cm, profundidad del producto 15.10 cm, volumen del producto 301.9245, ean 883351809504, medidas 9.30x15.10x2.15, tipo de producto candado, modelo standard, color plata, material bronce, garantía 06 meses por defectos de fabricación, procedencia importado, país de origen china. Candado de gran calidad que puede ser utilizado en interiores y exteriores.. . . No limpiar con productos abrasivos"
145305,"válvula de parada  32mm 1""  ppr-c  de la marca firat del area de gasfiteria para los tubos y conexiones de la linea acces y conec tricapa de procedencia nacional. altura del producto 5.65 cm, ancho del producto 9.40 cm, profundidad del producto 3.20 cm, volumen del producto 169.952, ean 2000001453056, medidas 9.40x3.20x5.65, tipo de producto válvula, modelo de parada, color verde, material polipropileno, garantía por defecto de fabricación, procedencia nacional, país de origen turquía. . De excelente calidad. Resistencia y durabilidad.. Accesorio en PPR cuenta con las normas TS 9937, TSEN ISO 15874, DIN 8077, DIN 8078. El accesorio en PPR tiene una vida útil mínima de 50 años cuando se utilizan bajo valores adecuados de trabajo y temperatura.. Emplear las herramientas y accesorios necesario para la instalación del producto."
130264,"cama su majestad   queen - chocolate de la marca paraiso del area de muebles para los dormitorios de la linea camas y auxiliares de dormitorio de procedencia nacional. altura del producto 63.00 cm, ancho del producto 152.00 cm, profundidad del producto 203.00 cm, volumen del producto 1943928, ean 2000001302644, medidas 152.00x203.00x63.00, tipo de producto cama, modelo su majestad, color marrón, garantía 9 años, procedencia nacional. pRenueva tu dormitorio con la elegancia y comodidad de la Cama Paraiso Su Majestad Queen Chocolate. Con tecnología de resortes Cosisoft que brinda estabilidad y soporte, garantizando un descanso reparador. Esta cama de alta calidad, con garantía de 9 años para el colchón y 5 años para la tarima, te ofrece un espacio de descanso único. Descubre el confort de sus 2 almohadas viscoelásticas cervicales y protector incluidos. h2Características de la Cama Paraiso Su Majestad Queen Chocolate: ul  liTecnología de resortes Cosisoft para estabilidad y soporte.  liGarantía de 9 años para el colchón y 5 años para la tarima.  liIncluye 2 almohadas viscoelásticas cervicales y 1 protector.  liMaterial de relleno de espuma para mayor confort.  liDimensiones: 152 cm de ancho, 203 cm de profundidad y 63 cm de altura.ul. Con tecnología de resortes Cosisoft, que ofrece una mayor estabilidad y buen soporte durante el descanso.. 9 años para colchón y 5 años para tarima. Ventile el colchón regularmente. Es aconsejable ventilar 5 o 10 minutos al día antes de empezar a hacer la cama, sacudiendo la ropa. Utilice una buena base. La base debe cubrir al menos el 60% de la superficie del colchón. Utilice siempre una funda. Gire el colchón. Aspire el colchón."
29433,"valvula de descarga op advance de la marca trebol del area de gasfiteria para los accesorios sanitarios de la linea accesorios sanitarios de procedencia nacional. volumen del producto 0, ean 7750575078982, color no aplica, garantía 3 años, procedencia nacional. . . . "
10728,"aspiradora biovac 1420 aguafilter de la marca thomas del area de electro hogar para los equipos de limpieza de la linea aspiradoras y lustradoras de procedencia nacional. altura del producto 47.00 cm, ancho del producto 34.00 cm, profundidad del producto 34.00 cm, volumen del producto 54332, diametro del producto 34.00 cm, ean 4005435105142, medidas 34.00x34.00x47.00, tipo de producto aspiradora, modelo th 1420 biovac, color azul, material plástico, garantía 2 años, procedencia nacional, país de origen china. Comodidad y efectividad. Ideal para mantener limpia tus habitaciones y llegar a los rincones más difíciles.. Motor ventilado (intercooler) ecológico. Aspira polvo y agua. Destapa lavaplatos. Sistema filtro de agua. Motor de alto rendimiento.. Garantía de 5 años.. Apague primero el aspiradora pulsando el control de la carcasa antes de desenchufarlo de la red. Desconecte el cable de la toma de corriente sujetándolo por el enchufe antes de proceder a la limpieza del filtro y la bolsa. El enchufe macho debe retirarse del enchufe hembra antes de proceder a la limpieza o mantenimiento del dispositivo. Si el aspiradora no funciona correctamente, apáguelo y consulte al servicio técnico. En caso de que el cable de alimentación esté dañado, el fabricante o su servicio técnico o persona cualificada para ello deberá sustituirlo con el fin de evitar cualquier peligro."
29862,"aceite lustramueble rojo 220 ml de la marca premio del area de limpieza para los limpiadores y desinfectantes de la linea limpiadores especializados de procedencia nacional. altura del producto 22.50 cm, ancho del producto 7.00 cm, profundidad del producto 4.00 cm, volumen del producto 630, ean 7751851443241, medidas 7.00x4.00x22.50, tipo de producto aceite, modelo lustramueble rojo, color rojo, material otros, garantía 1 año, procedencia nacional, país de origen perú. Conserva el buen estado de los muebles de tu hogar con este excelente aceite Lustra Mueble. Un producto con capacidad de restauración, y agradable aroma a almendra. Ideal para mantener protegida la madera de tus muebles ante todo tipo de exposición.. . Mantener fuera del alcance de los niños.. "
91391,"espejo royal 50x69cm de la marca sm del area de baños para los muebles de baño de la linea espejos de baño de procedencia nacional. acabado brillante, tamaño del producto moderado, altura del producto 69.00 cm, ancho del producto 50.50 cm, profundidad del producto 1.80 cm, volumen del producto 6272.1, ean 2000000913919, medidas 50.50x1.80x69.00, tipo de producto espejo, modelo royal, color marrón, material mdp/vidrio, garantía 1 año, procedencia nacional, país de origen perú. Renueva la decoración de tu baño. Un moderno espejo ayudará a darle a este espacio mayor frescura y vitalidad.. Espejo para baño de vidrio tipo espejo con bordes de aglomerado MDP en acabado melamínico, el cuerpo se compone de 1 solo espejo con bordes rectos, en la parte trasera viene con soporte de acero para poder colgarlo en la pared.. Se recomienda comprar fijaciones tipo alcayata y tarugos para adosar el producto, Verificar que la pared donde se vaya a instalar no esté desnivelada. Profundidad del espejo incluye soporte de acero pegado en la parte posterior. Producto Frágil. Limpiar periódicamente a fin de evitar la adhesión de sustancias que puedan deteriorar el producto, se recomienda hacer limpieza con limpiavidrios o una solución de agua + jabón, aplicando con una esponja o paños de poliseda o microfibra. Mantener el producto siempre seco."
115447,"juego de asado 2 pzas de la marca tramontina del area de cocina para los menaje de la linea utensilios, cuchillos,cubiertos y reposteria de procedencia nacional. altura del producto 31.90 cm, ancho del producto 9.50 cm, profundidad del producto 1.80 cm, volumen del producto 545.49, ean 7891112229235, medidas 9.50x1.80x31.90, tipo de producto utensilios, modelo athus, color blanco, material acero/plástico, garantía por defecto de fabricación, procedencia nacional, país de origen brasil. El respeto también se conquista a punta de cuchillo. Pero, calma, estamos hablando de la línea de cuchillos y tenedores trinchantes especiales para asado. Tramontina tiene un modelo para cada etapa de preparación: desde la limpieza de los cortes hasta la hora de servir la carne ya asada.. Set de Utensilios de cocina, cuenta con un trinche y un cuchillo hechos de acero inoxidable con mango de plástico ergonómico. Almacenar en lugar limpio fresco y seco.. Antes del primer uso lavar y secar. Limpiar el producto siempre antes de cada uso, se puede lavar con lavavajillas y enjuagando con agua."
134345,"ropero oslo 4 puertas maple de la marca orange del area de muebles para los dormitorios de la linea closets rta de procedencia importado. acabado pintura uv, altura del producto 212.00 cm, ancho del producto 135.00 cm, profundidad del producto 47.00 cm, volumen del producto 1345140, ean 7895155942762, medidas 135.00x47.00x212.00, tipo de producto ropero, modelo oslo, color marrón, material mdp, garantía 1 año, procedencia importado, país de origen brasil. Cuenta con un moderno diseño para ayudarte a organizar tu ropa y decorar tu habitación. ¡No esperes más y disfruta de muebles de calidad con Promart Homecenter!. Excelente calidad. Distribuición interna. Producto funcional.. Mueble Fijo, no es necesario adosarlo ni empotrarlo a la pared. Estructura llega hasta el piso. Instalar en una superficie 100% plana. Las medidas del mueble pueden variar hasta en 1 cm.. Instalar en una superficie 100% plana. Limpiar con un paño seco o húmedo. No es necesario el uso de abrillantador y/o cera para su mantenimiento."
156395,"piso 45x45 boston marfil 2.08 de la marca san lorenzo del area de pisos y revestimientos para los pisos cementicio de la linea ceramico cementicio de procedencia nacional. acabado texturizado, altura del producto 45.00 cm, ancho del producto 45.00 cm, profundidad del producto 0.75 cm, volumen del producto 1518.75, diametro del producto 0, ean 190014148758, medidas 45.00x0.75x45.00, tipo de producto piso, modelo boston, color beige, material arcilla, garantía 5 años, procedencia nacional, país de origen perú. Piso Cerámico Cementicio Boston Marfil 45x45cm 2.08m2 San Lorenzo. Las cerámicas rústicas se pueden usar en una variedad de aplicaciones con el fin de crear o complementar un estilo de diseño rústico y clásico. Sus colores y acabados irregulares están fuertemente inspirados en la naturaleza y proporcionan un complemento eficaz a los diseños modernos.. Para su instalación adquirir un 10-20 % adicional según su diseño a instalar, para evitar faltantes.. Leer la indicaciones o instrucciones del producto para una correcta instalación. Colocar sobre superficie limpia, nivelada y seca. Limpiar periódicamente para evitar la adhesión de sustancias indeseadas. Verificar antes de instalar que el producto sea del mismo tono y formato."
133336,"desarmador plano con m/goma  en acero 6x100mm de la marca kamasa del area de herramientas para los herramientas de mano de la linea desarmadores de procedencia nacional. altura del producto 21.50 cm, ancho del producto 2.00 cm, profundidad del producto 2.00 cm, volumen del producto 86, ean 2000003550692, medidas 2.00x2.00x21.50, tipo de producto desarmador, modelo no aplica, color negro, material acero, garantía 06 meses por defectos de fabricación, procedencia nacional. Desarmador que asegura un mejor agarre por parte del usuario.. Mango plástico para mayor durabilidad. Excelente presición.. . Ideal para apretar y aflojar tornillos y otros elementos de máquinas que requieren poca fuerza de apriete y que generalmente son de diámetro pequeño."
109734,"lavadora gpl-cyberdrum17 17 kg inox de la marca daewoo del area de electro hogar para los linea blanca de la linea lavadoras / secadoras de procedencia nacional. volumen del producto 0, ean 2000001097342, color no aplica, garantía 1 año, procedencia nacional. La Lavadora GPLCYBERDRUM 17 kg de Daewoo dejará tu ropa libre de suciedad y de manchas.Su sistema de lavado cuenta con aeroburbujas Air Bubble 4D que permite sacar las manchas más dificiles, ya que penetra hasta el tejido más profundo, lo que garantiza un perfecto lavado.. . . "
138533,"maceta redonda estilo piedra 14x13 cm con plato de la marca reyplast del area de jardin para los deco jardin de la linea macetas de procedencia nacional. altura del producto 13.50 cm, ancho del producto 14.00 cm, profundidad del producto 14.00 cm, volumen del producto 2646, diametro del producto 13.40 cm, ean 7750062019405, medidas 14.00x14.00x13.50, tipo de producto maceta, modelo redonda, color aleatorio, material plástico, garantía 1 año, procedencia nacional, país de origen perú. Maceta decorativa que tiene un bonito diseño. Esta maceta lucirá muy bien en jardines, hogares o terrazas.. Con ligera conicidad y acabado que simula una piedra tallada. Capacidad de 13 l.. Media del plato: 3x12.3x12.3 cm. Ideal para colocar las plantas. Colocar en una superficie plana."
15271,"soporte lateral 7"" negro de la marca ducasse del area de organizacion y decoracion para los repisas y estanterias de la linea soportes metalicos de procedencia nacional. altura del producto 6.50 cm, ancho del producto 1.60 cm, profundidad del producto 25.00 cm, volumen del producto 260, ean 7805738240727, medidas 1.60x25.00x6.50, tipo de producto soporte, modelo lateral, color negro, material metal, garantía 1 año, procedencia nacional, país de origen chile. Soporte de líneas innovadoras brindando la mejor estética para tu decoración en casa. El soporte lateral es un modelo sencillo pero fuerte para poder instalarlo hacia arriba o hacia abajo. Esta hecho de acero y posee con un recubrimiento de pintura epóxica brillante con resistencia al óxido y rayaduras. Disponible en Promart.. Soporte lateral para repisa hecho de metal pintado. Cuenta con 2 lados, uno para fijar a la pared y el otro para fijar la repisa, ambos extremos tienen perforaciones para colocar los tornillos y así adosar la escuadra.. Es necesario comprar kit de fijación (tornillos y tarugos) para adosar el soporte a la pared, solo se puede fijar en paredes de material noble, madera o una superficie solida. Revisar que la pared esté nivelada.. Limpiar en seco con un paño de microfibra o poliseda, también puede utilizar limpiavidrio o una solución de agua y jabón"
154128,"ventilador de aire tipo torre 76cm de la marca sole del area de electro hogar para los climatizacion de la linea ventiladores domesticos de procedencia nacional. altura del producto 76.00 cm, ancho del producto 24.50 cm, profundidad del producto 24.50 cm, volumen del producto 45619, diametro del producto 0, ean 7756514013298, medidas 24.50x24.50x76.00, tipo de producto ventilador, modelo solair019, color blanco, material plástico, garantía 1 año, procedencia nacional, país de origen china. p!Versatilidad y comodidad con el Ventilador de Aire Tipo Torre de 76 cm! Este ventilador de torre de 76 cm ofrece un rendimiento excepcional con tres modos de funcionamiento: ventilador estándar para un flujo constante, viento natural para una sensación más orgánica y modo Sleep para noches frescas y tranquilas. Con la función oscilante, garantiza una distribución uniforme del aire, mientras que el temporizador te permite programar su funcionamiento según tus preferencias. Características y beneficios del Ventilador de aire tipo torre 76cm: Tres modos de funcionamiento: ventilador, viento natural y Sleep.br• Función oscilante para una distribución uniforme del aire.br• Temporizador para programar el tiempo de funcionamiento.br• Incluye 1 control remoto para un manejo conveniente.br• Perfecto para habitaciones y diversas áreas del hogar.. Tres modos de funcionamiento:  ventilador, viento natural y Sleep.. No cubrir el ventilador de aire cuando esté en funcionamiento.. Se recomienda colocar en una superficie plana."
141853,"bateria premium libre mant.12n7a-3a de la marca zero del area de herramientas para los automotriz de la linea baterias 2 de procedencia nacional. altura del producto 12.86 cm, ancho del producto 14.85 cm, profundidad del producto 6.00 cm, volumen del producto 1145.826, ean 2000001418536, medidas 14.85x6.00x12.86, tipo de producto batería, modelo 12n7a-3a premium, color negro, material plomo/ácido/plástico, garantía 06 meses por defectos de fabricación, procedencia nacional, país de origen china. La batería es el elemento fundamental para el funcionamiento de un vehículo. Por ello, te traemos esta batería que reúne poder e innovación tecnológica en su interior, para asegurarte un óptimo desempeño.. Excelente calidad. Gran desempeño.. Leer indicaciones del producto antes de usar la batería. Realizar el mantenimiento de batería y revisión del vehículo cada mes (uso público) y cada 3 meses (uso particular). Realizar el mantenimiento en servicios autorizados y no manipular el producto. Revisión el sistema eléctrico del vehículo, mantener limpia y seca la cubierta y caja de la batería.. En caso de que la batería presente la cinta adhesiva dañada o despegada, no proceda con su activación, ya que se puede haber producido el ingreso de aire al interior de la batería. Se recomienda cumplir con el tiempo en espera en la activación. Siga correctamente las instrucciones para la instalación de la batería, la inversión accidental de la polaridad puede provocar daño en la batería y/o el sistema eléctrico de la motocicleta."
59735,"broca plus-1 - 12.7mm-1/2""x16""x18"" de la marca bosch del area de herramientas para los accesorios para herramientas electricas de la linea cinceles y brocas de rotomartillo de procedencia nacional. altura del producto 45.00 cm, ancho del producto 1.30 cm, profundidad del producto 1.30 cm, volumen del producto 76.05, diametro del producto 1.30 cm, ean 3165140664462, medidas 1.30x1.30x45.00, tipo de producto broca, modelo plus-1 - 12.7mm-1/2""x16""x18"", color plata, material acero, garantía 1 año, procedencia nacional, país de origen alemania. . Broca para perforación de todo tipo de concreto como columnas, pisos, lozas, etc. Con forma cilíndrica, con punta de carburo de tungsteno. Encastre estándar, rotomartillos menores de 4 kg.. Elegir herramienta adecuada, para un buen desempeño de este accesorio. Compatible con rotomartillos de marcas reconocidas.. Para el enfriamiento correcto del accesorio después del uso, dejar enfriar en el ambiente o usar arena, no agua. Así evitara debilitar la composición de acero. Carburo no recuperable."
134511,"silla de diseño eames para niños blanco de la marca bonno del area de muebles para los mesas, sillas y bancos de la linea bancos y sillas decorativos de procedencia nacional. acabado liso, altura del producto 57.00 cm, ancho del producto 43.00 cm, profundidad del producto 40.00 cm, volumen del producto 98040, diametro del producto no aplica, ean 2000001345115, medidas 43.00x40.00x57.00, tipo de producto silla, modelo niños eames con brazo, color blanco, material polipropileno, garantía 1 año, procedencia nacional, país de origen china. La silla fija combina perfectamente elegancia y resistencia, ideal para cualquier rincón del hogar, cocina, comedor o donde gustes. Las sillas de diseño están pensados en tú comodidad creando espacios modernos. Cuentan con materiales resistentes y confortables que se adaptan a tus necesidades. - Asiento: Monopieza inyectada en polipropileno.- Estructura: Patas de madera, refuerzo en metal.- Accesorio: Regatones anti - deslizantes- Uso: Únicamente para interiores.. Garantía de 1 año válida por defectos de fabricación.. Limpiar regularmente con un trapo seco para mantenerlo libre de polvo, no usar esponjillas o sustancias que puedan desteñir el mueble. No se siente en los brazos o el espaldar del mueble."
96911,"bateria 12v hl-11 pl de la marca etna del area de herramientas para los automotriz de la linea baterias de procedencia nacional. volumen del producto 0, ean 7753330004028, tipo de producto batería, modelo hl-11, color no aplica, garantía 1 año, procedencia nacional. La batería es el elemento fundamental para el funcionamiento de un vehículo. Por ello, te traemos esta batería que reúne poder e innovación tecnológica en su interior, para asegurarte un óptimo desempeño. Al ser fabricado con los más altos estándares de calidad, te permitirá un arranque en frío fiable en cualquier clima. Puede ser utilizado en todo tipo de autos, ya sean modernos o antiguos.. . . Utiliza una mezcla de agua y bicarbonato para limpiar los cables de la batería."
120842,"cafetera expresso iecm192t de la marca imaco del area de electro hogar para los electrodomesticos de la linea pequeños electrodomesticos de procedencia nacional. altura del producto 31.50 cm, ancho del producto 29.00 cm, profundidad del producto 26.00 cm, volumen del producto 23751, diametro del producto no se encuentra la informacion, ean 2000001208427, medidas 29.00x26.00x31.50, tipo de producto cafetera, modelo iecm192t, color plata, material acero, garantía 2 años, procedencia nacional, país de origen china. Porta filtro de acero con 3 variedades de filtro: Para 1 taza, para 2 tazas y para POD. Pulsador On/Off. Pulsador de salida de café para 1 y 2 tazas. Bandeja superior para mantener caliente el café.. Porta filtro de acero con 3 variedades de filtro: Para 1 taza, para 2 tazas y para POD. Pulsador On/Off. Pulsador de salida de café para 1 y 2 tazas. Bandeja superior para mantener caliente el café.. No se encuentra la informcion. Leer las instrucciones de uso antes de utilizar el aparato."
131564,"botas de seguridad planta caucho t40 de la marca sm del area de herramientas para los seguridad industrial de la linea calzado de seguridad de procedencia nacional. altura del producto 18.00 cm, ancho del producto 12.00 cm, profundidad del producto 10.00 cm, volumen del producto 2160, ean 2000001315644, medidas 12.00x10.00x18.00, tipo de producto bota, modelo planta caucho, color negro, material cuero, garantía 06 meses por defectos de fabricación, procedencia nacional, país de origen perú. pEstas Botas de Seguridad con Planta de Caucho en Talla 40 son el epítome del calzado resistente y confiable para los trabajadores industriales. Con un diseño clásico, estas botas brindan protección robusta sin comprometer el estilo. La planta de caucho, junto con la puntera de acero, garantiza resistencia al impacto, mientras que su suela antideslizante proporciona estabilidad en entornos potencialmente peligrosos. Características y beneficios de las Botas de seguridad Planta Caucho T40: Fabricadas de cuero resistente.br• Planta de caucho resistente para un uso industrial.br• Puntera de acero para máxima protección.br• Suela antideslizante para mayor estabilidad.br• Ideal para protección de trabajadores en entornos potencialmente peligrosos.. Calzado de seguridad para hombre de diseño clásico.. Su duración dependerá de las condiciones de uso y de trabajo.. Para mantener en óptimas condiciones de uso, mantener siempre el calzado limpio y lustrado. En caso de humedecerse se debe secar a temperatura ambiente. Para que el calzado mantenga sus propiedades durante el uso, la planta debe estar siempre exenta de humedad, contaminación y fisuras."
114843,"electrobomba centrifuga 0.8 hp de la marca werken del area de gasfiteria para los bombas de agua de la linea bombas centrifugas de procedencia importado. tamaño del producto pequeño, altura del producto 24.50 cm, ancho del producto 19.00 cm, profundidad del producto 30.20 cm, volumen del producto 14058.1, ean 2000001148433, medidas 19.00x30.20x24.50, tipo de producto electrobomba, modelo xcm146, color azul, material metal, garantía 3 años, procedencia importado, país de origen china. Este equipo brinda suficiente presión de agua para los dispositivos domésticos modernos, asegurando un aprovisionamiento de agua para todos los puntos de la casa.. Protector térmico que se activa a los 60° de temperatura. Rodamiento de alta calidad. Impulsador de bronce. Ideal para 4 pisos.. Instalar en lugares protegidos del clima.. Verifique la coincidencia del voltaje de alimentación con el de la máquina. Leer las instrucciones de uso para una correcta instalación."
134755,"set de voley inflable de la marca bestway del area de jardin para los productos para piscinas de la linea flotadores y accesorios de procedencia importado. altura del producto 76.00 cm, ancho del producto 59.00 cm, profundidad del producto 244.00 cm, volumen del producto 1094096, ean 6942138982367, medidas 59.00x244.00x76.00, tipo de producto portero, modelo no aplica, color amarillo, material pvc, garantía 1 año, procedencia importado, país de origen china. La diversión en la piscina está asegurada con este juego de voley flotante.. . . Utilizar al aire libre. Al momento de almacenarlo, que sea en un lugar seco y alejado de rayos solares."
21125,"cincel  punta aguda hexagonal 19mm de la marca dewalt del area de herramientas para los accesorios para herramientas electricas de la linea cinceles y brocas de rotomartillo de procedencia nacional. altura del producto 45.70 cm, ancho del producto 1.90 cm, profundidad del producto 1.90 cm, volumen del producto 164.977, ean 28874057715, medidas 1.90x1.90x45.70, tipo de producto cincel, modelo dw5951, color plata, material acero, garantía 1 año, procedencia nacional, país de origen estados unidos. Cincel con punta aguda, hecho de acero endurecido para mayor durabilidad y vida útil. Uso con rotomartillos SDS y aplicaciones de cincelado ligero como remover argamasa o cerámica.. Cuerpo de acero endurecido para durabilidad y mayor vida util, gracias a su tratamiento térmico. Ideal para aplicaciones de cincelado ligero. Accesorio de forma hexagonal, adecuado para demolición de concreto. Encastre estándar, para martillos de 12 kg.. Elegir herramienta adecuada, para un buen desempeño de este accesorio. No usar en piedra. Compatible con demoledores de marcas reconocidas.. Para el enfriamiento correcto del accesorio después del uso, dejar enfriar en el ambiente o usar arena, no agua. Así evitara debilitar la composición de acero."
156115,"tapa para tornillo hexagonal plástico negro d6 4u de la marca standers del area de ferreteria para los articulos para el mueblista de la linea accesorios muebles de procedencia importado. tamaño del producto pequeño, altura del producto 1.40 cm, ancho del producto 0.60 cm, profundidad del producto 0.60 cm, volumen del producto 0.504, diametro del producto 0.60 cm, ean 3276000684145, medidas 0.60x0.60x1.40, tipo de producto tapa, modelo hexagonal, color negro, material polipropileno, garantía 2 años, procedencia importado, país de origen china. . Estas cubiertas de tornillos pueden cubrir tornillos de cabeza hexagonal.. Asegúrese que las superficies están secas y sin polvo.. Complemento ideal para dar acabado decorativo en muebles de melamina."
128990,"set accesorios de baño x 3piezas glamour de la marca orange del area de baños para los organizacion de baño de la linea infantil de procedencia importado. acabado liso, altura del producto 14.00 cm, ancho del producto 16.00 cm, profundidad del producto 10.00 cm, volumen del producto 2240, diametro del producto 0, ean 2000001289907, medidas 16.00x10.00x14.00, tipo de producto accesorio, modelo x 3 pzas glamour, color multicolor, material polipropileno, garantía 1 año, procedencia importado, país de origen china. Complementa el baño del engreído de la casa con este práctico juego de accesorios sobrepuestos que incluye dispensador de jabón líquido, vaso y jabonera.. Diseño glamour.. No exponer los productos a golpes fuertes y lavar semanalmente para evitar la acumulación de agua y humedad.. Mantener limpio y seco, para evitar la acumulación de suciedad y la aparición de gérmenes y/u mohos."
155332,"i&o-tijera de cocina multicorte casa del jardín de la marca orange del area de tendencias para los colecciones de la linea decoracion de procedencia importado. altura del producto 1.50 cm, ancho del producto 21.00 cm, profundidad del producto 7.50 cm, volumen del producto 236.25, diametro del producto 0, ean 2000001553329, medidas 21.00x7.50x1.50, tipo de producto tijera, modelo kkt21-0094, color azul, material polipropileno, garantía 1 año, procedencia importado, país de origen china. Tijera especialmente diseñada para trabajos de cocina como separar el pellejo de la carne, cortar huesos, entre otros trabajos.. Máxima calidad. Resistencia y durabilidad.. No aplica. No limpiar con productos abrasivos."
16694,"torn cab pan 4 x 1 x10 u de la marca sm del area de ferreteria para los productos de fijacion de la linea tornillos p/ madera-percep de procedencia nacional. altura del producto 2.50 cm, volumen del producto 0, diametro del producto 2.00 cm, ean 2050000037740, tipo de producto tornillo, modelo cabeza pan 4 mm x 1"", color plata, material acero, garantía por defecto de fabricación, procedencia nacional. Tornillo con cabeza Phillips para fijación en madera. Gracias a su ranura en forma de cruz minimizan la posibilidad en que el destornillador se deslice.. Fabricado en acero de bajo carbono con acabado zincado, modelo cabeza pan de 4 mm de diámetro, cuenta con ranura en forma de cruz que minimiza la posibilidad de que el destornillador se deslice, punta autorroscante, requiere una perforación guía, previa a su instalación.. Ideal para unir maderas, tableros aglomerados, perfiles metalicos, también para fijar un producto sobre una superficie de concreto, requiere que previamente se coloque un tarugo de madera o pvc. Consta de 10 tornillos.. Manipular con equipos de protección personal."
142312,"mesa didactica infantil con cajon 2 bancos azul de la marca polinplast del area de aire libre y temporada para los muebles de plastico de la linea plasticos niños de procedencia nacional. altura del producto 52.70 cm, ancho del producto 78.00 cm, profundidad del producto 58.50 cm, volumen del producto 240470.1, ean 7751772005689, medidas 78.00x58.50x52.70, tipo de producto mesa, modelo didáctica, color azul, material plástico, garantía 1 año, procedencia nacional, país de origen perú. Despierta toda la creatividad de los mas pequeños de la casa con esta práctica mesa de plástico. Ideal para colorear, pintar y jugar.. Cómoda. Práctica. Resistencia y durabilidad.. . Colocar sobre superficies planas."
164778,"i&o-parrilla argentina chica de fierro de la marca mr grill del area de aire libre y temporada para los parrillas de la linea parrillas a carbón de procedencia nacional. altura del producto 60 cm, ancho del producto 40 cm, profundidad del producto 90 cm, volumen del producto 216000, ean 2000001647783, medidas 40x90x60, tipo de producto parrilla, modelo modelo mediano, color negro, material fierro, garantía por defecto de fabricación, procedencia nacional, país de origen china. Parrilla de Carbon Mr Grill Argentina Chica de Fierro. Disfruta de lo más nuevo que Promart.pe trae para ti.. . . "
152200,"pack cortinero 3mt acero de la marca orange del area de organizacion y decoracion para los persianas y cortinas de la linea accesorios para cortinas de procedencia nacional. altura del producto 3.00 cm, ancho del producto 3.00 cm, profundidad del producto 300.00 cm, volumen del producto 2700, diametro del producto 0, ean 2000001522004, medidas 3.00x300.00x3.00, tipo de producto cortinero, modelo 3mt, color plata, material acero cromado, garantía 10 años, procedencia nacional, país de origen perú. Excelente calidad. Resistencia y durabilidad. Disfruta de lo más nuevo que Promart.pe trae para ti.. Excelente calidad. Resistencia y durabilidad.. Antes de la compra, es necesario tener la medida del marco interno de la ventana, en caso quiera instalarlo fuera del espacio mencionado, considerar 10 cms de cortina fuera del marco por lado. Verificar que la superficie donde se va a instalar la cortina esté nivelada.. Asegurarse de una correcta instalación."
161220,"escoba pisos delicados de la marca prolimso del area de limpieza para los herramientas para pisos y superficies de la linea escobas y escobillones de procedencia nacional. altura del producto 35.50 cm, ancho del producto 15.00 cm, profundidad del producto 5.50 cm, volumen del producto 2928.75, ean 745853502201, medidas 15.00x5.50x35.50, tipo de producto escoba, modelo pisos delicados, color marrón, garantía 1 año, procedencia nacional, país de origen perú. Escoba Prolimso Cerdas Finas para Pisos Delicados . Disfruta de lo más nuevo que Promart.pe trae para ti.. Escoba que posee fibras finas que permiten una limpieza suave sin dañar superficies sensibles como madera o cerámica, siendo ideal para interiores.. . Usar en superficies como cerámica o madera barriendo en la dirección de las vetas para evitar rayones."
133466,"protector para oreja ei23-1r de la marca kamasa del area de herramientas para los seguridad industrial de la linea protectores visuales y auditivos de procedencia nacional. altura del producto 18.00 cm, ancho del producto 22.00 cm, profundidad del producto 28.00 cm, volumen del producto 11088, ean 2000003552368, medidas 22.00x28.00x18.00, tipo de producto protector, modelo no aplica, color negro, material plástico, garantía 06 meses por defectos de fabricación, procedencia nacional. Este tipo de protectores suministran protección contra el ruido. Tiene un diseño y es adaptable a la mayoría de los usuarios.. Selladores anchos con goma.Excelente protección para sus orejas, que bloquean el sonido en medio de trabajos fuertes.. . Ideal para trabajos industriales y de taller."
119702,"broca piloto hss-g 1/4"" hex         100mm de la marca bosch del area de herramientas para los accesorios para herramientas electricas de la linea brocas de procedencia nacional. volumen del producto 0, diametro del producto 10.00 cm, ean 3165140716161, tipo de producto broca, modelo hss-g, color plata, garantía 6 meses, procedencia nacional. Realiza un orificio centrador para guiar la sierra copa hacia la posición adecuada. Adecuada para todos los talados, inalámbricos o no.. Realiza un orificio centrador para guiar la sierra copa hacia la posición adecuada. Adecuada para todos los talados, inalámbricos o no.. . Escoger el producto adecuado para el trabajo a realizar. Limpiar residuos luego de cada uso para conservar su efectividad."
146580,"riel 39x25x0.45mmx3.00m volcometal de la marca volcan del area de materiales de construccion para los drywall de la linea perfiles metalicos de procedencia nacional. altura del producto 2.50 cm, ancho del producto 3.90 cm, profundidad del producto 300.00 cm, volumen del producto 2925, ean 2000001465806, medidas 3.90x300.00x2.50, tipo de producto riel, modelo riel 0.45 mm, color gris, material acero galvanizado, garantía por defecto de fabricación, procedencia nacional, país de origen perú. . Fabricados con acero laminado en frío y revestidos por inmersión en caliente en un baño de zinc (galvanizado), recubrimiento que ayuda al acero a mantener su resistencia y soportar la acción corrosiva del medio ambiente.. No aplica. Se fijan en la losa inferior y superior."
153597,"aplique faedo 3 white 21w de la marca eglo del area de iluminacion para los iluminacion decorativa de la linea apliques de procedencia nacional. altura del producto 13.50 cm, ancho del producto 5.00 cm, profundidad del producto 11.00 cm, volumen del producto 742.5, diametro del producto 0, ean 9002759331535, medidas 5.00x11.00x13.50, tipo de producto aplique, modelo faedo 3, color blanco, material aluminio, garantía 5 años, procedencia nacional, país de origen china. Ilumina el exterior de tu hogar, negocio u oficina con este potente aplique de bonito dsieño que además de dar luz complementará tu decoración.. A prueba de salpicaduras (IP44). Detector de movimiento integrado. Posibilidad de montaje en esquina.. Garantía de 5 años.. Asegurarse de una correcta instalación."
138968,"aditivo nacarado cabernet de la marca rust oleum del area de pinturas para los esmaltes, barnices y solventes de la linea esmaltes y oleos de procedencia nacional. acabado brillante, altura del producto 16.04 cm, ancho del producto 9.21 cm, profundidad del producto 7.30 cm, volumen del producto 1078.41732, ean 20066464592, medidas 9.21x7.30x16.04, tipo de producto aditivo, modelo rocksolid, color rojo, material resina epóxica, garantía por defecto de fabricación, procedencia nacional, país de origen estados unidos. Está diseñado para aplicarse sobre superficies de hormigón en interiores. ¡Es ideal para garages, talleres, lavaderos, cocinas y más!. Ofrece una excelente resistencia a la abrasión y a los ataques químicos. El sistema es autonivelante, flexible, de curado rápido y alto brillo. Bajo nivel de olor y VOC. Autonivelante y uso interior.. . Está diseñado para aplicarse sobre superficies de hormigón de garajes o interiores."
143119,"vástago bronce 3/8""x3/8"" para ducha/mezcl. chica de la marca werken del area de gasfiteria para los accesorios de gasfiteria de la linea valvulas hidraulicas de procedencia nacional. altura del producto 8.00 cm, ancho del producto 2.00 cm, profundidad del producto 14.00 cm, volumen del producto 224, ean 2000001431191, medidas 2.00x14.00x8.00, tipo de producto vástago, modelo para ducha mezcladora chica, material bronce, garantía por defecto de fabricación, procedencia nacional, país de origen china. Promart trae para ti el vástago bronce ideal para la reparación de llaves de ducha.. Excelente calidad. Resistencia y durabilidad.. Color bronce.. Ideal para la reparación de llaves de ducha."
55405,"lamp. escritorio junior flex azul de la marca orange del area de iluminacion para los iluminacion decorativa de la linea lamparas escritorio de procedencia importado. volumen del producto 0, ean 2000000554051, color no aplica, garantía 1 año, procedencia importado. . . . "
156241,"i&o-audifono in ear alambrico de la marca werken del area de electricidad para los tecnologia de la linea audifonos y mini speakers de procedencia importado. altura del producto 0.02 cm, ancho del producto 10.00 cm, profundidad del producto 3.00 cm, volumen del producto 0.6, ean 2000001562413, medidas 10.00x3.00x0.02, tipo de producto audífono, modelo l312, color multicolor, material pvc, garantía 1 año, procedencia importado, país de origen china. Disfruta de tus canciones favoritas con este moderno audífono.. Largo del cable 1.1m. Utilizar el producto adecuadamente, no exponerlo a altas temperaturas, ni a golpes fuertes, ya que esto reduce drasticamente su desempeño.. Ajustar correctamente"
152466,"spot led smart wifi led 5w redondo de la marca tramontina del area de iluminacion para los iluminacion funcional de la linea spots led de procedencia nacional. altura del producto 9.50 cm, ancho del producto 10.60 cm, profundidad del producto 15.50 cm, volumen del producto 1560.85, ean 7891435965896, medidas 10.60x15.50x9.50, tipo de producto spot, modelo smart wifi redondo, color blanco, material plástico, garantía 2 años, procedencia nacional. Excelente calidad. Resistencia y durabilidad. Disfruta de lo más nuevo que Promart.pe trae para ti.. Excelente calidad. Resistencia y durabilidad.. No aplica. Especialmente para espacios internos, tanto para ambientes residenciales como comerciales. Asegurarse de una correcta instalación por personal calificado."
154732,"cinta malla fibra d vidrio 2"" rollo 90m de la marca werken del area de materiales de construccion para los drywall de la linea accesorios para drywall de procedencia importado. altura del producto 5.00 cm, ancho del producto 0.01 cm, profundidad del producto 9000.00 cm, volumen del producto 450, ean 2000001547328, medidas 0.01x9000.00x5.00, tipo de producto cinta, modelo werken 90m, color blanco, material fibra de vidrio, garantía 06 meses por defectos de fabricación, procedencia importado, país de origen china. Promart pone a tu alcance la cinta de malla de fibra de vidrio. Cuenta con una malla de fibra de vidrio que crea una superficie sin costuras, de alta resistencia, fácil de ocultar, además es resistente al moho.. . . "
125855,"dado impacto 34mm    hex enc 3/4 de la marca bahco del area de herramientas para los herramientas de mano de la linea alicates y herramientas de corte de procedencia nacional. altura del producto 57.00 mm, profundidad del producto 1.80 cm, volumen del producto 0, diametro del producto 51.00 cm, ean 7314151803278, tipo de producto dado, modelo k8901m-34, color negro, material acero, garantía de por vida por defectos de fabricación, procedencia nacional, país de origen suecia. Para todos tus proyectos siempre podrás contar con los productos que te ofrece Promart.. Dado hexagonal con encastre cuadrado de 3/4"". Fabricado en aleación de acero de alto rendimiento fosfatados.. Para usar en máquinas. Para lograr la máxima seguridad, utlice muelles de fijación. Normas de los cuadrados: DIN 3121-H25 e ISO 1174. Normas: DIN 3129 e ISO 2725.. Para aplicaciones de alta productividad. Realizar limpieza del producto con aceite 3 en 1 o lubricante multiusos WD-40.Ocupar solo para lo recomendado por el fabricante."
141185,"i&o-balsa inflable con remos voyager 300 de la marca bestway del area de jardin para los productos para piscinas de la linea flotadores y accesorios de procedencia importado. altura del producto 31.00 cm, ancho del producto 102.00 cm, profundidad del producto 243.00 cm, volumen del producto 768366, ean 6942138981698, medidas 102.00x243.00x31.00, tipo de producto bote, modelo voyager 300, color verde, material pvc, garantía 1 mes, procedencia importado, país de origen china. Lúcete con lo más nuevo en deporte con la balsa inflable. ¡Aprovecha las nuevas tendencias de este año!. Construcción con 3 cámaras de aire. Cuerda de agarre con ojales incorporados. Parte inferior inflable para mayor comodidad. Cañas de pesca incorporadas. Asas de transporte. Remos robustos, con cierres. Válvulas de vaciado rápido.. . Colocar sobre superficies planas."
89852,"unión 1 1/4"" agua fría sin rosca de la marca pavco del area de gasfiteria para los tubos y conexiones de la linea acces y conec pvc sp de procedencia nacional. volumen del producto 0, ean 7751195019522, tipo de producto unión, modelo 1 1/4"", color gris, material pvc, garantía 1 año, procedencia nacional. Promart se convierte en tu mayor aliado para que puedas instalar las conexiones sanitarias de tu vivienda, ofreciéndote accesorios de excelente calidad y realices tus actividades con eficacia.. . . Emplear las herramientas necesarias para la instalación del producto."
147174,"generador ef2600d azul de la marca yamaha del area de herramientas para los herramientas electricas estacionarias de la linea generadores de procedencia nacional. altura del producto 42.50 cm, ancho del producto 41.50 cm, profundidad del producto 51.00 cm, volumen del producto 89951.25, ean 2000003785100, medidas 41.50x51.00x42.50, tipo de producto generador, modelo ef2600d, color azul, material metal/plástico, garantía 2 años, procedencia nacional, país de origen china. Monofásico de 2600 VA de potencia máxima de salida y 2300 VA de potencia nominal. Con 10.6 h. de operación continua de funcionamiento. Sincrónico. Enfriado por aire forzado. Pantalla digital. Indicador de voltaje. Horómetro. Alerta de aceite. Cargador de batería. Arranque manual. Sin escobillas. Entrega de doble voltaje 120-240 V. Disfruta de lo más nuevo que Promart.pe trae para ti.. Monofásico de 2600 VA de potencia máxima de salida y 2300 VA de potencia nominal. Con 10.6 h. de operación continua de funcionamiento. Sincrónico. Enfriado por aire forzado. Pantalla digital. Indicador de voltaje. Horómetro. Alerta de aceite. Cargador de batería. Arranque manual. Sin escobillas. Entrega de doble voltaje 120-240 V.. . Arrancar el generador sin equipos conectados. Luego de arrancar la unidad esperar aproximadamente 1 min para conectar los equipos (tiempo de espera de estabilización de voltaje)."
152871,"curvas de 4 x 90° sin p agua de la marca tuboplast del area de gasfiteria para los tubos y conexiones de la linea acces y conec pvc ro de procedencia nacional. altura del producto 10.16 cm, ancho del producto 10.16 cm, profundidad del producto 20.32 cm, volumen del producto 2097.544192, ean 2000001528716, medidas 10.16x20.32x10.16, tipo de producto curva, modelo s/p agua, color gris, material pvc-u, garantía por defecto de fabricación, procedencia nacional, país de origen perú. . Fabricado con resina 100% virgen. 4""x90°. Excelente calidad. Resistencia y durabilidad.. Norma técnica y con respaldo de la triple certificación internacional: ISO 9001, ISO 14001 y ISO 45001.. Asegurarse de una conexión adecuada."
144421,"set dados   adaptador 6pzas de la marca dexter del area de herramientas para los herramientas de mano de la linea dados y ratchets de procedencia importado. acabado cromado, altura del producto 33.30 cm, ancho del producto 10.00 cm, profundidad del producto 4.60 cm, volumen del producto 1531.8, ean 3276007121209, medidas 10.00x4.60x33.30, tipo de producto set, modelo no aplica, color azul, material metal/plástico, garantía 10 años, procedencia importado, país de origen china. Brinda mayor resistencia y durabilidad al momento de realizar tu trabajo. Excelente agarre y por lo general puedes usarlo en trabajos más pesados.. Excelente calidad. Resistencia y durabilidad.. . Ideal para apretar-aflojar o atornillar-desatornillar muchas piezas."
84733,"spray esp pizarra negro mate 312 gr. de la marca specialty del area de pinturas para los esmaltes, barnices y solventes de la linea sprays de procedencia nacional. acabado mate, altura del producto 21.00 cm, ancho del producto 7.00 cm, profundidad del producto 7.00 cm, volumen del producto 1029, ean 20066231620, medidas 7.00x7.00x21.00, tipo de producto spray, modelo chalk board esp pizarra, color negro, material acrílico, garantía por defecto de fabricación, procedencia nacional, país de origen estados unidos. Spray que crea una superficie perfecta en la cual se puede escribir y borrar. Resistente al rayado.. Brinda un acabado mate de gran dureza, resistente a los rayones que permite crear una pizarra en cualquier superficie. Secado rápido. Fácil de borrar.. Mantener lejos del alcance de los niños. Se recomienda aplicar un imprimante como base. Uso interiores. Para pequeños proyectos de pintura."
18555,"sierra copa bim 38 mm de la marca bahco del area de herramientas para los accesorios para herramientas electricas de la linea accesorios de herramientas de procedencia nacional. volumen del producto 0, ean 7311518041779, color no aplica, garantía 1 año, procedencia nacional. . . . "
91313,"corredera mini telescopicade 35mm 16"" de la marca werken del area de ferreteria para los articulos para el mueblista de la linea correderas de procedencia importado. acabado mate, tamaño del producto pequeño, altura del producto 3.50 cm, ancho del producto 40.00 cm, profundidad del producto 1.20 cm, volumen del producto 168, ean 2000000913131, medidas 40.00x1.20x3.50, tipo de producto corredera, modelo mini 16"" 35 mm, color plata, material acero galvanizado, garantía por defecto de fabricación, procedencia importado, país de origen china. Corredera metálica muy fácil de instalar especialmente diseñada para cajones metálicos.. Rieles de acero galvanizado, cuenta con villas de acero que le permite un desplazamiento del cajón con más suavidad, también permite una apertura total del cajón.. Capacidad de carga hasta 20 kg. Fácil de instalar, tener en cuenta la medida del cajón. Puede reemplazar a una corredera simple.. Se debe considerar el espacio de 13 mm entre el lateral del mueble y el cajón para su instalación. No usar tornillos que sobrepasen el espesor del cajón."
143293,"jgo ollas bombeado 1 alum anodizado 8pz de la marca record del area de cocina para los menaje de la linea sartenes de procedencia nacional. volumen del producto 0, ean 7750287006211, tipo de producto juego, modelo bombeado 1, color plata, garantía de por vida por defectos de fabricación, procedencia nacional. Con este nuevo juego de ollas prepara una gran variedad de platos al mejor estilo y los mejores utensilios.. Excelente calidad. Resistencia y durabilidad a su alcance.. . Antes del primer uso, curar la pieza aplicando una capa delgada de aceite en toda la superficie interna. Calentar, dejar enfriar, lavar y secar. Elija el tamaño de la hornilla que más se ajusta al diámetro de la base de la pieza. Cocinar a fuego medio o bajo. Utilizar accesorios de nylon, silicona o madera para mantener por más tiempo el acabado de la pieza. Luego de cada uso, dejar enfriar para proceder a lavar y secar."
164336,"arbol led con estrella 7.8x16.7cm cuentos de oro de la marca orange del area de tendencias para los navidad de la linea adornos y decorativos de procedencia importado. altura del producto 16.7 cm, ancho del producto 7.8 cm, profundidad del producto 7.8 cm, volumen del producto 1016.028, ean 2000001643365, medidas 7.8x7.8x16.7, tipo de producto adorno, modelo ym19522s, color blanco, material cerámica, garantía 1 año, procedencia importado, país de origen china. . . . "
142216,"tubo sch 40 sc a53/a106/api 4"" 6m gr.b aa de la marca aceros arequipa del area de materiales de construccion para los fierros de la linea perfiles de fierro de procedencia nacional. altura del producto 10.00 cm, ancho del producto 10.00 cm, profundidad del producto 670.00 cm, volumen del producto 67000, ean 2000001422168, medidas 10.00x670.00x10.00, tipo de producto tubo, modelo a53, color negro, material fierro, garantía 06 meses por defectos de fabricación, procedencia nacional, país de origen perú. . Schedule. Sin costura. De calidad estructural, utilizando la técnica de extrusión en caliente. Normas técnicas: propiedades mecánicas tubos de calidad trinorma: ASTM A53/A53M, ASTM A106/A106M y API 5L PSL 1. Tolerancia dimensional: ASTM A 53/A 53M.. . Ideal para la conducción de fluidos a alta temperatura."
154493,"candelabro dalias 5 luces gold de la marca orange del area de iluminacion para los iluminacion decorativa de la linea colgantes de procedencia importado. altura del producto 81.00 cm, ancho del producto 64.00 cm, profundidad del producto 64.00 cm, volumen del producto 331776, ean 2000001544938, medidas 64.00x64.00x81.00, tipo de producto luminaria, modelo dalias, color oro, material acero/vidrio, garantía 1 año, procedencia importado. . . . "
20085,"tubo recto 82.5mmx38mm 6mts alum. de la marca pfk del area de ferreteria para los articulos para el mueblista de la linea tubo, perfil p/closet de procedencia nacional. acabado mate, altura del producto 8.20 cm, ancho del producto 600.00 cm, profundidad del producto 3.20 cm, volumen del producto 15744, ean 7754615000162, medidas 600.00x3.20x8.20, tipo de producto tubo, modelo recto 6m, color plata, material aluminio, garantía por defecto de fabricación, procedencia nacional, país de origen china. pEl Tubo recto 82.5x38mm 6 metros PFK es una excelente opción para aquellos que buscan un material resistente, ligero y estéticamente atractivo. Fabricado en aluminio con acabado mate, es ideal para el uso en interiores y aplicaciones de construcción, como reglas para tarrajeo o estructuras. Su diseño cuadrado y resistente a la corrosión lo hacen perfecto para diversas tareas, proporcionando durabilidad y facilidad de manejo. Con un espesor de 1.1 mm, este tubo de 6 metros de longitud es versátil y funcional, siendo una excelente elección para proyectos que requieren alta resistencia sin perder en ligereza. Características y beneficios del Tubo recto 82.5x38mm 6 metros Pfk: Fabricado en aluminio de alta calidad, con resistencia a la corrosión.br• Acabado mate que mejora las propiedades estéticas.br• Medidas de 82.5x38 mm, perfecto para estructuras y aplicaciones interiores.br• Longitud de 6m, ideal para diversas necesidades de construcción.. Tubo delgado de aluminio, diseño cuadrado, con acabado mate tratamiento diseñado para mejorar las propiedades estéticas. Resistente a la corrosión.. Ideal para el uso en interiores, para armar estructuras, y en la construcción son utilizadas como reglas para tarrajeo, ya que son livinas.. Mantener fuera del alcance de los niños y mascotas. Limpiar y secar correctamente la regla luego de su uso."
148769,"zapatilla seguridad condor t-40 de la marca werken del area de herramientas para los seguridad industrial de la linea calzado de seguridad de procedencia importado. altura del producto 11.00 cm, ancho del producto 11.00 cm, profundidad del producto 25.10 cm, volumen del producto 3037.1, ean 2000001487693, medidas 11.00x25.10x11.00, tipo de producto zapatilla, modelo condor, color negro, material poliéster, garantía 06 meses por defectos de fabricación, procedencia importado, país de origen china. pLas Zapatillas de Seguridad Condor en Talla 40 de Werken son el estándar definitivo en máxima protección, calidad excepcional y resistencia duradera. Diseñadas para garantizar la seguridad y comodidad de los trabajadores, son la elección ideal para entornos laborales exigentes.ph2Características y beneficios de la Zapatilla Seguridad Condor talla 40 Werken:p Fabricadas con poliéster resistente.br• Diseño antideslizante para un agarre seguro.br• Resistencia al impacto para enfrentar cualquier desafío.. Máxima protección. Excelente calidad. Resistencia y durabilidad.. Su duración dependerá de las condiciones de uso y de trabajo.. Elija el tamaño que asegure una correcta adaptabilidad a su pie."
152851,"curvas de 2 x 90° sin p agua de la marca tuboplast del area de gasfiteria para los tubos y conexiones de la linea acces y conec pvc ro de procedencia nacional. altura del producto 5.08 cm, ancho del producto 5.08 cm, profundidad del producto 10.16 cm, volumen del producto 262.193024, ean 2000001528518, medidas 5.08x10.16x5.08, tipo de producto curva, modelo s/p agua, color gris, material pvc-u, garantía por defecto de fabricación, procedencia nacional, país de origen perú. . Fabricado con resina 100% virgen. De 2""x90°. Excelente calidad. Resistencia y durabilidad.. Norma técnica y con respaldo de la triple certificación internacional: ISO 9001, ISO 14001 y ISO 45001.. Asegurarse de una conexión adecuada."
161440,"colgante trendy odalis e27 dr de la marca orange del area de iluminacion para los iluminacion decorativa de la linea colgantes trendy de procedencia importado. altura del producto 140.00 cm, ancho del producto 30.00 cm, profundidad del producto 30.00 cm, volumen del producto 126000, ean 2000001614402, medidas 30.00x30.00x140.00, tipo de producto lámpara, modelo no aplica, color negro, material metal/vidrio, garantía 1 año, procedencia importado, país de origen china. Necesitas iluminar tu sala, comedor o dormitorio, lo que tú requieres es este colgante que Promart.pe pone al alcance de tus manos. No solo podrás alumbrar grandes áreas de tu hogar, también podrás utilizarlo como decoración ya que tiene detalles que podrán atraer más luz a la habitación.. . . "
154089,"spray specialty efecto marmol blanco de la marca rust oleum del area de pinturas para los esmaltes, barnices y solventes de la linea sprays de procedencia nacional. acabado marmolizado, altura del producto 20.03 cm, ancho del producto 6.66 cm, profundidad del producto 6.66 cm, volumen del producto 888.442668, diametro del producto 6.66 cm, ean 20066028596, medidas 6.66x6.66x20.03, tipo de producto pintura, modelo specialty efecto mármol, color blanco, material otros, garantía por defecto de fabricación, procedencia nacional, país de origen estados unidos. Esta exclusiva pintura en spray imita el aspecto de mármol veteado con una textura en relieve similar a la de las telarañas.. Crea una textura con un tramado que simula el aspecto de un acabado de mármol. Es ideal para utilizar en jarrones, lámparas, superficies de mesas y demás proyectos de acento hogareño.. Uso interior.. Retire la pintura anterior y el óxido sueltos con un cepillo de alambre o lija. Agite la lata con frecuencia durante su uso y manténgala siempre a la misma distancia de la superficie. Sostenga el aerosol en posición vertical a 25-40 cm de la superficie y pinte en todas las direcciones. Si la válvula se obstruye, gire y jale la punta rociadora y límpiela con un solvente, como alcohol mineral."
161737,"cb/ttrf-70(nmt-pc) 0.3/0.5 kv 3x10awg c50 de la marca indeco del area de electricidad para los cables de la linea conductores electric 1 de procedencia nacional. altura del producto 1.00 cm, ancho del producto 1.00 cm, profundidad del producto 100.00 cm, volumen del producto 100, ean 7754042004627, medidas 1.00x100.00x1.00, tipo de producto cable, modelo ttrf-70(nmt-pc), color negro, material cobre, garantía 1 año, procedencia nacional, país de origen perú. . . . "
150370,"rodilleras estabilizadoras gelfit de la marca toughbuilt del area de herramientas para los seguridad industrial de la linea ropa de trabajo de procedencia importado. altura del producto 43.43 cm, ancho del producto 34.49 cm, profundidad del producto 15.01 cm, volumen del producto 22483.489507, ean 856342005896, medidas 34.49x15.01x43.43, tipo de producto rodilleras, modelo tb-kp-g3, color negro, material plástico eva, garantía 1 año, procedencia importado, país de origen china. Fabricadas con los estándares más altos para garantizar la durabilidad, soportar entornos de trabajo severos y ahorrar tiempo y dinero en tener que comprar reemplazos constantemente.. Brinda la máxima estabilidad mientras mantiene un fácil movimiento de lado a lado. El soporte integrado para los muslos mantiene la rodilla perfectamente centrada y nunca se tuerce fuera de la rodillera. La plataforma inferior levanta la espinilla del suelo aliviando la presión sobre los tobillos. El diseño ergonómico de gel y espuma abraza la forma natural de la rodilla y la parte superior de la espinilla, maximizando la distribución de la presión para un ajuste extremadamente cómodo. Cómodo diseño de gel y espuma GelFit. Con forma ergonómica para abrazar la rodilla, la parte superior de la espinilla y el muslo. Máxima estabilidad combinada con fácil agilidad de lado a lado. El soporte para los muslos mantiene la rodilla ergonómicamente centrada. Las plataformas inferiores levantan las espinillas del suelo y alivian la presión sobre los tobillos. Maximiza la distribución de la presión para la comodidad durante todo el día. Nunca gira fuera de la rodilla. Tejido 1680D resistente a la abrasión. Carcasa resistente de doble inyección con goma antideslizante. Plástico resistente y resistente a los golpes. Muy texturizado en las superficies de contacto. Combinación de correas elásticas/EVA/con hebilla para muslos y pantorrillas que se mantienen cómodamente en su lugar sin cortar la circulación.. . Ideal para soporte de muslos mientras realiza trabajos diarios."
151694,"kit de conectores para mesas modulares negro de la marca ooni del area de aire libre y temporada para los parrillas de la linea accesorios parrillas de procedencia nacional. altura del producto 68.00 cm, ancho del producto 47.00 cm, profundidad del producto 25.00 cm, volumen del producto 79900, ean 2000001516942, medidas 47.00x25.00x68.00, tipo de producto conectores, modelo para mesas modulares, color negro, material acero al carbono, garantía 3 meses, procedencia nacional, país de origen perú. El conjunto está diseñado para ensamblarse rápidamente para que configurar su nuevo espacio de cocina sea lo más fácil posible.. Excelente calidad. Resistencia y durabilidad.. No aplica. Asegurarse de una correcta conexión."
91589,"conector aéreo plano pvc metal/am de la marca power force del area de electricidad para los interruptores y tomacorrientes de la linea enchufes/conectores de procedencia importado. volumen del producto 0, ean 2000000915890, color no aplica, garantía 1 año, procedencia importado. . . . "
122197,"cable gpt 14 awg amarillo de la marca indeco del area de electricidad para los cables de la linea cables por metro de procedencia nacional. ancho del producto 2.80 mm, volumen del producto 0, diametro del producto 1.83 cm, ean 2000001221976, tipo de producto cable, modelo gtp-3, color amarillo, material cobre, garantía 2 años, procedencia nacional, país de origen méxico. . Excelente propiedad dieléctrica. Flexible. Resistente a vibraciones, combustibles, lubricantes y solución electrolítica del acumulador. Resistente a la abrasión, dobleces, etc. Retardante a la llama. De dimensiones reducidas para su aplicación ideal. Temperatura de operación: 75°C. Tensión de servicio: 300 V.. Cumple con la normas de fabricación: UL 62, SAE J1128.. Generalmente, se instala en tubos conduit y en ambientes interiores. No apto para la intemperie. Verificar mantención durante un tiempo considerable. Mantener en una temperatura ambiente deseable para el correcto funcionamiento."
116439,"moldura t roble cuba, 10x44x900mm de la marca sm del area de pisos y revestimientos para los pisos laminados de la linea zocalos y molduras de procedencia importado. acabado satinado, altura del producto 1.00 cm, ancho del producto 90.00 cm, profundidad del producto 4.40 cm, volumen del producto 396, ean 4005705613940, medidas 90.00x4.40x1.00, tipo de producto moldura, modelo cuba, color marrón, material hdf, garantía 1 año, procedencia importado, país de origen alemania. Moldura empleada como pieza de transición de un revestimiento a otro de la misma altura o para sacar provecho de espacios amplios. Fije en la cuña ubicada en el centro de la moldura.. Sirve para dar protección y mejor visualización a la unión de dos pisos laminados del mismo nivel. Excelente acabado, decorativos, modernos y duraderos.. Producto se vende por unidad. Uso doméstico.. Instalar sobre superficie limpia, nivelada y seca. Elegir el producto correcto según el ambiente a utilizar. Para su limpieza general usar un trapo humedecido. Marcar con un lápiz el lugar donde se colocará la pieza. Colocar con un adhesivo de poliuretano (en caso de que no venga con base)."
160866,"taladro percutor 1/2"" 18v lxt 40nm dhp487z de la marca makita del area de herramientas para los proyecto showroom de la linea taladros percusión inal showroom de procedencia nacional. altura del producto 24.70 cm, ancho del producto 8.10 cm, profundidad del producto 16.40 cm, volumen del producto 3281.148, ean 88381740333, medidas 8.10x16.40x24.70, tipo de producto taladro, modelo dhp487z, color verde, material poliamida, garantía 1 año, procedencia nacional, país de origen china. Herramienta muy potente para que puedas realizar todo tipo de trabajos con la mayor precisión.. El Taladro LXT DHP487Z tiene un engranaje mecánico de 2 velocidades;modo de alta velocidad para taladrar rápidamente en aplicaciones de trabajo ligero;modo de baja velocidad para aplicaciones de trabajo pesado que requieren un alto par. Sus 20 ajustes de embrague y modo de perforación le permiten un mayor control de la fijación con un freno eléctrico que brinda una máxima productividad y seguridad del operador. . Para un mejor desempeño de tu herramienta, usa accesorios Makita"
22683,"brocha angular 2"" de la marca tumi del area de pinturas para los accesorios para pintar de la linea brochas de procedencia nacional. altura del producto 25.00 cm, ancho del producto 5.20 cm, profundidad del producto 1.20 cm, volumen del producto 156, ean 7750633342925, medidas 5.20x1.20x25.00, tipo de producto brocha, modelo 2"", color blanco, material nylon, garantía 1 año, procedencia nacional, país de origen perú. Brocha ideal para pintar en marcos de ventanas, puertas o cualquier esquina de difícil acceso.. Brocha plana para látex hecho de mango de madera pintada con cabezal de cerdas 100% sintéticas, tiene 612 afilados y horquillados, por esta razón retienen gran cantidad de pintura, facilitando el trabajo. Ideal para pintar ángulos o uniones entre paredes.. Previo a la compra, revisar el tipo de pintura o líquido que va a aplicar y la superficie dónde se aplicará, esto también dependerá el tamaño de la brocha.. Al momento de aplicar la pintura con este producto, la superficie no debe excederse de la misma, es mejor una capa delgada, con un mejor acabado y sin chorreaduras, aunque tengas que aplicarle manos extras. Para limpiar el producto, hacerlo con abundante agua, posterior a esto, lavar con jabón líquido y dejar secar antes de su próxima aplicación."
161814,"fondo preparador 18lt de la marca suvinil del area de pinturas para los productos para resanar de la linea preparacion de superficies de procedencia nacional. altura del producto 34.50 cm, ancho del producto 23.50 cm, profundidad del producto 23.50 cm, volumen del producto 19052.625, ean 7891260096024, medidas 23.50x23.50x34.50, tipo de producto impermeabilizante, modelo sv-53394199, color blanco, material resina látex, garantía por defecto de fabricación, procedencia nacional, país de origen brasil. Mejora la adherencia y durabilidad de la pintura. Los pisos y las paredes permanecen hermosos por mucho más tiempo.. Sellador preparador que mejora la adherencia de las pinturas en superficies porosas o irregulares, ideal para superficies nuevas o reparadas.. Asegurarse de que la superficie esté completamente seca antes de aplicar la pintura.. Usar antes de pintar en superficies que necesiten mejorar la adherencia de la pintura. Ideal para paredes y techos de albañilería."
102801,"lavaseca 11kg dwc-110s silver de la marca daewoo del area de electro hogar para los linea blanca de la linea lavadoras / secadoras de procedencia nacional. volumen del producto 0, ean 2800005005080, color no aplica, garantía 1 año, procedencia nacional. Lavadora/Secadora de gran calidad con un panel digital personalizado de muy fácil manipulación, sistema de lavado Air Bubble y 11 programas que se adecuaran a tus necesidades.. . . "
120844,"mini pro kit 12 pzs modelo 09307-108 de la marca wahl del area de electro hogar para los electrodomesticos de la linea electro varios de procedencia nacional. altura del producto 22.00 cm, ancho del producto 10.50 cm, profundidad del producto 7.10 cm, volumen del producto 1640.1, diametro del producto no se encuentra la informacion, ean 2000001208441, medidas 10.50x7.10x22.00, tipo de producto cortadora, modelo mini pro clipper 9307-108, color blanco, material acero, garantía 2 años, procedencia nacional, país de origen china. Cuchillas autoafilantes que brindan una mayor vida útil. El control de guía ajustable con el pulgar permite múltiples largos de corte con un simple giro de la palanca.. Cuchillas autoafilantes que brindan una mayor vida útil. El control de guía ajustable con el pulgar permite múltiples largos de corte con un simple giro de la palanca.. No se encuentra la informacion. Leer manual de intrucciones. Mantener en espacios secos y limpios."
144526,"adaptador para caño d lavandería de la marca coflex del area de gasfiteria para los accesorios sanitarios de la linea accesorios sanitarios de procedencia nacional. altura del producto 11.00 cm, ancho del producto 13.00 cm, profundidad del producto 22.00 cm, volumen del producto 3146, ean 710631913319, medidas 13.00x22.00x11.00, tipo de producto adaptador, modelo ai-400, color gris, material latón, garantía por defecto de fabricación, procedencia nacional, país de origen estados unidos. Adaptador lavandería Coflex. Fácil instalación. Compatible con AI-101 y AI-102.. . Limpie la rosca del grifo para una instalación más fácil. Instale el adaptador al grifo en forma manual. Instale su aireador rosca interna (vendido por separado). Al utilizar llave inglesa coloque un trapo sobre el aireador para evitar dañarlo. Abra el grifo. En caso de fuga, ajustar firmemente."
11690,"guante multiuso scotch brite t6 de la marca 3m del area de limpieza para los herramientas de limpieza general de la linea guantes de procedencia nacional. altura del producto 24.00 cm, ancho del producto 14.00 cm, profundidad del producto 2.00 cm, volumen del producto 672, ean 21200510045, medidas 14.00x2.00x24.00, tipo de producto guante, modelo multiusos, color azul, material látex, garantía 1 año, procedencia nacional, país de origen estados unidos. Hacer la limpieza del hogar es ahora más fácil gracias a Promart, que tiene para ti el guante multiuso de Scotch, el cual te será de mucha ayuda en el hogar, ya que con el puedes limpiar con total seguridad y protección, además de lavar la ropa sin pensar en que tus manos se maltratarán.. Guantes hechos de látex, ideal para trabajos pesados como limpieza de parrillas, manipulación de químicos o líquidos peligrosos, trabajos de gasfitería, entre otros. Son más gruesos por lo que ofrecen extra resistencia y protección, proteje tus manos del contacto con limpiadores, detergentes o cualquier superficie.. Vienen 2 guantes o un par, medida de producto corresponde a la medida del empaque. Antes de la compra, revisar la talla ideal para sus manos. Talla 6 a 6 1/2.. Evite el ingreso de líquidos o humedad dentro de los guantes, lave los guantes después de usarlos, sequelos al aire libre, preferentemente con los dedos hacia arriba, de manera que cualquier líquido que haya podido ingresar salga."
114167,"zapatera muebles itajai de la marca politorno del area de muebles para los dormitorios de la linea zapateras rta de procedencia importado. acabado melamine, altura del producto 138.00 cm, ancho del producto 46.70 cm, profundidad del producto 16.50 cm, volumen del producto 106335.9, diametro del producto 0, ean 7898936463517, medidas 46.70x16.50x138.00, tipo de producto zapatera, modelo itajai, color marrón, material mdp, garantía 1 año, procedencia importado, país de origen brasil. pOrganiza tus zapatos con estilo y practicidad con la Zapatera de MDP Marrón Castaño Politorno Modelo Itajai. Esta zapatera de 5 niveles cuenta con 5 repisas resistentes y soportes frontales para mantener tus zapatos en orden. Con capacidad para 10 pares, es ideal para dormitorios y espacios reducidos. Su resistente construcción en MDP y acabado en melamina garantizan durabilidad y calidad. Instálala en un ropero o debajo de la cama para aprovechar al máximo tu espacio. Características de la Zapatera de MDP Marrón Castaño Politorno Modelo Itajai:ulliConstrucción en MDP resistente.li5 niveles con capacidad para 10 pares.liSoportes frontales para evitar caídas.liAcabado en melamina de alta calidad.liIdeal para organizar y mantener ordenados tus zapatos./ul. Zapatera de 5 niveles hecho de MDP. Cuenta con 5 repisas con soportes frontales transversales de plástico para evitar que los zapatos se caigan, ideal para organizar espacios y mantener el orden. Capacidad para 10 Zapatos, Resistencia de 5 Kg, Tipo de color: Castaño y tipo de fijaión adosado. Instalar en una superficie 100% plana, ideal para colocar en el interior de un ropero o debajo de la cama. El número de capacidad es por pares de zapatos. Es necesario adosar a la pared para su correcto funcionamiento.  El número de capacidad es por pares de zapatos. Es necesario armar el producto.. Capacidad hasta 10 pares"
13290,"manguera para compresora x 5m de la marca agass del area de herramientas para los accesorios para herramientas electricas de la linea accesorios compresoras de procedencia nacional. volumen del producto 0, ean 2000000132907, tipo de producto manguera, modelo para compresora, color no aplica, garantía 1 año, procedencia nacional. . . . "
163544,"set acces baño 3 pzas classic cromado de la marca orange del area de baños para los organizacion de baño de la linea sets adosados de procedencia importado. acabado no aplica, tamaño del producto moderado, altura del producto 15.00 cm, ancho del producto 11.00 cm, profundidad del producto 6.50 cm, volumen del producto 1072.5, ean 2000001635445, medidas 11.00x6.50x15.00, tipo de producto accesorios, modelo 3c590scc, color no aplica, material acero, garantía por defecto de fabricación, procedencia importado, país de origen china. . . . "
150585,"roller  blk out santos wht 83,5/80x160cm de la marca inspire del area de organizacion y decoracion para los persianas y cortinas de la linea rollers de procedencia importado. altura del producto 160.00 cm, ancho del producto 80.00 cm, profundidad del producto 4.50 cm, volumen del producto 57600, diametro del producto 0, ean 3276007164152, medidas 80.00x4.50x160.00, tipo de producto persiana, modelo n&d moscou, color blanco, material poliéster, garantía 2 años, procedencia importado. Las cortinas Roller caen elegantemente delante de las ventanas. Dependiendo el color estas le otorgarán determinada opacidad a tus ambientes.. De fácil instalación. Sistema reversible. Detiene toda la luz que entra en la habitación. 100% poliéster. Tubo superior de aluminio de 25 mm. Barra inferior de PVC. Mecanismo de plástico. Caja pet con tarjeta de inserción.. . Tomar todas las medidas pertinentes antes de su instalación."
159604,"i&o-set x4 tazas con rack otoño de la marca orange del area de tendencias para los colecciones de la linea cocina de procedencia importado. altura del producto 7.70 cm, ancho del producto 8.50 cm, profundidad del producto 8.50 cm, volumen del producto 556.325, ean 2000001596043, medidas 8.50x8.50x7.70, tipo de producto cocina, modelo no aplica, color gris, material cerámica, garantía 1 año, procedencia importado, país de origen china. Set de 4 Tazas con Rack Otoño Orange. Disfruta de lo más nuevo que Promart.pe trae para ti.. No aplica. . "
107053,"brilla en la obscuridad spiderman de la marca disney golden del area de pinturas para los acabados especiales de la linea stickers de procedencia nacional. altura del producto 25.50 cm, ancho del producto 45.00 cm, profundidad del producto 0.10 cm, volumen del producto 114.75, ean 7754911002006, medidas 45.00x0.10x25.50, tipo de producto sticker, modelo spiderman  brilla en la oscuridad, color multicolor, material papel, garantía por defecto de fabricación, procedencia nacional, país de origen china. Estos Deco Stickers llenarán el cuarto de tu hijo con la magia de los más divertidos personajes de Marvel. Ideal para decorar muros de dormitorios.. . Siempre trabaja sobre una superficie seca y limpia."
143261,"mezcl dcha monoc hasen de la marca urrea del area de baños para los griferia de baño de la linea mezcl. ducha de procedencia nacional. volumen del producto 0, ean 7506344109452, tipo de producto mezcladora, modelo hasen, color plata, material bronce, garantía de por vida por defectos de fabricación, procedencia nacional, país de origen méxico. Báñate cómodamente y a la temperatura ideal con esta moderna mezcladora para ducha que combina diseño y durabilidad.. Monocomando. Presión mínima requerida para su buen funcionamiento de 0.8 kg/cm2 en el aireado.. . Antes de conectar la alimentación del agua, asegúrese de purgar las líneas para evitar filtraciones de impurezas que puedan dañar el funcionamiento. Para la limpieza usar siempre una tela suave húmeda y luego secar."
72999,"bisagra 35mm/135°doble ang de la marca ducasse del area de ferreteria para los articulos para el mueblista de la linea bisagras para mueble de procedencia nacional. acabado brillante, tamaño del producto moderado, volumen del producto 0, ean 7805738001489, tipo de producto bisagra, modelo 869-p44 doble angular 35 mm, color plata, material acero, garantía por defecto de fabricación, procedencia nacional, país de origen italia. Bisagra doble angular fabricada en acero inoxidable de 35 mm con una apertura de 135°. Regulación tridimensional. . Verificar posición de puerta."
157525,"modulo aereo basculante 70cm havana de la marca casa mia del area de cocina para los muebles de cocina de la linea muebles modulares basicos de procedencia importado. acabado pintura uv, altura del producto 34.00 cm, ancho del producto 70.00 cm, profundidad del producto 30.00 cm, volumen del producto 71400, diametro del producto 0, ean 7899467135522, medidas 70.00x30.00x34.00, tipo de producto mueble de cocina, modelo havana, color marrón, material mdp, garantía 3 meses, procedencia importado, país de origen brasil. Modulo de Cocina Aereo Havana Basculante MDP 70cm CasaMia. Disfruta de lo más nuevo que Promart.pe trae para ti.. Transforma cualquier ambiente en un espacio sofisticado.. Recomendamos contratar el servicio de armado e instalación de Promart para conservar la garantía.. Limpiar con un trapo seco o húmedo. No es necesario el uso de abrillantador y/o cera para su mantenimiento."
146454,"pack embutir 2g 50 p.princ ac.inox estandar de la marca cantol del area de ferreteria para los chapas y cerrajeria de la linea cerraduras embutir de procedencia nacional. acabado no aplica, tamaño del producto moderado, altura del producto 27.80 cm, ancho del producto 11.30 cm, profundidad del producto 2.50 cm, volumen del producto 785.35, ean 7753960006676, medidas 11.30x2.50x27.80, tipo de producto cerradura, modelo estándar, color plata, material acero inoxidable/metal, garantía 5 años, procedencia nacional, país de origen perú. pAsegura tu hogar con la Cerradura de Embutir Cantol 2G 50 para principal acero inoxidable estándar. Ideal para puertas interiores de madera, ofrece alta seguridad y durabilidad, gracias a su construcción en acero inoxidable. Su sistema de doble avance, con llave en el exterior y mariposa en el interior, proporciona comodidad y control total. Este pack incluye todos los componentes necesarios para una instalación sencilla: cerradura, portacilindro, set de manijas, contrafrente y tres llaves. Características y beneficios del Pack Embutir Cantol 2g 50 para principal acero inoxidable estandar: Cerradura de embutir con doble avance, ideal para puertas principales de madera.br• Fabricada en acero inoxidable para mayor durabilidad y resistencia.br• Diseño funcional y seguro con llave exterior y mariposa interior.br• Incluye 3 llaves y todos los accesorios necesarios para una instalación completa.. Cerradura de embutir para puerta interior de 1 barrote de doble avance, con llave por el exterior y mariposa por el interior.. . Ideal para puertas principales de madera."
150934,"llave lavat crux cr baja de la marca fv del area de baños para los griferia de baño de la linea llaves lavat de procedencia nacional. altura del producto 11.50 cm, ancho del producto 5.60 cm, profundidad del producto 9.00 cm, volumen del producto 579.6, diametro del producto 0, ean 820132111432, medidas 5.60x9.00x11.50, tipo de producto llave, modelo crux e220.01/y4, color plata, material latón, garantía 5 años, procedencia nacional, país de origen ecuador. Promart trae para ti esta llave para lavatorio de moderno diseño que quedará muy bien dentro de la decoración de tu baño.. Cuerpo central de la llave fabricada en aleación de cobre y zinc (latón). Manija fabricada en ABS cromado. Sistema de cierre de cartucho cerámico. Cuenta con aireador para un chorro más confortable. Bajo contenido de plomo. Contiene menos del 2.5% aprobado por norma. Superficie libre de defectos o rayaduras. Producto probado para resistir oxidación o corrosión. Funcionamiento adecuado desde 20-125 PSI. Sistema de cierre probado hasta los 500000 ciclos sin presentar fugas. Probada a 500 PSI durante 1 min sin presentar desgaste. Econsumo 8.3 l/min. Acabado cromado.. Norma nacional: : NTE INEN 3123 (GRIFERÍA-LLAVES): 2019. Norma internacional: ASME A112.18.1 CSA B125.1: 2018.. Recomendada para lavabos de pared o de pedestal."
38402,"llanta p185/70r14t h724 de la marca hankook del area de herramientas para los automotriz de la linea llantas de procedencia nacional. volumen del producto 0, ean 2000000384023, color no aplica, garantía 1 año, procedencia nacional. . . . "
133218,"pistola para silicona 40w de la marca kamasa del area de herramientas para los accesorios para herramientas electricas de la linea accesorios compresoras de procedencia nacional. volumen del producto 0, ean 2000003652570, tipo de producto pistola, modelo no aplica, color negro, material plástico, garantía 06 meses por defectos de fabricación, procedencia nacional. Pistola para silicona fabricada en plástico resistente al calor. Ideal para usar en espacios reducidos, usa silicón estándar.. Se usa para calentar silicona y así poder pegar, luego de 60 segundos, diferentes objetos y materiales. Potencia 40 W. Material resistente al calor. Usa silicón estándar.. . Trabajar en un área limpia y bien iluminada. Manipular con cuidado."
133731,"disco diamantado para pulir 180mm de la marca kamasa del area de herramientas para los accesorios para herramientas electricas de la linea discos de corte de procedencia nacional. ancho del producto 15.00 cm, volumen del producto 0, ean 2000003653027, tipo de producto disco, modelo no aplica, material acero, garantía 06 meses por defectos de fabricación, procedencia nacional. Se utilizan para cortar y desgastar metales, cerámicos, plásticos, entre otros materiales. Ofrece mayor rapidez, con cortes precisos.. Resistente a los golpes y el calor. Punta de corte está hecha con una mezcla de polvo metálicos y diamante. Se usa para pulir o desvastar en concreto, ladrillo, piedra, granito y otros materiales de construcción.. . Trabajar en un área limpia y bien iluminada. Manejar y almacenar cuidadosamente."
18359,"bushing 1/2"" a 3/8"" galvanizado werken de la marca magnum del area de gasfiteria para los tubos y conexiones de la linea acces y conec galvan de procedencia nacional. tamaño del producto pequeño, altura del producto 2.50 cm, ancho del producto 2.40 cm, profundidad del producto 2.40 cm, volumen del producto 14.4, ean 20278434, medidas 2.40x2.40x2.50, tipo de producto bushing, color plata, material fierro galvanizado, garantía 1 año, procedencia nacional, país de origen china. Promart te trae este Bushing galvanizado que te permitirá usarlo en distintos trabajos de gasfitería como en el hogar, oficina, colegio, etc. Es resistente y durará por mucho tiempo ya que ha sido fabricado con hierro galvanizado.. Reducción de 1/2"" a 3/8"".  Rosca NPT para instalación alineada.Libre de óxido, porosidad y buen corte final para no dañar el empaque.Proceso de galvanizado en caliente de alta resistencia.. Para instalaciones de uso en la construcción de su hogar.. Para instalaciones roscadas, se recomienda utilizar cinta teflón. O tambien usar  formador de empaquetadura. Es necesario utilizar herramientas para el ajuste para una instalación segura."
148321,"paño industrial rollo 88 und de la marca eterna del area de limpieza para los herramientas para pisos y superficies de la linea paños multiusos de procedencia nacional. altura del producto 28.00 cm, ancho del producto 14.00 cm, profundidad del producto 14.00 cm, volumen del producto 5488, diametro del producto 0, ean 7702037876834, medidas 14.00x14.00x28.00, tipo de producto paño, modelo rollo, color blanco, material otros, garantía por defecto de fabricación, procedencia nacional, país de origen colombia. Ideal para limpiar y secar diferentes superficies en el hogar como vidrios, baños, paredes y cocinas.. Es la mejor solución para los retos de limpieza más difícil a nivel institucional e industrial. Diseñado con tecnología UltraClean, la cual incorpora en toda la superficie de paño un alto relieve en forma de panal que permite una rápida y máxima absorción y retención de suciedad, líquidos, grasas y aceites. Gracias a su composición reforzada con polipropileno, posee una mayor duración, resistencia al desgaste, abrasión y desgarre. Es completamente lavable y reutilizable.. . Ideal para reemplazar toallas de papel y trapos de tela convencionales."
150897,"base macetero madera peq cafe cedro de la marca pica del area de jardin para los deco jardin de la linea macetas de procedencia importado. altura del producto 3.20 cm, ancho del producto 26.60 cm, profundidad del producto 26.60 cm, volumen del producto 2264.192, diametro del producto 26.60 cm, ean 7861198892937, medidas 26.60x26.60x3.20, tipo de producto base, modelo madeira, material polietileno, garantía 1 año, procedencia importado, país de origen ecuador. pDestaca en tu jardín o terraza con la Base macetero Pequeño Café Cedro Pica. Este soporte resistente, de forma circular y color café cedro, es ideal para macetas pequeñas. Con una capacidad de hasta 6.7 litros, garantiza estabilidad en superficies planas. El material de polietileno asegura durabilidad y fácil limpieza. Evita sobrepasar su capacidad y detergentes abrasivos. Añade un toque de elegancia a tus plantas con este accesorio de jardinería. Características de la Base macetero Pequeño Café Cedro Pica:ul liSoporte resistente de polietileno. liDiseño circular para macetas pequeñas. liCapacidad de hasta 6.7 litros. liAltura de 3.2 cm y ancho de 26.6 cm. liIdeal para jardines o terrazas./ul. Soporta hasta 6.7 litros.. . Colocar en superficies planas."
58541,"sonax protector de interiores 500ml aroma limón de la marca sonax del area de herramientas para los automotriz de la linea limpieza y aditivos de procedencia nacional. altura del producto 23.50 cm, ancho del producto 9.00 cm, profundidad del producto 6.00 cm, volumen del producto 1269, ean 4064700358249, medidas 9.00x6.00x23.50, tipo de producto protector, modelo interior, color verde, material otros, garantía 1 año, procedencia nacional, país de origen alemania. Promart, cuenta con una gama completa de productos innovadores que ofrecen soluciones específicas para la limpieza de vehículos, además de aditivos automotrices; brindando excelencia en la calidad y garantía.Los protectores de Sonax (interiores), limpian y cuidan todas las partes de plástico en el interior del coche. Antiestático, anti-polvo y protectivo. Confiere brillo y frescura para madera y plástico. Sin silicona.. Limpia y protege todos los componentes de plástico en el interior del auto. Conserva la superficie mate y no contiene silicona. La formula repelente al polvo y antiestática protege las superficies de plástico. Evitando que se vuelvan a ensuciar.. Producto con un tiempo de vida de 5 años desde su fecha de fabricación. Revisar fecha impresa. Libre fosfato y amoniaco. Productos ecológicos.. Leer las indicaciones de cómo aplicar el producto para realizar un uso correcto y tener un buen desempeño. Mantener el producto en un lugar fresco seco, y ventilado."
140132,"bestway piscina rectangular 4.88x2.44x1.22m de la marca bestway del area de jardin para los productos para piscinas de la linea piscinas de procedencia nacional. altura del producto 122.00 cm, ancho del producto 2.44 m, profundidad del producto 4.88 m, volumen del producto 1452.6784, ean 6942138987225, medidas 2.44x4.88x122.00, tipo de producto piscina, modelo 56670, color gris, material pvc, garantía 06 meses por defectos de fabricación, procedencia nacional, país de origen china. Refréscate este verano junto a tu familia con esta práctica piscina que puedes colocarla en tu patio o jardín.. Configuración fácil. Marcos metálicos resistentes a la corrosión. PVC de alta resistencia y paredes laterales de poliéster de 3 capas. La válvula de drenaje con control de flujo incorporada facilita el vaciado al conectar la válvula a una manguera de jardín (adaptador incluido) para vaciar el agua. El dispensador ChemConnect mantiene y proporciona agua limpia y saludable para la piscina. La liberación del dispensador proporciona un nivel estable de cloro necesario para un equilibrio químico adecuado. Capacidad de agua (al 90%): 11532 litros. Las paredes laterales extrafuertes de esta piscina están construidas con Tritech, un material reforzado de 3 capas con un núcleo de malla de poliéster encerrado entre dos capas de material de PVC de alto calibre.. . Armar sobre una superficia plana"
124306,"mezc lavat monoc a la pared romantik night cr de la marca vainsa del area de baños para los griferia de baño de la linea mezcl. lavat de procedencia nacional. volumen del producto 0, ean 7756513234687, tipo de producto mezclador, modelo night, garantía de por vida por defectos de fabricación, procedencia nacional. Mezcladora para lavatorio tiene un diseño vanguardista con un fino acabado que resaltará la decoración de tu baño. No dejes de comprar este producto en Promart.pe. Diseño único. Excelente calidad y durabilidad.. . Leer las instrucciones de instalación."
81471,"llave temp lavat pared cr de la marca vainsa del area de baños para los griferia de baño de la linea institucional de procedencia nacional. altura del producto 10.00 cm, ancho del producto 5.00 cm, profundidad del producto 5.00 cm, volumen del producto 250, diametro del producto 0, ean 7756513224244, medidas 5.00x5.00x10.00, tipo de producto llave, modelo pared cr, color plata, material bronce, garantía 1 año, procedencia nacional, país de origen perú.  Ahorro de 0.35 litros por descarga.br• Cuenta con aireador de tipo anti vandálico (mezcla agua con aire sin perder sensación de cantidad de caudal).br• Filtro anti impurezas de polipropileno, que evita el paso de cuerpos solidos al sistema temporizado.. Es una llave temporizada para lavatorio que se instala en la pared. Tiene un diseño moderno y minimalista, y está fabricada en latón cromado de alta calidad. La llave cuenta con un cartucho cerámico que garantiza una larga vida útil y un funcionamiento suave. También cuenta con un sistema de ahorro de agua que ayuda a reducir el consumo de agua hasta en un 50%. Instalar adecuadamente para una mejor duración y eficiencia del productos.. Limpia la llave regularmente con un paño suave y agua jabonosa. No uses limpiadores abrasivos o productos químicos para limpiar la llave. Si la llave no funciona correctamente, contacta con el servicio de atención al cliente de Vainsa."
134647,"tapatornillo adhesivo olmo pardo 100u de la marca grm del area de ferreteria para los articulos para el mueblista de la linea accesorios muebles de procedencia nacional. acabado no aplica, tamaño del producto moderado, altura del producto 19.00 cm, ancho del producto 14.00 cm, profundidad del producto 0.50 cm, volumen del producto 133, ean 2000001346471, medidas 14.00x0.50x19.00, tipo de producto tapatornillo, modelo olmo pardo 100u, material pvc, garantía por defecto de fabricación, procedencia nacional, país de origen perú. . Mejor presentacin para su mueble. Complemento ideal para dar acabado decorativo en muebles de melamina.. Asegúrese de que la superficie a trabajar esté seca y libre de polvo."
49019,"copa bim. 88l 5-1/2""(140mm) de la marca lenox del area de herramientas para los accesorios para herramientas electricas de la linea accesorios de herramientas de procedencia nacional. volumen del producto 0, ean 82472300888, color no aplica, garantía 1 año, procedencia nacional. . . . "
139653,"látex satinado color gris claro x 4l de la marca gamax del area de pinturas para los pinturas al latex de la linea latex premium de procedencia nacional. acabado satinado, altura del producto 50.00 cm, ancho del producto 40.00 cm, profundidad del producto 40.00 cm, volumen del producto 80000, ean 2000001396537, medidas 40.00x40.00x50.00, tipo de producto pintura, modelo satinado color, color blanco, material resina látex, garantía 1 año, procedencia nacional, país de origen perú. . De calidad superior para interiores y exteriores, de alto rendimiento y poder cubriente, con propiedades antihongo. bajo contenido de VOC. Contiene pigmentos seleccionados que junto con la resina presentan alta resistencia al a los rayos solares UV, manteniendo sus colores firmes. Excelente nivelación y fino acabado para todo tipo de ambientes.. . La superficie debe estar libre de polvo, grasa y cualquier agente contaminante. Se recomienda homogenizar bien antes de aplicar la pintura. Sobre superficies previamente pintadas lijar suavemente y eliminar el polvillo. Sobre superficies nuevas de concreto o yeso es recomendable dejar secar 30 días antes de aplicar la pintura."
15110,"manguera flexible 1¿ con codo (500 mm.) de la marca luise del area de gasfiteria para los bombas de agua de la linea accesorios equipos hi de procedencia nacional. altura del producto 4.00 cm, ancho del producto 4.00 cm, profundidad del producto 54.00 cm, volumen del producto 864, ean 7754645000057, medidas 4.00x54.00x4.00, tipo de producto accesorios, modelo 500 mm, color no aplica, material acero, garantía 1 año, procedencia nacional, país de origen italia. Es ideal para aplicaciones dinámicas en donde se necesite conducir un fluido entre un punto estático de la tubería y otro que se mueve.. Mangueras flexibles con trenzado y casquillos de acero inoxidable, racores de latón niquelado y manguera de caucho EPDM de gran espesor.. Estas mangueras flexibles garantizan inalterabilidad y no toxicidad gracias a los materiales utilizados en su construcción.Por tanto, pueden utilizarse en sistemas donde se desee evitar la aparición de herrumbres u óxidos y para el tratamiento de fluidos que deban mantener intacta su atoxicidad.. Funcionamiento de Equipos Hidroneumaticos."
116327,"taza   tanque   asiento cancun bone de la marca italgrif del area de baños para los sanitarios de la linea 2 piezas de procedencia nacional. acabado vitrificado, tamaño del producto moderado, altura del producto 70.80 cm, ancho del producto 37.50 cm, profundidad del producto 62.20 cm, volumen del producto 165141, ean 7756513017242, medidas 37.50x62.20x70.80, tipo de producto taza + tanque +asiento de inodoro, modelo cancún, color beige, material loza, garantía de por vida, procedencia nacional, país de origen perú. Loza vitrificadaInodoro de 2 piezasDescarga accionada por botón dual ubicado en la parte superior del tanqueInodoro de bajo consumo de agua: 1.28GPF 4.8 LPFInstalación a 12"" (30.5cm) de la paredTaza redonda de aro abierto. Taza de Inodoro + Tanque hecho de 100% Loza vitrificada por proceso de horno de alta temperatura y esmalte de alta resistencia y larga vida, de aro redondo con tapa de caida estándar. Los estándares normativos para este producto son: ASME A112.19.2/ CSA B45.1, ASME A112.19.14, diseño de trampa con óptimo barrido que evita retroceso de gases o malos olores, sifón de máxima eficiencia con una sola descarga, sello hidráulico: 51 mm, diseño compacto, perfecto para espacios reducidos. Producto ahorrador, consumo de agua 6.0 lpf (descarga de sólidos) y 4.0 lpf (descarga para líquidos), descarga accionada por botón simple ubicado en la parte superior del tanque, presión mínima de agua: 8 PSI.. Este Inodoro es de 2 piezas, es decir, tanque y taza vienen por separados. Instalar en una superficie 100% plana, puede complementar su compra con Kit de instalación para inodoros, Lavatorio y pedestal del mismo modelo. Antes de la instalación purge las salidas de agua de donde se va a alimentar el tanque del inodoro para su correcto funcionamiento. Las dimensiones y especificaciones de este producto están sujetas a cambio sin previo aviso.. Para la limpieza del inodoro es necesario que use guantes, friega bien la parte externa del tanque con desinfectante o detergente líquido aplicando con esponja. Recomendamos limpiar la parte interna con desinfectante aplicando con un paño o esponja, luego enjuagar el mismo, tambien puede utilizar una solución de agua, jabón y vinagre (Solo en caso de presentarse presencia de sarro). El tanque se fija con pernos de anclaje que incluye con el sistema de tanque interno a la taza. Asegurese que las instalaciones sanitarias de su baño estén en óptimo estado, recomendamos limpiarlo con desinfectante aplicando con un paño o esponja, luego enjuagar el mismo, tambien puede utilizar una solución de agua, jabón y vinagre (Solo en caso de presentarse presencia de sarro). La taza de inodoro se fija con pernos de anclaje y sella las juntas con silicona con fungicida. Asegurese que las instalaciones sanitarias de su baño estén en óptimo estado."
125958,"dado destorn. 17mm hex.enc 1/2 de la marca bahco del area de herramientas para los herramientas de mano de la linea alicates y herramientas de corte de procedencia nacional. volumen del producto 0, ean 7314151831028, tipo de producto dado, garantía de por vida por defectos de fabricación, procedencia nacional, país de origen suiza. Para todos tus proyectos siempre podrás contar con los productos que te ofrece Promart.. . . Leer las instrucciones de uso."
28890,"lavadero atlantico 2 pzas sin e 75x47.3 cm de la marca record del area de cocina para los lavaderos de la linea lavaderos de acero inoxidable de procedencia nacional. acabado mate, altura del producto 21.00 cm, ancho del producto 75.50 cm, profundidad del producto 47.50 cm, volumen del producto 75311.25, diametro del producto 0, ean 7750287005573, medidas 75.50x47.50x21.00, tipo de producto lavadero, modelo océano atlántico 2pozas s/e, color plata, material acero inoxidable, garantía de por vida, procedencia nacional, país de origen perú. Lavadero de 2 pozas fabricado en acero inoxidable con un acabado suave al tacto. Especialmente diseñado para muebles de mármol, granito o cuarzo.. Lavadero de acero inoxidable 2 pozas de 1 mm de espesor con acabado satinado, de alta calidad y gran durabilidad. Resistente a la corrosión. Bordes para pegar por debajo de tableros de piedra (Granito, Cuarzo y Mármol). Perforación para desagüe de 3 1/2"". Viene con superficie protector de goma antiruido.. Se recomienda instalar solo en tablero de granito, mármol o cuarzo, no viene con perforación para grifería. Cuenta con certificación ISO 9001.. No instalar cerca a las piscinas. No limpiar con ácidos, mantener siempre seco después de usarlo.Se recomienda la instalación por un experto, para evitar fugas, etc. Limpiar con detergentes normales neutros. Usar esponja blanca o paño."
127984,"tricombo cl610 gbc 64003 kib hbb535 de la marca teka del area de electro hogar para los empotrado  de la linea cocinas encimeras de procedencia nacional. volumen del producto 0, ean 2000001279847, tipo de producto cocina + campana + horno, modelo campana: c9319/ cocina: ep 60 4g/horno: hsb 610, garantía 3 años, procedencia nacional. Engríe a los que más quieres preparando deliciosos platillos con este magnífico COMBO de cocina + campana + horno. Lo mejor lo encuentras en Promart.pe ¡No esperes más y compra ya!. Campana: Posee panel de mandos pulsantes, filtros metálicos curvos lavables en lavavajillas, filtro de carbón activo para recirculación de aire y válvula antirretorno. Cocina: Cuenta con panel mecánico lateral, parrillas de hierro fundido y autoencendido incluido en cada quemador.  Medidas de encastre de cocina: 55.7x47.7 cm. Horno: Sistema de limpieza Teka HydroClean ECO. Multifunción, de cocinado rápido, con programador mecánico de paro de cocción;cuenta con sistema de guía plus-extension y cinco alturas de cocinado;ventilación dinámica, puerta de doble cristal.. . La instalación y ajuste deben ser efectuados por un técnico autorizado de acuerdo a las normas de instalación en vigor."
115692,"mezc monoc lavat punta cana baja de la marca italgrif del area de baños para los griferia de baño de la linea mezcl. lavat de procedencia nacional. acabado cromado, tamaño del producto moderado, altura del producto 20.00 cm, ancho del producto 4.50 cm, profundidad del producto 16.00 cm, volumen del producto 1440, ean 7756513010731, medidas 4.50x16.00x20.00, tipo de producto llave, modelo punta cana, color plata, material bronce, garantía de por vida, procedencia nacional. Las llaves monocomando permiten mezclar agua fría y caliente en la misma llave.Punta Cana de Italgrif está fabricada en bronce muy resistente y un acabado cromado.Cuenta con un sistema de cierre de 1/4 de giro.. Mecanizmo de cierre cartucho cerámico. Presión mínima PSI.. . Maniobrar con cuidado para evitar el deterioro del grifo, limpiar con un paño seco, en caso de acumulación de sarro limpiar con vinagre blanco y agua tibia. Presión de trabajo recomendable de 20 PSI a 70 PSI."
163641,"vela aromática forma estrella 5.5cm navidad de la marca orange del area de tendencias para los productos check out de la linea productos check out de procedencia importado. altura del producto 22.00 cm, ancho del producto 24.00 cm, profundidad del producto 18.00 cm, volumen del producto 9504, ean 2000001636411, medidas 24.00x18.00x22.00, tipo de producto vela, modelo navidad, color oro, material parafina, garantía por defecto de fabricación, procedencia importado, país de origen china. . . . "
130874,"vinera os-pwcc2800b 28 bot de la marca oster del area de electro hogar para los linea blanca de la linea refrigeradoras de procedencia nacional. acabado no aplica, altura del producto 83.00 cm, ancho del producto 48.00 cm, profundidad del producto 43.00 cm, volumen del producto 171312, ean 811175024698, medidas 48.00x43.00x83.00, tipo de producto vinera, modelo ospwcc2800b, color negro, material metal, garantía 1 año, procedencia nacional, país de origen china. Lúcete con las nuestras vineras y manten tus vinos conservados para toda ocasión.. Capacidad para 28 botellas. Panel digital. Puerta de vidrio.. Garantía de 1 año. Capacidad para 28 botellas.. Para un correcto funcionamiento de su equipo, es recomendable ubicarlo a unos 15 cm de la pared."
61941,"colchon medallon con ergo queen de la marca paraiso del area de muebles para los dormitorios de la linea colchones de procedencia nacional. volumen del producto 0, ean 2000000619415, tipo de producto colchón, color no aplica, garantía 1 año, procedencia nacional. . . . "
18862,"bis. rem. acero zincada 3 x 2 x 2 und. de la marca bisa del area de ferreteria para los herrajeria de la linea bisagras puertas y ventanas de procedencia nacional. acabado brillante, tamaño del producto pequeño, altura del producto 7.50 cm, ancho del producto 5.00 cm, profundidad del producto 0.10 cm, volumen del producto 3.75, ean 7750286737789, medidas 5.00x0.10x7.50, tipo de producto bisagra, modelo remachada 3'' x 2"", color plata, material acero, garantía por defecto de fabricación, procedencia nacional, país de origen perú. Bisagra de acero con un acabado zincado. Recomendable para todo tipo de muebles de madera, ventanas, artesanías, closets y puertas.. Bisagra tipo libro fabricado en acero laminado al frio, con  acabado final zincado, resistente a la corrosión, cuenta con pasador remachado que le ofrece mayor seguridad.. Para puertas de madera, armarios, cajones etc, puertas interiores que no esten expuestas a la intemperie, en zonas de excesiva humedad o niveles de salinidad. Número de piezas: 2. Teniendo en cuenta el peso de la puerta se recomienda el uso de determinado número de unidades de bisagras por cada hoja de puertas. Leer las instrucciones antes de la instalación, bisagra de montaje sencillo, es necesario contar con equipos de protección personal y tener el conocimiento necesario para manipular herramientas."
133642,"disco de corte para acero inox 180x1.6x22.23 de la marca kamasa del area de herramientas para los accesorios para herramientas electricas de la linea discos de corte de procedencia nacional. altura del producto 2.00 cm, ancho del producto 1.50 cm, profundidad del producto 18.00 cm, volumen del producto 54, ean 2000003604111, medidas 1.50x18.00x2.00, tipo de producto discos, modelo no aplica, color naranja, material acero, garantía 06 meses por defectos de fabricación, procedencia nacional. Discos de corte y trabajo en metales. Discos de alto rendimiento para el uso duradero profesional.. Alta dureza y capacidad para el trabajo en metales.. . Se usa para cortes en acero inoxidable."
112566,"bordeadora electrica 250w gc-et 2522 de la marca einhell del area de jardin para los maquinaria de jardin de la linea motoguadañas de procedencia importado. altura del producto 40.80 cm, ancho del producto 12.00 cm, profundidad del producto 19.20 cm, volumen del producto 9400.32, ean 4006825616699, medidas 12.00x19.20x40.80, tipo de producto orilladora, modelo gc-et 2522, color rojo, material metal/plástico, garantía 3 años, procedencia importado, país de origen china. pLa Bordeadora Eléctrica Einhell GC-ET 2522 250W es la herramienta perfecta para mantener tus espacios verdes impecables. Con un ancho de corte de 22 cm y una potencia de 250 W, esta orilladora eléctrica garantiza un corte preciso y eficiente. Su diseño en color rojo vibrante la hace fácil de identificar en tu kit de jardinería. Con garantía de 2 años, esta bordeadora Einhell es ideal para uso profesional, ofreciendo velocidad sin carga de 1200 Rpm y un peso ligero de 1.1 kg. h2Características de la Bordeadora Eléctrica Einhell GC-ET 2522 250W Rojo Orilladora 22 cm: ul  liAncho de corte de 22 cm para un trabajo eficiente.  liPotente motor eléctrico de 250 W.  liDiseño en color rojo para estilo y visibilidad.  liGarantía de 2 años para tranquilidad del usuario.  liIdeal para uso profesional con velocidad de 1200 Rpm.ul. Ancho de corte 220 mm. Diámetro de hilo 1.2 mm. Longitud de la rosca 600 cm.. Almacenar en lugar limpio, fresco y seco. Mantener fuera del alcance de los niños.. Usar implementos de seguridad adecuados."
82793,"triplay tipo okoume 3.2mm 1.22x2.44m de la marca sumec del area de materiales de construccion para los tableros estructurales de la linea triplay decorativo de procedencia importado. altura del producto 3.20 cm, ancho del producto 244.00 cm, profundidad del producto 122.00 cm, volumen del producto 95257.6, ean 2000000827933, medidas 244.00x122.00x3.20, tipo de producto plywood, modelo okoume, color marrón, material madera, garantía 1 año, procedencia importado, país de origen china. pPromart, en esta ocasión, te proporciona accesorio de calidad superior en tableros estructurales de triplay, para que realices todo tipo de construcciones. El okoume contrachapado de Sumec, es de 3.22 milímetros de espesor e ideal para utilizarlo en construcción de viviendas y mobiliario. ¡Con la calidad que solo los productos de Sumec te ofrecen! ¡Compra online el Triplay Plywood fenólico okoume 3.2mm 1.22x2.44 metros al mejor precio!h2Beneficios: Triplay Plywood fenólico okoume 3.2mm 1.22x2.44 metrosulliRobustez garantizada: Espesor de 32 mm para una máxima durabilidad.liVersatilidad de uso: Ideal para muebles, tabiques y cercados.liEstético: Acabado natural que realza la belleza de tus proyectos.liDimensiones eficientes: Tamaño de 1.22x2.44 metros para adaptarse a diversas necesidades.liConfianza y seguridad: Protegido por una garantía de un año./ul. Superficie de madera para muebles.. Producto no repelente a la Humedad.. Usar herramientas y equipo de protección necesarios. Almacenar de forma correcta el producto, una mala manipulación puede dañar el producto."
157746,"silla giratoria tauro negro de la marca orange del area de muebles para los oficinas de la linea sillas/sillones giratorios de procedencia importado. altura del producto 94.00 cm, ancho del producto 56.00 cm, profundidad del producto 49.00 cm, volumen del producto 257936, ean 2000001577462, medidas 56.00x49.00x94.00, tipo de producto silla, modelo tauro, color negro, material poliéster, garantía 1 año, procedencia importado, país de origen china. Silla de Oficina Giratoria Orange Tauro Negro. Disfruta de lo más nuevo que Promart.pe trae para ti.. Silla giratoria para oficina o escritorio. . "
17652,"juego de llaves torx tipo navaja x 8pzas de la marca truper del area de herramientas para los herramientas de mano de la linea llaves de procedencia nacional. acabado pulido, altura del producto 11.00 cm, ancho del producto 3.50 cm, profundidad del producto 2.50 cm, volumen del producto 96.25, ean 7501206640579, medidas 3.50x2.50x11.00, tipo de producto llaves, modelo torx- x8, color plata, material acero, garantía 1 año, procedencia nacional, país de origen méxico. Juego de llaves Allen tipo navaja fabricadas en acero al cromo vanadio con recubrimiento satinado 3 veces más resistente a la corrosión.. Set de llaves torx, tipo navaja. Forjadas en acero al cromo vanadio. Capa satinada 3 veces mas resistente a la corrosión. Organizador abatible tipo navaja. Organizador conserva las llaves juntas listas para usarse o guardarse.. Este producto no brinda protección contra descargas eléctricas. Producto no es inoxidable. Medida del set en su organizador.. Mantener el producto en un lugar limpio y ventilado, lejos de humedad. Almacenar la herramienta lubricada, si es por largo tiempo. Respetar las capacidades optimas de uso. Elegir la medida correcta, permitirá facilitar un mejor desempeño y mayor durabilidad del producto."
130523,"foco led gu5.3 6w luz amarilla de la marca luminika del area de iluminacion para los focos de la linea dicroicos de procedencia nacional. altura del producto 4.90 cm, ancho del producto 5.00 cm, profundidad del producto 5.00 cm, volumen del producto 122.5, ean 7759138000446, medidas 5.00x5.00x4.90, tipo de producto foco, modelo gu5.3, color blanco, material policarbonato/aluminio, garantía 1 año, procedencia nacional, país de origen china. De bajo consumo. Ofrece enorme ahorro de energía, hasta un 90% en comparación con las bombillas traicionales incandescentes. Baja inversión inicial. Costo de mantenimiento más bajo. Ideal para interiores.. Encendido instantáneo. Libre de mercurio. Baja emisión de calor. Protección medio ambiente.. . Ideal para oficinas, centros comerciales, salas de conferencias, corredores, pasillos."
156015,"caja modular 4x2 de la marca werken del area de electricidad para los tuberias, canaletas y conexiones de la linea caja/acces p/tuberia de procedencia nacional. altura del producto 12.30 cm, ancho del producto 8.00 cm, profundidad del producto 4.50 cm, volumen del producto 442.8, ean 2000001560150, medidas 8.00x4.50x12.30, tipo de producto caja movil + caja rectangular, modelo adosable, color blanco, material polipropileno, garantía 1 año, procedencia nacional, país de origen perú. Caja para iluminacion led y dicroico Disfruta de lo más nuevo que Promart.pe trae para ti.. Caja para iluminacion led y dicroico. La instalación debe ser realizada por un especialista. Para redes de baja y mediana tensión 220V, 380V, 440V, 50HZ, 60HZ"
100571,"resist elect para  maxi ducha ultra de la marca lorenzetti del area de baños para los termas y calentadores de la linea accesorios y repuestos de agua caliente de procedencia importado. altura del producto 0.40 cm, ancho del producto 4.50 cm, profundidad del producto 15.00 cm, volumen del producto 27, ean 7896451866226, medidas 4.50x15.00x0.40, tipo de producto resistencia, modelo ultra 3t, color plata, material metal, garantía 3 meses, procedencia importado, país de origen brasil. Repuesto de resistencia para las Maxi Duchas de Lorenzetti.. Resistencia plana da larga duración para ducha electrica Maxi Ducha 3T. Resistencia Loren ultra 3T de alta resistencia. Material compuesto de Nicromo, el cromo le da mayor resistencia a la corrosión.. Siga el manual de instalación que acompaña el producto"
107049,"pistola manual manga x 600 ml de la marca soudal del area de pinturas para los pegamentos y adhesivos de la linea siliconas y aplicadores de procedencia nacional. altura del producto 22.00 cm, ancho del producto 52.00 cm, profundidad del producto 7.00 cm, volumen del producto 8008, ean 5411183049611, medidas 52.00x7.00x22.00, tipo de producto pistola, modelo manual manga, color plata, material pvc/acero, garantía 1 año, procedencia nacional, país de origen perú. Aplicador de Cartuchos y mangas con repuesto.. Aplicador de Cartuchos y mangas con repuesto.. . "
105086,"tablero empotrable 18 polos de la marca tkl del area de electricidad para los tableros y llaves electricas de la linea tab electricos plast de procedencia nacional. altura del producto 26.00 cm, ancho del producto 37.00 cm, profundidad del producto 5.00 cm, volumen del producto 4810, ean 2000001050866, medidas 37.00x5.00x26.00, tipo de producto tablero, modelo 18 polos, color blanco, material pvc, garantía 1 año, procedencia nacional, país de origen perú. Tablero muy resistente a golpes, autoextinguible para empotrar en la pared. Ideal para redes de distribución de baja tensión.. Tablero empotrable diseñado para el montaje de interruptores termicos y diferenciales tipo RIEL-DIN, material de poliestireno y cubierta trasparente de policarbonato con apertura vertical, además cuenta con un grado de protección IP40 contra el polvo y agua.. Tablero de distribución tipo RIEL-DIN de uso general, diseñado para hasta 18 polos para interruptores monofásicos o trifásicos.. Se utiliza en redes de distribución de baja tensión para fuentes de alimentación."
162417,"lámpara atardecer 360° aleatorio astronauta de la marca sm del area de tendencias para los i&o de la linea decoracion i&o de procedencia importado. altura del producto 13.70 cm, ancho del producto 6.00 cm, profundidad del producto 6.00 cm, volumen del producto 493.2, ean 2000001624173, medidas 6.00x6.00x13.70, tipo de producto lámpara, modelo astronauta, color blanco, material abs, garantía por defecto de fabricación, procedencia importado, país de origen china. Lámpara Atardecer 360° Aleatorio Astronauta - Modelo Aleatorio. Disfruta de lo más nuevo que Promart.pe trae para ti.. Rotación de la cabeza de 360°, rotación libre, ajuste flexible. Tiempo de uso: 2 hs. Material del producto: ABS. Capacidad de la batería: 350 mAh. Voltaje de la batería: 3,7 V. Potencia de entrada: 5 V. Potencia nominal: 1,5-3 W. Tiempo de carga: 2 hs. . "
151474,"decoracion mural de terraza vista al mar 160x90 de la marca orange del area de aire libre y temporada para los terrazas de la linea deco terraza de procedencia importado. altura del producto 160.00 cm, ancho del producto 90.00 cm, profundidad del producto 0.60 cm, volumen del producto 8640, diametro del producto 0, ean 3560232558856, medidas 90.00x0.60x160.00, tipo de producto decoración, modelo mural vista al mar, color beige, material hierro, garantía 2 años, procedencia importado, país de origen francia. Sorprende a tus invitados con un estilo único y original.. Excelente calidad. Resistencia y durabilidad.. No aplica. Limpiar con paño seco."
155554,"i&o-set x2 mesas auxiliares tokio  40/35cm de la marca orange del area de muebles para los colecciones de la linea tokio tokio de procedencia importado. acabado no aplica, altura del producto 40.00 cm, ancho del producto 40.00 cm, profundidad del producto 40.00 cm, volumen del producto 64000, diametro del producto 0, ean 2000001555545, medidas 40.00x40.00x40.00, tipo de producto mesa de centro, modelo tokio, color beige, material mdf, garantía 1 año, procedencia importado, país de origen china. pTransforma tu espacio con las elegantes y funcionales 2 Mesas de Centro Auxiliares Tokio MDF Beige 40-35cm Orange. Fabricadas en MDF de alta calidad, son perfectas para cualquier ambiente doméstico. Con una estructura fija de metal y un diseño compacto de 40x40 cm para la mesa grande y 35x35 cm para la mesa pequeña, ofrecen un estilo moderno y versátil. Ideales para almacenar tus objetos o simplemente para dar un toque decorativo a tu hogar, tienen una resistencia de hasta 10 kg, lo que las convierte en opciones prácticas y duraderas para interiores. Características y beneficios de las 2 Mesas de Centro Auxiliares Tokio MDF Beige 40-35cm Orange: Set de 2 mesas auxiliares de diseño elegante y funcional.br• Fabricadas en MDF de alta calidad y patas metálicas resistentes.br• Compuesto por dos mesas de diferentes tamaños: 40 cm y 35 cm de lado.br• Resistencia de hasta 10 kg por mesa, ideal para almacenar objetos decorativos.br• Fácil mantenimiento: solo requiere limpieza con un trapo suave y seco.. Ofrece un espacio para colocar revistas, libros, objetos decorativos, etc.. Exclusivo para uso doméstico.. Limpiar cuando se considere necesario con un producto especial de acuerdo al tipo de material. Retirar el polvo de la superficie con un trapo suave y seco. Para evitar posibles marcas o manchas en la superficie, no dejar alimentos líquidos o alimentos calientes (o colocar un protector: posavasos, individual, etc)."
130409,"campana deco 90cm ejwg36s2ajs de la marca electrolux del area de electro hogar para los empotrado  de la linea campanas decorativas de procedencia nacional. altura del producto 69.00 cm, ancho del producto 90.00 cm, profundidad del producto 50.50 cm, volumen del producto 313605, ean 7861106410369, medidas 90.00x50.50x69.00, tipo de producto campana, modelo ejwg36s2ajs, color gris, garantía 1 año, procedencia nacional. Elimina los malos olores y la grasa de tu cocina con la Campana decorativa que Promart trae para ti.. Diseño lineal con panel Glass Touch. Triple filtro;uno metálico atrapa grasa y de fácil limpieza y doble filtro de carbón para eliminar olores indeseables. Mejor iluminación que los focos convencionales ahorrando menor consumo de energía. Doble sistema de extracción. Función de apagado automático de 15 minutos. Luz indicadora de prendido y apagado.. . Utilice la campana extractora únicamente en lugares domésticos para la aspiración de vahos y limpieza de los vapores de cocción procedentes de la preparación de comidas. Está prohibido cualquier otro tipo de utilización."
13631,"alambre galvanizado 14 - 1kg. de la marca prodac del area de ferreteria para los amarres y mallas de la linea alambres-percep de procedencia nacional. tamaño del producto moderado, volumen del producto 0, ean 7751640001294, tipo de producto alambre, modelo #14 1 kg, color plata, material acero galvanizado, garantía por defecto de fabricación, procedencia nacional, país de origen perú. Alambre recomendable para zonas expuesta a agentes corrosivos. Ideal para zonas húmedas y avicultura.. Alambre galvanizado de galvanizado simple, con bajo contenido de carbono, facil de manipular.. Para uso insdustrial en la fabricación de mallas, cercos electrícos, asas de balde, asi como también para la instalación de baldosas de cielo raso.. Realizar el corte con herramientas adecuadas, como alicate de corte."
148361,"horno empotrable 56l gn negro de la marca aghaso del area de electro hogar para los empotrado  de la linea hornos de empotrar de procedencia nacional. altura del producto 54.00 cm, ancho del producto 59.50 cm, profundidad del producto 59.50 cm, volumen del producto 191173.5, ean 7757502000122, medidas 59.50x59.50x54.00, tipo de producto horno, modelo no aplica, color negro, material acero, garantía 1 año, procedencia nacional, país de origen china. Prepara los más deliciosos platillos y postres al horno empotrable con este práctico modelo que Promart trae para ti.. Cuenta con termostato y 4 funcionhes.. . Precalentar el horno. Programar el tiempo de cocción. Programar la temperatura para los alimentos. Límpielo periódicamente para mantener su higiene. Consulte las dimensiones de empotrado antes de instalar el producto. Quite las protecciones de cartón, la película protectora y las etiquetas adhesivas de los accesorios. No es necesario que el horno se ubique directamente debajo de la cocina, por lo que puede hacer uso más eficiente de sus espacios. Limpie con paño húmedo y detergente especial para dicho producto."
77516,"silla plegable estrella negra de la marca orange del area de muebles para los mesas, sillas y bancos de la linea sillas plegables de procedencia importado. acabado liso/rugoso, altura del producto 76.00 cm, ancho del producto 46.00 cm, profundidad del producto 44.00 cm, volumen del producto 153824, diametro del producto 0, ean 2000000775166, medidas 46.00x44.00x76.00, tipo de producto silla, modelo estrella, color negro, material acero, garantía 1 año, procedencia importado, país de origen china. pRenueva tu espacio con la Silla Plegable Estrella Negra de Home Make. Esta silla versátil y práctica es ideal para cualquier rincón de tu hogar. Con su estructura de acero en color negro, base de 2 patas con insertos de plástico antideslizante y respaldar pequeño, ofrece comodidad y seguridad. Perfecta para reuniones o actividades diversas, esta silla plegable se guarda fácilmente sin ocupar mucho espacio. Aprovecha su garantía de 1 año y disfruta de un diseño funcional y moderno en tu hogar. Características de la Silla Plegable Estrella Negra Home Make:ul liEstructura de acero resistente. liAsiento y respaldar de plástico antideslizante en color negro. liPlegable para un almacenamiento conveniente. liAltura del asiento de 46 cm. liIdeal para uso doméstico en espacios interiores./ul. Silla ideal para cualquier espacio de la casa, estructura de acero color negro, base de 2 patas o 2 ejes de apoyo con insertos de plástico para evitar que se deslice, asiento de plástico color negro con textura antideslizante, pequeño respaldar de plástico color negro con textura antideslizante.. Silla plegable, puede ser usado como silla auxiliar, en lo posible, evitar la exposición directa con el sol.. Estos bancos pueden ser limpiados con paño húmedo o seco 1 o 2 veces por semana. Se puede limpiar también con Limpiacristales."
159585,"set 3 colgadores para pantalon metal/madera de la marca orange del area de organizacion y decoracion para los organizadores de ropa de la linea colgadores de ropa de procedencia importado. altura del producto 12.50 cm, ancho del producto 30.00 cm, profundidad del producto 2.80 cm, volumen del producto 1050, ean 2000001595855, medidas 30.00x2.80x12.50, tipo de producto colgador, modelo mhw00805, color gris, material metal, garantía 6 meses, procedencia importado, país de origen china. La ropa se mantiene compacta, organizada y libre de arrugas debido a esta eficiente percha.. SET 3 COLGADORES PARA PANTALON METAL/MADERA. . Ideal para organizar la ropa"
139651,"látex super color blanco x4l de la marca gamax del area de pinturas para los pinturas al latex de la linea latex premium de procedencia nacional. acabado satinado, altura del producto 25.00 cm, ancho del producto 20.00 cm, profundidad del producto 20.00 cm, volumen del producto 10000, ean 2000001396513, medidas 20.00x20.00x25.00, tipo de producto pintura, modelo satinado color, color naranja, material resina látex, garantía 1 año, procedencia nacional, país de origen perú. . De calidad superior para interiores y exteriores, de alto rendimiento y poder cubriente, con propiedades antihongo. bajo contenido de VOC. Contiene pigmentos seleccionados que junto con la resina presentan alta resistencia al a los rayos solares UV, manteniendo sus colores firmes. Excelente nivelación y fino acabado para todo tipo de ambientes.. . La superficie debe estar libre de polvo, grasa y cualquier agente contaminante. Se recomienda homogenizar bien antes de aplicar la pintura. Sobre superficies previamente pintadas lijar suavemente y eliminar el polvillo. Sobre superficies nuevas de concreto o yeso es recomendable dejar secar 30 días antes de aplicar la pintura."
160704,"encimera empotrable 60cm ge neg de la marca mabe del area de electro hogar para los empotrado  de la linea cocinas encimeras de procedencia nacional. altura del producto 11.00 cm, ancho del producto 60.00 cm, profundidad del producto 51.00 cm, volumen del producto 33660, ean 7502271273143, medidas 60.00x51.00x11.00, tipo de producto encimera, modelo cgg6025v1, color negro, material acero, garantía 1 año, procedencia nacional, país de origen perú. Engríe a los que más quieres preparando deliciosos platillos con esta moderna cocina empotrable. Lo mejor lo encuentras en Promart.pe. . . "
107316,"tirador roma aluminio 128mm de la marca rossela del area de ferreteria para los articulos para el mueblista de la linea tiradores de procedencia nacional. acabado niquelado/satinado, tamaño del producto moderado, altura del producto 2.20 cm, ancho del producto 16.80 cm, profundidad del producto 3.00 cm, volumen del producto 110.88, ean 2000001073162, medidas 16.80x3.00x2.20, tipo de producto tirador, modelo roma 128 mm, color plata, material aluminio, garantía por defecto de fabricación, procedencia nacional, país de origen china. Completa la decoración de tus muebles interiores con este moderno tirador Roma 128 mm, fabricado en acero con un acabado en BSN.. Liviano, modelo curvo, diseño moderno que define y acompaña la terminación de su mueble, dándole el matiz decorativo.. Distancia de instalación de 128 mm entre tornillo y tornillo, asegurarse que su instalación esté firme.. Para muebles en general de cocinas, baños y habitaciones."
135868,"latex pato capuchino 1 gl de la marca cpp del area de pinturas para los pinturas al latex de la linea latex economico de procedencia nacional. acabado mate, altura del producto 20.00 cm, ancho del producto 21.00 cm, profundidad del producto 21.00 cm, volumen del producto 8820, ean 7752835085679, medidas 21.00x21.00x20.00, tipo de producto pintura, modelo classic, color marrón, material resina vinil acrílica, garantía 1 año, procedencia nacional, país de origen perú. p¡Dale vida a tus espacios con el Látex Pato CPP Capuchino! Su tono cálido y profundo transformará tus paredes en obras de arte. Con acabado mate y resistencia duradera, es la elección ideal para interiores y exteriores. Características y beneficios del Latex Pato CPP Capuchino 1 galón:pbr• Acabado mate para un aspecto elegante.br• Su resina vinil acrílica garantiza un poder cubriente excepcional.br• Mayor rendimiento, hasta 21 m2 por galón.br• Tiempo de secado: 4 horas.br• Versatilidad de uso en interiores y exteriores.. Buen Poder Cubriente, Fácil De Aplicar, Mayor Rendimiento. Aplicación ideal de latex para interiores, o exterior bajo sombra. La superficie a pintar debe estar libre de sales, suciedad, grasa, aceite, pintura suelta y cualquier otro material extraño"
68835,"silla bilbao verde de la marca duraplast del area de muebles para los mesas, sillas y bancos de la linea bancos y sillas decorativos de procedencia nacional. volumen del producto 0, ean 2000000688350, tipo de producto silla, color no aplica, garantía 1 año, procedencia nacional. . . . "
164753,"campana decorativa kamba 90 de la marca klimatic del area de electro hogar para los empotrado  de la linea campanas decorativas de procedencia nacional. altura del producto 80 cm, ancho del producto 90 cm, profundidad del producto 41.2 cm, volumen del producto 296640, ean 2000001647530, medidas 90x41.2x80, tipo de producto campana, modelo kamba 90, color negro, material vidrio, garantía por defecto de fabricación, procedencia nacional, país de origen china. . . . "
93991,"paño vidrios   espejos 20x21 cm. x 60 unid de la marca house solutions del area de limpieza para los herramientas para pisos y superficies de la linea paños multiusos de procedencia nacional. altura del producto 21.00 cm, ancho del producto 20.00 cm, profundidad del producto 8.00 cm, volumen del producto 3360, ean 7804620530922, medidas 20.00x8.00x21.00, tipo de producto paño, modelo vidrios + espejos 20x21 cm. x 60 unid, color azul, material tela, garantía 1 año, procedencia nacional, país de origen china. Mantén la limpieza y desinfección de los vidrios y espejos o cualquier tipo de superficie con este práctico pack de paños que ofrece House Solutions. Un producto elaborado en resistente material de tela no tejida, con una medida de 21 x 20 cm y capacidad de reúso. Ideal para el empleo diario en el hogar.. Paños de limpieza especializados para vidrios, espejos y cristales, garantizan una limpieza sin rayas ni pelusas. Absorben eficientemente, dejando superficies relucientes.. Previo a la compra, verificar que tipo de superficie va al limpiar o secar.. Se recomienda lavar el producto después de cada uso."
116586,"ropero cali 6 puertas 2 cajones jacaranda de la marca orange del area de muebles para los dormitorios de la linea closets rta de procedencia importado. acabado mate, altura del producto 182.00 cm, ancho del producto 154.00 cm, profundidad del producto 45.00 cm, volumen del producto 1261260, diametro del producto 0, ean 2000001165867, medidas 154.00x45.00x182.00, tipo de producto ropero, modelo cali, color marrón, material mdp, garantía 06 meses por defectos de fabricación, procedencia importado, país de origen brasil. pSi estás buscando un a href=""https://www.promart.pe/muebles/dormitorio/roperos""ropero/a de almacenamiento que sea espacioso, elegante y contemporáneo, no busque más que el strongRopero Cali 6 puertas 2 cajones Jacaranda/strong. Este modelo de armario viene con seis puertas para proporcionar un amplio espacio para ropa, zapatos y otros accesorios. El diseño moderno ayudará a mantener su armario organizado con dos grandes cajones incorporados en el diseño del ropero. Para aquellos que buscan un ropero para mejorar en lugar de restar valor a su tema de decoración del hogar, el acabado jacaranda presta una elegancia discreta que le encantará en los próximos años. Con su generoso tamaño y diseños elegantes, el Ropero Cali 6 puertas 2 cajones Jacaranda es una adición esencial para cualquier persona que necesite soluciones de almacenamiento en su habitación. h2¿Cuáles son las características del Ropero Cali 6 puertas 2 cajones Jacaranda?h2 pA continuación, te mostraremos cuales son las características únicas del siguiente ropero: ul li Fabricado en MDP de gran durabilidad. li Con tratamiento de fenol para prevenir ingreso de insectos. li Cuenta con acabado en pintura UV. li Resistencia hasta 60kg. li Incluye manual y kit de armado.ul h2¿Cuáles son las ventajas del material del Ropero Cali 6 puertas 2 cajones Jacaranda?h2 pEl siguiente ropero está hecho a base de strongMDP/strong, por ello, te ofrece una serie de ventajas únicas: ul li Gran resistencia. li Gran durabilidad. li Fácil mantenimiento: resistente a arañazos, humedad y decoloración. li Excelente calidad y estética superficial.ul pEn Promart.pe podrás encontrar más a href=""https://www.promart.pe/roperos-6-puertas""roperos de 6 puertas/a. pConoce más acerca de cómo escoger el ropero ideal para ti: a href=""https://www.promart.pe/blog/como-elegir-modelos-de-roperos-para-hogar""¿Cómo elegir los mejores modelos de roperos para tu hogar?a. Ropero ideal para dormitorios amplios, el mueble viene con 6 puertas,  internamente viene con 2 repisas en el espacio interior del mueble, tiradores de plástico. Barra de madera forrado con plástico, Fondo Nórdex de 3mm nos ayuda a cubrir toda la trasera del mueble, viene del mismo color de la estructura. Base de MDP. Con tratamiento de fenol para prevenir  ingreso de insectos. Fondo o base de cajón de MDF de 3mm.. Mueble Fijo, no es necesario adosarlo ni empotrarlo a la pared. Estructura llega hasta el piso. Instalar en una superficie 100% plana. Las medidas del mueble pueden variar hasta en 1 cm. Medidas del cajón corresponden a la medida interna del mismo, sin tomar en cuenta los laterales.. Limpiar con un trapo seco o húmedo. No es necesario el uso de abrillantador y/o cera para su mantenimiento"
145355,"filtro y (hembro-macho)  32mm 1"" ppr-c de la marca firat del area de gasfiteria para los tubos y conexiones de la linea acces y conec tricapa de procedencia nacional. altura del producto 3.20 cm, ancho del producto 3.20 cm, profundidad del producto 2.00 cm, volumen del producto 20.48, ean 2000001453551, medidas 3.20x2.00x3.20, tipo de producto filtro, modelo yee hembro-macho, color verde, material polipropileno, garantía por defecto de fabricación, procedencia nacional, país de origen turquía. . Excelente calidad. Resistencia y durabilidad. Con conexión hembro-macho.. El accesorio en PPR tiene una vida útil mínima de 50 años cuando se utilizan bajo valores adecuados de trabajo y temperatura. Cuenta con las normas TS 9937, TSEN ISO 15874, DIN 8077, DIN 8078.. Emplear las herramientas y accesorios necesario para la instalación del producto."
163638,"secador verde 50x35cm bordado navidad de la marca orange del area de tendencias para los productos check out de la linea productos check out de procedencia importado. altura del producto 50.00 cm, ancho del producto 35.00 cm, profundidad del producto 1.00 cm, volumen del producto 1750, ean 2000001636381, medidas 35.00x1.00x50.00, tipo de producto toalla, modelo navidad, color verde, material algodón/poliéster, garantía por defecto de fabricación, procedencia importado, país de origen china. . . . "
122887,"adaptador universal 10a 250v con luz t color negro de la marca mennekes del area de electricidad para los interruptores y tomacorrientes de la linea enchufes/conectores de procedencia nacional. volumen del producto 0, ean 2000001228876, tipo de producto conector, modelo am-top 523, color rojo, garantía 1 año, procedencia nacional. . Formato del polo: 3P+T. Montaje en pared. Índice de protección: IP44. Cuerpo de una parte. Alivio de tensión y protección contra torceduras. Tecnología de conexión: terminales de tornillo. Posición del reloj: 9 h.. Cumple con norma DIN VDE 0632, EN 60309-2.. Mantener limpio y en espacios secos sin mucha humedad. Verificar mantención según corresponda."
140396,"disco diamant corte fino ceramico turbo 115mm de la marca kwb del area de herramientas para los accesorios para herramientas electricas de la linea discos de corte de procedencia importado. altura del producto 11.50 cm, ancho del producto 11.50 cm, profundidad del producto 0.10 cm, volumen del producto 13.225, ean 4009317271703, medidas 11.50x0.10x11.50, tipo de producto disco, modelo extra fino turbo silver, color gris, material acero/diamante, garantía por defecto de fabricación, procedencia importado, país de origen china. Discos de corte y trabajo en metales. Discos de alto rendimiento para el uso duradero profesional.. Borde de corte segmentado. Forma turbo. Espesor de 7 mm para un elevado rendimiento de corte. Compatible con todas las amoladoras angulares corrientes de venta en el mercado con una velocidad periférica de 80 m/s.. Usar el accesorio correcto según el tipo de herramienta.. Asegurarse de un correcto agarre a la herramienta en la que va a ser utilizado el disco diamantado."
153350,"kit manguera succion 3""*7m   2 abrazaderas de la marca home tools del area de gasfiteria para los bombas de agua de la linea accesorios de motobombas de procedencia nacional. tamaño del producto pequeño, altura del producto 7.60 cm, ancho del producto 7.60 cm, profundidad del producto 700.00 cm, volumen del producto 40432, diametro del producto 7.60 cm, ean 2000001533505, medidas 7.60x700.00x7.60, tipo de producto manguera, modelo succión + 2 abrazaderas, color azul, material pvc/metal, garantía 06 meses por defectos de fabricación, procedencia nacional, país de origen china. Excelente calidad. Resistencia y durabilidad. Disfruta de lo más nuevo que Promart.pe trae para ti.. Excelente calidad. Resistencia y durabilidad.. No aplica. Ideal para uso en motobombas de 3""."
14123,"disco diam. 7"" prof universal.segm.bosch de la marca bosch del area de herramientas para los accesorios para herramientas electricas de la linea discos de corte de procedencia nacional. altura del producto 18.00 cm, ancho del producto 18.00 cm, profundidad del producto 0.30 cm, volumen del producto 97.2, ean 3165140869737, medidas 18.00x0.30x18.00, tipo de producto disco de corte, modelo 2 608 615 063, color plata, material acero, garantía 1 año, procedencia nacional, país de origen alemania. Promart siempre piensa en sus clientes, por ello brinda productos de calidad. Disco adecuado para cortes rectos, de borde diamantado, ideal para corte de hormigón y hormigón armado. Segmentos permiten ventilar el disco. Adecuados para amoladoras.. Disco adecuado para cortes rectos, de borde diamantado, ideal para corte de hormigón y hormigón armado. Segmentos permiten ventilar el disco. Adecuados para amoladoras.. Diamante se gasta, no se afila, cambiar de disco una vez se agote el diamante. Elegir herramienta adecuada, para un buen desempeño de este accesorio. Compatible con amoladoras de marcas reconocidas.. Guardar en un lugar seguro y limpio. Disminuya riesgo de lesiones usando protección adecuada para ojos, oídos y vías respiratorias. Leer las indicaciones del producto antes de utilizar. Respetar la capacidad de revoluciones que soporta el accesorio. Discos dañados o descentrados no deben ser utilizados. Utilice el disco adecuado para cada material. No realizar cortes curvos o angulares. Utilizar siempre con guarda protectora."
56384,"centelsa lsoh 80c 6.0 mm2 verde mt de la marca centelsa del area de electricidad para los cables de la linea conductores electric 1 de procedencia nacional. volumen del producto 0, ean 2000000563848, color no aplica, garantía 1 año, procedencia nacional. . . . "
142379,"piso lamin ac3 7mm roble wild bicelado 2.46 m2 de la marca eurohome del area de pisos y revestimientos para los pisos laminados de la linea piso laminado de procedencia importado. acabado texturizado, altura del producto 0.70 cm, ancho del producto 20.50 cm, profundidad del producto 130.00 cm, volumen del producto 1865.5, ean 4042456912298, medidas 20.50x130.00x0.70, tipo de producto piso, modelo wild bicelado, color marrón, material hdf, garantía 1 año, procedencia importado, país de origen alemania. Los pisos laminados son una opción muy buena y económica para recubrir el suelo de tu hogar. Debido a su fabricación son fáciles de limpiar.. Excelente calidad. Resistencia y durabilidad.. . Limpiar con paño húmedo y detergente especializado."
110921,"cafetera icm1585 15 tazas negro de la marca imaco del area de electro hogar para los electrodomesticos de la linea pequeños electrodomesticos de procedencia nacional. volumen del producto 0, ean 2000001109212, color no aplica, garantía 1 año, procedencia nacional. Disfruta de un rico café con esta potente cafetera Imaco de 1100W que permite prepararlo usando pods, cápsulas y café molido.. . . "
145587,"comoda comodina mimbre ratan #4 cerezo marron de la marca polinplast del area de organizacion y decoracion para los organizadores plasticos de la linea comodas plasticas de procedencia nacional. altura del producto 79.50 cm, ancho del producto 55.00 cm, profundidad del producto 40.00 cm, volumen del producto 174900, ean 2000001455876, medidas 55.00x40.00x79.50, tipo de producto cómoda, modelo comodina #4, color marrón, garantía 1 año, procedencia nacional, país de origen perú. Organiza distintos accesorios con esta práctica comoda de plástico que Promart.pe trae para ti.. Práctica. Excelente calidad. Resistencia y durabilidad.. . Ideal para organizar diversos artículos. Limpiar con paño húmedo y detergente suave."
159797,"papel antiadherente para air fryer redondo de la marca orange del area de cocina para los menaje de la linea empaques de alimentos de procedencia importado. altura del producto 4.50 cm, ancho del producto 16.00 cm, profundidad del producto 16.00 cm, volumen del producto 1152, ean 2000001597972, medidas 16.00x16.00x4.50, tipo de producto papel, modelo no aplica, color beige, material papel, garantía por defecto de fabricación, procedencia importado, país de origen china. Apto para freidora de aire, horno o microondas.. Papel antiadherente para air fryer redondo, ideal para cocinar sin que los alimentos se peguen y para facilitar la limpieza.. Mantener limpio y seco para preservar su eficacia y prolongar su vida útil.. Lavar antes de usar. Apto para uso en air fryer. Evitar el uso de detergentes abrasivos."
147536,"lámpara de mesa borgillio marrón de la marca eglo del area de iluminacion para los iluminacion decorativa de la linea lamparas de mesa de procedencia nacional. altura del producto 71.00 cm, ancho del producto 19.00 cm, profundidad del producto 40.00 cm, volumen del producto 53960, ean 9002759947040, medidas 19.00x40.00x71.00, tipo de producto lámpara, modelo borgillio, color marrón, material acero, garantía 1 año, procedencia nacional, país de origen austria. Complementa la iluminación de tus espacios con la lámpara de mesa que hará que tu sala sea mucho más acogedora.. Está realizada en metal cromado y tiene un cabezal móvil del mismo color. Las prácticas articulaciones en el cuerpo de la luminaria permiten ajustar la altura individualmente, de modo que se puede crear un área idealmente iluminada en la estancia con tan solo un movimiento. Se puede utilizar un interruptor en el cable para encenderla y apagarla cómodamente. La lámpara de sobremesa se adapta a la perfección en estilos de decoración modernos. Índice de protección IP20.. . Conectar directamente a la corriente al momento de su uso."
109765,"lavadora ewi14d2csgpg 14kg plateado de la marca electrolux del area de electro hogar para los linea blanca de la linea lavadoras / secadoras de procedencia nacional. volumen del producto 0, ean 2000001097656, color no aplica, garantía 1 año, procedencia nacional. La Lavadora Electrolux EWI14D2CSGPG 14 kg cuenta con 6 programas de lavado, 6 niveles de agua, lavado diferido de 24 hrs, lavado inteligente FuzzyLogic, Maxi Filtro Metálico, traba de seguridad, air dry y tina acero inoxidable diseño estrellas.Todas estas características harán que tu ropa esté siempre limpia y libre de manchas.. . . "
134580,"gancho permanente ovalado l metal x2u de la marca tesa del area de ferreteria para los productos de fijacion de la linea ganchos adhesivos de procedencia nacional. tamaño del producto pequeño, altura del producto 2.30 cm, ancho del producto 9.50 cm, profundidad del producto 14.00 cm, volumen del producto 305.9, ean 4042448237583, medidas 9.50x14.00x2.30, tipo de producto ganchos, modelo permanent ovalado l, color plata, material acero inoxidable, garantía 2 años, procedencia nacional, país de origen china. Alta calidad, manejo fácil y rápido.. Creados para una fijación permanente de alta calidad, ofrecen una adherencia fiable. Evita el uso de herramientas que podrían causar daños o ser muy complicadas. Estilo clásico que añade belleza a cualquier lugar donde lo vaya a aplicar.. . Adherirlo a superficies planas. Idóneos para la fijación de objetos ligeros."
113132,"broca concreto 13x300mm (1/2""x12"") de la marca stanley del area de herramientas para los accesorios para herramientas electricas de la linea brocas de procedencia nacional. altura del producto 30.00 cm, volumen del producto 0, diametro del producto 1.30 cm, ean 7896525086963, tipo de producto broca, modelo sta56130c, color plata, material metal, garantía 1 año, procedencia nacional, país de origen estados unidos. Punta de Carburo TungstenoHélice alargada, rápida evacuaciónIdeal para concreto y mampostería. Broca para concreto, resistente, perforación rápida y proporciona mejor un acabado. Paredes, muros, diferentes superficies de concreto.. Accesorio compatible con cualquier taladro de marca reconocida. El tiempo de vida dependerá del uso del producto.. Leer las indicaciones de uso para realizar un uso correcto del producto y tener un buen desempeño. Mantener el accesorio en un lugar limpio y ventilado, lejos de la humedad. Usar el accesorio para el material a perforar que fue diseñado."
151280,"mezc ducha monoc tempra negro de la marca trebol del area de baños para los griferia de baño de la linea mezcl. ducha de procedencia nacional. altura del producto 10.60 cm, ancho del producto 34.00 cm, profundidad del producto 26.00 cm, volumen del producto 9370.4, diametro del producto 0, ean 7750575094630, medidas 34.00x26.00x10.60, tipo de producto mezcladora, modelo monocomando tempra, color negro, material bronce, garantía de por vida, procedencia nacional, país de origen china. Báñate cómodamente y a la temperatura ideal con esta moderna mezcladora para ducha que combina diseño y durabilidad.. De alta durabilidad. Consumo a 43.5 PSI-7.2 l/min.. Garantía sin límite de tiempo contra defectos de fabricación. Garantía complementaria sistema de cierre (5 años). (Cumple con EDGE – LEED).. Mantenga la grifería reluciente limpiando sólo con agua jabonosa, enjuague con agua limpia y seque con un con paño suave."
136712,"cesto esquinero adhesivo funky blanco de la marca sensea del area de baños para los organizacion de baño de la linea sets adosados de procedencia importado. acabado brillante, tamaño del producto moderado, altura del producto 9.00 cm, ancho del producto 18.00 cm, profundidad del producto 18.00 cm, volumen del producto 2916, ean 3276007155181, medidas 18.00x18.00x9.00, tipo de producto cesto, modelo funky, color blanco, material plástico abs, garantía 2 años, procedencia importado, país de origen china. Mantén siempre ordenados los productos y accesorios de aseo personal con este práctico organizador. Excelente calidad. Resistencia y durabilidad a su alcance.. Revisar instructivo de instalación.. Limpiar con paño húmedo y en el caso de uso de detergentes. que sea suave."
158851,"cocina de pie fontana gris de la marca indurama del area de electro hogar para los linea blanca de la linea cocinas de pie de procedencia nacional. tamaño del producto grande, altura del producto 90.00 cm, ancho del producto 50.00 cm, profundidad del producto 57.00 cm, volumen del producto 256500, ean 6921041102536, medidas 50.00x57.00x90.00, tipo de producto cocina, modelo fontana, color gris, material acero, garantía 1 año, procedencia nacional, país de origen china. pDisfruta de la máxima comodidad y estilo en tu cocina con la Cocina de Pie a Gas 20"" Indurama Fontana. Este modelo compacto y elegante ofrece cuatro hornillas de alto rendimiento y un horno con doble vidrio templado, ideal para cocinar tus platillos favoritos con eficiencia y seguridad. Su tapa de vidrio templado y parrillas enlozadas facilitan la limpieza, mientras que el tablero de acero inoxidable garantiza durabilidad y resistencia.ph2Características y beneficios de la Cocina de Pie a Gas 20"" Indurama Fontana 4 Hornillas Acero Gris con Horno:p Diseño con doble vidrio templado en el horno y tapa de vidrio.br• Tablero de acero inoxidable resiste al desgaste.br• Parrillas enlozadas que facilitan la limpieza.br• Quemadores sellados para una cocción más segura y rápida.br• Sistema termocontrol para un control preciso de la temperatura.. . . "
165247,"hojas decorativas monstera metal. 57 cm de alto de la marca atmosphera del area de aire libre y temporada para los terrazas de la linea deco terraza de procedencia importado. altura del producto 56 cm, ancho del producto 31.5 cm, profundidad del producto 13 cm, volumen del producto 22932, ean 3560237552316, medidas 31.5x13x56, tipo de producto decoración, modelo 178770, color marrón, material hierro, garantía por defecto de fabricación, procedencia importado, país de origen china. . . . "
157792,"organizador sobre inodoro milan blanco de la marca orange del area de baños para los muebles de baño de la linea muebles y auxiliares de baño de procedencia importado. tamaño del producto grande, altura del producto 166.00 cm, ancho del producto 20.00 cm, profundidad del producto 60.00 cm, volumen del producto 199200, ean 2000001577929, medidas 20.00x60.00x166.00, tipo de producto organizador, modelo tc005, color blanco, material mdf, garantía 5 años, procedencia importado, país de origen china. Organizador de Baño Milan 2 Puertas MDF Blanco - sin Inodoro. Disfruta de lo más nuevo que Promart.pe trae para ti.. Almacenamiento. Cuidado con los rayones. Limpiar con un paño suave; Mantener seco"
120461,"s25 - zumbador cava/blanco de la marca simon del area de electricidad para los interruptores y tomacorrientes de la linea placas armadas de procedencia nacional. altura del producto 8.00 cm, ancho del producto 12.00 cm, profundidad del producto 4.00 cm, volumen del producto 384, ean 7506207330023, medidas 12.00x4.00x8.00, tipo de producto zumbador, modelo s25, color blanco, material policarbonato, garantía 2 años, procedencia nacional, país de origen españa. Excelente para la señalización acústica de timbre, alarma, o cualquier otra emisión de información. Con placa cava. Cuenta con protección a los rayos UV y aislante eléctrico. Material retardante a la flama autoextinguible. Resistentes a impactos sin presentar fractura o desprendimiento de componentes.. Excelente para la señalización acústica de timbre, alarma, o cualquier otra emisión de información. Con placa cava. Cuenta con protección a los rayos UV y aislante eléctrico. Material retardante a la flama autoextinguible. Resistentes a impactos sin presentar fractura o desprendimiento de componentes.. Cumple con las normas NMX-J-508-ANCE-2010 y MX-J-005-ANCE-2005.. Mantener limpio y seco, a una distancia prudente e ideal. Conectar con dispositivos eléctricos capaces de resistir la cantidad de voltaje. Utilizar paño suave ligeramente humedecido."
158012,"i&o-mesa auxiliar natural/blanco 50cm medité de la marca orange del area de tendencias para los colecciones de la linea decoracion de procedencia importado. altura del producto 40.00 cm, ancho del producto 20.00 cm, profundidad del producto 18.00 cm, volumen del producto 14400, ean 2000001580127, medidas 20.00x18.00x40.00, tipo de producto mesa, modelo xy-002, color blanco, material mdf/papel, garantía 06 meses por defectos de fabricación, procedencia importado, país de origen china. . . . "
146301,"colgador de metal pantalon con revestimiento 5 capas de la marca orange del area de organizacion y decoracion para los organizadores de ropa de la linea colgadores de ropa de procedencia importado. altura del producto 37.00 cm, ancho del producto 44.00 cm, profundidad del producto 1.00 cm, volumen del producto 1628, ean 2000001463017, medidas 44.00x1.00x37.00, tipo de producto colgador, modelo con revestimiento, color negro, material hierro, garantía 1 año, procedencia importado. La ropa se mantiene compacta, organizada y libre de arrugas debido a esta eficiente percha.. Excelente calidad. Resistencia y durabilidad.. . Limpie periódicamente con un paño limpio y húmedo."
124428,"llv dch psd klass line cr(no inc s.du) de la marca vainsa del area de baños para los griferia de baño de la linea llave ducha de procedencia nacional. volumen del producto 0, ean 7756513233857, tipo de producto llave, modelo line, garantía de por vida por defectos de fabricación, procedencia nacional. Dale un toque único a tu baño con esta elegante llave para ducha con un fino acabado cromado y moderno.. Diseño único. Excelente calidad y durabilidad.. . Leer las instrucciones de instalación."
18435,"pegamento 32 oz cpvc naranja de la marca oatey del area de gasfiteria para los tubos y conexiones de la linea selladores y pegamen de procedencia nacional. altura del producto 13.50 cm, ancho del producto 11.00 cm, profundidad del producto 11.00 cm, volumen del producto 1633.5, ean 38753322155, medidas 11.00x11.00x13.50, tipo de producto pegamento, modelo 32 oz cpvc naranja, color transparente, material otros, garantía 1 año, procedencia nacional, país de origen estados unidos. Realiza tus trabajos de gasfitería con toda comodidad y seguridad con los pegamentos Oatey, líder mundial en fijaciones de PVC y CPVC. Ideal para trabajos en conexiones extremas de humedad.. Para tuberías de CPVC hasta 6” de diámetro con ajuste de interferencia. Para uso residencial y comercial. Para sistemas de agua fría y caliente hasta 200°C/93°C.. Almacenar y utilizar a temperaturas entre 5°C y 43°C. Para sistemas de distribución de agua caliente y fría. Trabajos en seco.. Revolver o agitar antes del uso. Es importante leer toda la etiqueta atentamente antes del uso."
120715,"altavoz bluetooth con radio fm yolo mod.ybts6522 de la marca sm del area de electricidad para los tecnologia de la linea accesorios para celular de procedencia nacional. altura del producto 8.50 cm, ancho del producto 23.20 cm, profundidad del producto 7.90 cm, volumen del producto 1557.88, diametro del producto no se encuentra la infomacion., ean 2000001207154, medidas 23.20x7.90x8.50, tipo de producto parlante, modelo ybts6522, color blanco, garantía 1 año, procedencia nacional, país de origen china. Ideal para exteriores. Conexión a bluetooth. Duración de la batería 6 horas. Cuenta con entrada USB. Con radio FM, tarjeta TF y micrófono interno.. Ideal para exteriores. Conexión a bluetooth. Número de parlantes: 2. Entrada auxiliar de 3.5 mm. Duración de la batería: 6 h. Con entrada USB. Con radio FM, tarjeta TF y micrófono interno.. No se encuentra la infomacion.. Mantener en espacios secos. Evitar la humedad, ya que podría defectuar el rendimiento."
154696,"bisagra capuchina 4""x4""x2.5mm - steel ns de la marca eurolocks del area de ferreteria para los herrajeria de la linea bisagras puertas y ventanas de procedencia nacional. acabado mate, tamaño del producto pequeño, altura del producto 10.10 cm, ancho del producto 10.10 cm, profundidad del producto 1.00 cm, volumen del producto 102.01, ean 2000001546963, medidas 10.10x1.00x10.10, tipo de producto bisagra, modelo capuchina, color gris, material acero, garantía 06 meses por defectos de fabricación, procedencia nacional, país de origen china. . . . "
143832,"bolsa de herramientas de 47.5cm de la marca dexter del area de herramientas para los herramientas de mano de la linea cajas de herramientas de procedencia importado. altura del producto 26.00 cm, ancho del producto 35.50 cm, profundidad del producto 48.00 cm, volumen del producto 44304, ean 3276000687641, medidas 35.50x48.00x26.00, tipo de producto bolsa, modelo no aplica, color azul, material poliéster, garantía 5 años, procedencia importado, país de origen china. Traslada todas las herramientas necesarias para los trabajos que requieras con este práctica bolsa que te ofrece Promart. Sin duda, una opción que hará más sencillas las labores manuales.. Con fondo de plástico. Excelente calidad. Resistencia y durabilidad.. . Ideal para almacenar todas sus herramientas."
165028,"pack cuidado básico (varias plantas) de la marca green supply del area de jardin para los fertilizantes e insecticidas de la linea fertilizantes de procedencia nacional. altura del producto 33 cm, ancho del producto 24 cm, profundidad del producto 20 cm, volumen del producto 15840, ean 2000001650288, medidas 24x20x33, tipo de producto jardín, modelo pack cuidado básico varias plantas (fertialga 1lt / cleanim 250ml / pulverizador 2lt), color blanco, material fibra de pet, garantía por defecto de fabricación, procedencia nacional, país de origen china. Este combo es perfecto si estás empezando en el mundo de las plantas o buscas un cuidado práctico y natural.. . . "
137423,"lavaplatos universe 80 t-xp 2c de la marca teka del area de cocina para los lavaderos de la linea lavaderos de acero inoxidable de procedencia nacional. acabado brillante, altura del producto 16.00 cm, ancho del producto 79.00 cm, profundidad del producto 50.00 cm, volumen del producto 63200, ean 8434778015201, medidas 79.00x50.00x16.00, tipo de producto lavaplatos, modelo square tgranito 72.40, color negro, material acero inoxidable, garantía de por vida, procedencia nacional, país de origen españa. Completa tu cocina con este elegante lavadero. ¡Descubre toda la calidad de los lavaderos que Promart.pe tiene para ti!. De una cubeta. Superficie de alta resistencia a impactos, choques térmicos y altas temperaturas. Resistente a la decoloración. Instalación bajo encimera.. Garantía de por vida.. Limpiar con agua caliente y/o detergente especializado. Usar esponja suave para evitar rayarlo."
146040,"cortasetos telecut de la marca gardena del area de jardin para los herramientas manuales para jardineria de la linea tijeras de procedencia nacional. altura del producto 25.00 cm, ancho del producto 17.50 cm, profundidad del producto 78.00 cm, volumen del producto 34125, ean 4078500049153, medidas 17.50x78.00x25.00, tipo de producto cortadora, modelo telecut, color plata, material pvc, garantía por defecto de fabricación, procedencia nacional, país de origen alemania. ideal para usarlo en áreas exteriores, como jardines.. Puede extender el mango telescópico del TeleCut para incrementar de 70 a 90 cm. Las tijeras de este cortabordes tienen el borde serrado, que serán de mucha utilidad. Esto se debe a que el cortasetos logra una gran eficiencia al cortar en grandes áreas. Los bordes serrados mantienen el material cortado en el área de corte de las tijeras y evita que se te escapen. Esto da una gran efectividad especialmente en grandes áreas. Se caracteriza por sus mangos ErgoTec. Estos son redondeados y bien equilibrados, a la vez que tienen una forma ergonómica para cortar setos, de forma que quedan perfectamente en las manos en cualquier posición. Tienen un amortiguación blanda que además cuida de tus articulaciones y hace tu trabajo más cómodo. Las cuchillas llevan recubrimiento antiadherente. Esto reduce la fricción y asegura una limpieza fácil así como protegerla del óxido.. 25 años de garantía lo que asegura una alta calidad.. Ideal para trabajos menos pesados."
24223,"garrucha plataforma doble rueda fr 80 kg/ 2"" de la marca sm del area de ferreteria para los articulos para el mueblista de la linea garruchas y bases de procedencia nacional. tamaño del producto pequeño, altura del producto 8.00 cm, ancho del producto 6.00 cm, profundidad del producto 12.00 cm, volumen del producto 576, ean 7755183024673, medidas 6.00x12.00x8.00, tipo de producto garrucha, modelo 2"", color gris, material pvc/metal, garantía 1 año, procedencia nacional, país de origen china. Garrucha con doble rueda, plataforma y freno que soporta un peso de hasta 80 kg. ¡Encuentra los mejores productos aquí!. Ideal para trasladar y/o movilizar muebles facilmente.. Tener en cuenta el tipo de piso.. No sobrepasar el exceso de peso según la garrucha."
151062,"hp teclado gaming mecánico gk100 de la marca hp del area de electricidad para los tecnologia de la linea computo de procedencia nacional. altura del producto 3.70 cm, ancho del producto 43.60 cm, profundidad del producto 12.90 cm, volumen del producto 2081.028, ean 6948391226309, medidas 43.60x12.90x3.70, tipo de producto teclado, modelo gk100, color negro, material plástico, garantía 06 meses por defectos de fabricación, procedencia nacional, país de origen china. Complementa de la mejor manera tu zona de escritorio y refuerza tu experiencia gracias a los nuevos accesorios de cómputo que tenemos en exclusiva para ti.. Antighosting de 6 teclas. Retroiluminado multicolor. Conexión USB. Compatibilidad: PC y Laptops. Superficie de aluminio resistente a rayones. 105 teclas. Teclas de doble inyección. Teclas de alta sensibilidad. El teclado entra en modo de reposo después de 10 min. Teclas de acceso directo. Las teclas se pueden quitar y reemplazar. Diseñado para durar: vida útil hasta 50 millones de clics. Cable: 1.8 m. Cable con filtro. Voltaje/Corriente: 5 V 200 mA.. . Colocar sobre superficies totalmente planas."
128645,"lavadero 2 poza con esc typos d-200onyx quarzo de la marca record del area de cocina para los lavaderos de la linea lavaderos de acero inoxidable de procedencia nacional. acabado mate, altura del producto 1.31 cm, ancho del producto 31.00 cm, profundidad del producto 20 cm, volumen del producto 812.2, diametro del producto 1, ean 4014949087950, medidas 31.00x20x1.31, tipo de producto lavadero, modelo typos d-200, color negro, material cuarzo, garantía de por vida por defectos de fabricación, procedencia nacional, país de origen alemania. Lava tus platos, verduras y utensilios con total comodidad con este durable lavadero. Promart te trae lo mejor.. | Lavadero de Cuarzo| Material Cristalite® | Incluye Kit de instalación (desagüe, trampa, fijadores y rebose) | Tipo de instalación: Sobrepuesta | Fabricado en Alemania | Ideal para encimera de cemento, mármol, granito, cemento y acero | Color Onyx. Lavadero de Cuarzo. Material Cristalite®"
164049,"cama royal elizabeth cajones king gris de la marca paraiso del area de muebles para los dormitorios de la linea colchones de procedencia nacional. altura del producto 66 cm, ancho del producto 198 cm, profundidad del producto 203 cm, volumen del producto 2652804, ean 2000001640494, medidas 198x203x66, tipo de producto cama, modelo royal elizabeth, color gris, material tela tejida de punto/acero al carbono, garantía 10 años, procedencia nacional, país de origen perú. Buscas el descanso soñado y renovar tu habitación, aprovecha lo que Promart tiene para ti!!. . Revisar Cartilla de Usuario.. Royal Elizabeth ha sido elaborado con espumas Zebra de alta resiliencia, resortes Pocket con independencia de movimiento y tela tejido de punto higroscópica, los que aseguran un descanso confortable para toda tu familia."
49062,"calad metal delg 324s 3-5/8""(92mm) de la marca lenox del area de herramientas para los accesorios para herramientas electricas de la linea accesorios de herramientas de procedencia nacional. volumen del producto 0, ean 82472203035, color no aplica, garantía 1 año, procedencia nacional. . . . "
154171,"foco led vintage g125 4w luz amarilla de la marca tramontina del area de iluminacion para los focos de la linea vintage de procedencia nacional. altura del producto 17.30 cm, ancho del producto 12.50 cm, profundidad del producto 12.50 cm, volumen del producto 2703.125, diametro del producto 12.50 cm, ean 7891435974980, medidas 12.50x12.50x17.30, tipo de producto foco, modelo vintage g125, color transparente, material vidrio, garantía 2 años, procedencia nacional, país de origen brasil. Ilumina tus ambientes de forma segura y eficaz con este práctico foco led vintage que te permitirá ahorrar energía pero ilumina lo mismo que los focos convencionales.. Lampara decorativa. Vidrio ambar. Bajo consumo de energía. Libre de mercurio. No contiene plomo.. No aplica. Para espacios interiores y exteriores."
142230,"silla de escritorio atlantis eco rosado de la marca bonno del area de muebles para los oficinas de la linea sillas/sillones giratorios de procedencia nacional. altura del producto 102.00 cm, ancho del producto 57.00 cm, profundidad del producto 58.00 cm, volumen del producto 337212, diametro del producto no aplica, ean 2000001422304, medidas 57.00x58.00x102.00, tipo de producto silla, modelo atlantis, color rosa, material polipropileno, garantía 1 año, procedencia nacional, país de origen china. Elegante silla de escritorio, cuenta con un moderno diseño para brindarte una combinación de comodidad y calidad que andas buscando.. Asiento acolchado tapizado en tela importada, brazos en polipropileno, espaldar con soporte lumbar fijo y un mecanismo basculante que permite reclinar su asiento con una posición de bloqueo a 90° con el objetivo de brindarte mayor comodidad en su diseño innovador.. Garantía de 1 año válida por defectos de fabricación.. Limpiar regularmente con un paño seco para mantenerlo libre de polvo."
128035,"tricombo c6310 tb6415 hbb 535 de la marca teka del area de electro hogar para los empotrado  de la linea cocinas encimeras de procedencia nacional. volumen del producto 0, ean 2000001280355, tipo de producto cocina + campana + horno, modelo tb6415 + nc980 + hbb535, garantía 3 años, procedencia nacional. Engríe a los que más quieres preparando deliciosos platillos con este magnífico COMBO de cocina + campana + horno. Lo mejor lo encuentras en Promart.pe ¡No esperes más y compra ya!. Encimera: cristal PRO redondeado. 4 zonas de cocción: 2 placas ultra rápidas High Light de Ø 145 mm. 1 placa ultra rápida High Light de Ø 180 mm.1 placa ultra rápida High Light de Ø 210 mm. Indicadores de calor residual. Sistema fácil instalación fast-click. Potencia nominal máxima: 6.300 W. Touch Control con sensores acústicos y bloqueo de seguridad. Programador del tiempo de cocción hasta 99 minutos con avisador acústico (posibilidad de programar todas las placas a la vez). Función cronómetro con avisador acústico. Función golpe de cocción. Fuente de alimentación de 230 V. Longitud del cable: 100 cm. Frecuencia: 50/60 Hz. Indicador de calor residual. Posee reloj. Sin marco: sí. Campana: capacidad de extracción máxima 350 m3/h. Capacidad de extracción salida libre 220 m3/h. 3 velocidades. 1 lámpara incandescente. Mandos electrónicos deslizantes. 3 velocidades. Posibilidad de funcionamiento en recirculación. Panel interior de fácil limpieza. Iluminación automática. Código del panel frontal. 0 l. Horno: sistema de limpieza Teka Hydroclean Eco. Convencional - 3 funciones de cocinado. Programador mecánico de paro de cocción. Soportes cromados, cinco alturas de cocinado. Puerta dos cristales. Bandeja profunda esmaltada y parrilla (con sistema antivuelco). Capacidad neta: 76 l. Capacidad bruta: 77 l. Eficiencia energética A. índice de eficiencia energética (EEI): 94.8. Consumo convencional: 0.83 kWh. Número de cavidades: 1. Fuente de calor: eléctrico. Tipo de instalación;integración. Acero inoxidable antihuellas. Temporizador. Mandos: sí. Niveles de guías de bandeja. Cromada: 5. Métodos de cocinado 3. Función grill. Función bottom. Consumo de la luz interior: 25 W.  Frecuencia: 50/60 Hz. Fuente de alimentación:  220 a 240 V. Potencia nominal máxima: 2.593 W.  Calor inferior: 1.150 W. Motor de ventilador de refrigeración: 18 W. Grill: 1400 W. Protector de la parrilla. Termostato de seguridad. Peso del producto: 24 kg.. Cumple con las certificaciones: CE, CB y RoHS.. La instalación y ajuste deben ser efectuados por un técnico autorizado de acuerdo a las normas de instalación en vigor."
161280,"set x 4 und silla de diseño obi negro de la marca bonno del area de muebles para los oficinas de la linea sillas/sillones giratorios de procedencia nacional. altura del producto 84.00 cm, ancho del producto 43.00 cm, profundidad del producto 56.00 cm, volumen del producto 202272, ean 2000001612804, medidas 43.00x56.00x84.00, tipo de producto silla, modelo clásico, color negro, material polipropileno, garantía 1 año, procedencia nacional, país de origen china. Silla de Diseño Decorativo Obi Negro Bonno - 4 unidades. Disfruta de lo más nuevo que Promart.pe trae para ti.. Decora cualquier espacio de tu hogar, dando una sensación armoniosa y natural. Es tan ligera que la puedes mover a los lugares en que la necesites;el diseño de su asiento es en una sola pieza, plástica de Polipropileno de alta calidad y resistente, lo que la hace llamativa es su diseño en donde la ubiques ¡impactará!. Guía de cuidadoLimpiar regularmente con un trapo seco para mantenerlo libre de polvo o mugre en general, no usar esponjillas o sustancias que puedan desteñir el producto.. • Primero mide y conoce el espacio donde deseas ubicar el mueble.• Requiere un proceso armado.• Cuenta con un manual de instrucciones.• La garantía aplica para defectos de fabricación."
129800,"bestway chaleco con espuma talla m/l  32173-niña de la marca bestway del area de jardin para los productos para piscinas de la linea flotadores y accesorios de procedencia nacional. altura del producto 53.00 cm, ancho del producto 8.50 cm, profundidad del producto 20.00 cm, volumen del producto 9010, ean 6942138952698, medidas 8.50x20.00x53.00, tipo de producto chaleco, modelo 32173-niña, color rosa, garantía por defecto de fabricación, procedencia nacional. Permitirá disfrutar de la mejor manera en el agua. Ideal para los más pequeños del hogar.. Diseñado especialmente para niños. Resistente y duradero.. . Seguir las instrucciones para un correcto funcionamiento."
150794,"alicate semi redondo 160mm de la marca bahco del area de herramientas para los herramientas de mano de la linea alicates y herramientas de corte de procedencia nacional. altura del producto 2.00 cm, ancho del producto 7.50 cm, profundidad del producto 16.00 cm, volumen del producto 240, ean 7314150116188, medidas 7.50x16.00x2.00, tipo de producto alicate, modelo 2470 g-160, color naranja, material acero, garantía por defecto de fabricación, procedencia nacional, país de origen chile. Mordazas dentadas y de forma semicircular para agarrar materiales planos y redondos con gran accesibilidad en espacios confinados.. Boca semiredonda, estrecha y dentada.. . Adecuado para cortar cable de Cu y Fe."
71344,"fresa de grabado redon 1/32"" de la marca dremel del area de herramientas para los accesorios para herramientas electricas de la linea accesorios de herramientas de procedencia nacional. volumen del producto 0, ean 7891009821436, tipo de producto fresa, color no aplica, garantía 1 año, procedencia nacional. . . . "
162871,"roller blackout buono gris 200x220 cm de la marca sm del area de organizacion y decoracion para los persianas y cortinas de la linea rollers de procedencia importado. altura del producto 160.00 cm, ancho del producto 160.00 cm, profundidad del producto 5.00 cm, volumen del producto 128000, ean 2000001628713, medidas 160.00x5.00x160.00, tipo de producto roller, modelo blackout24, color blanco, material pvc, garantía por defecto de fabricación, procedencia importado, país de origen china. . . . "
140431,"cpp patoplus blanco 4 gl de la marca cpp del area de pinturas para los pinturas al latex de la linea latex economico de procedencia nacional. acabado mate, altura del producto 32.00 cm, ancho del producto 30.00 cm, profundidad del producto 30.00 cm, volumen del producto 28800, ean 7752835091137, medidas 30.00x30.00x32.00, tipo de producto pintura, modelo pato plus, color blanco, material plástico, garantía 1 año, procedencia nacional, país de origen perú. pTransforma tus espacios con la versatilidad y calidad de Patoplus Blanco 4 galones. Esta pintura ofrece una cobertura excepcional y un acabado mate que deja las superficies lisas, suaves y estéticamente agradables. Características y beneficios de la Pintura Patoplus blanco 4gl: Acabado mate que aporta una elegancia sutil.br• Secado en 4 horas.br• Rendimiento de 92m2 para una cobertura amplia.br• Lavable para un mantenimiento sin complicaciones.br• Ideal para uso doméstico, tanto en interiores como exteriores.. Deja la superficie lisa, suave y con buena apariencia. La emulsión permite una mayor resistencia a la exposición de la luz. Amplia variedad de colores y matizables entre sí. Pintura lavable.. . La superficie a pintar debe estar libre de suciedad, grasa, aceite, óxido, pintura suelta, humedad y cualquier otro material extraño. La brocha, rodillo o pistola a usar para la aplicación de la pintura, se deben encontrar en buen estado. Destape el envase de la pintura y mediante una paleta agítela hasta homogenizarla. Agregue agua potable hasta que la pintura se pueda aplicar sin defectos. Así, para la 1ra mano use un máximo de 1 volumen de agua por 6 volúmenes de pintura. Aplique una capa delgada y uniforme, no recargar demasiado. Después de 4 horas de secado, aplique otra capa si se requiere. Para la 2da mano use un máximo de 1 volumen de agua por 8 volúmenes de pintura."
154504,"adosable deysi 2 luces e27 gold de la marca orange del area de iluminacion para los iluminacion decorativa de la linea colgantes de procedencia importado. altura del producto 25.00 cm, ancho del producto 29.50 cm, profundidad del producto 29.50 cm, volumen del producto 21756.25, ean 2000001545041, medidas 29.50x29.50x25.00, tipo de producto luminaria, modelo deysi, color oro, material acero/vidrio, garantía 1 año, procedencia importado. . . . "
125717,"llave mixta  8mm de la marca bahco del area de herramientas para los herramientas de mano de la linea alicates y herramientas de corte de procedencia nacional. acabado mate/cromado, altura del producto 130.00 mm, ancho del producto 19.00 mm, volumen del producto 0, ean 7314151828639, tipo de producto llave, modelo 111m-8, color plata, material acero, garantía de por vida por defectos de fabricación, procedencia nacional, país de origen suecia. Para todos tus proyectos siempre podrás contar con los productos que te ofrece Promart.. Llave mixta de boca y corona, ambas de la misma medida, aleación de acero de alto rendimiento, cromado mate que proporciona una gran calidad superficial.. Este producto no brinda protección contra descargas electricas. Según: ISO 691, ISO 7738, ISO 3318, ISO 1711-1 y DIN 3113. Diseño patentado en U.. Mantener limpio y seco. Almecenar la herramienta lubricada con, si es por largo tiempo. Elegir la medida correcta, permitirá un mejor desempeño y mayor durabilidad del producto."
113296,"cerrojo elite- acero satin de la marca zender del area de ferreteria para los chapas y cerrajeria de la linea cerraduras cilin/tub de procedencia nacional. acabado brillante, tamaño del producto moderado, altura del producto 7.50 cm, ancho del producto 11.00 cm, profundidad del producto 8.00 cm, volumen del producto 660, ean 7752830004064, medidas 11.00x8.00x7.50, tipo de producto cerradura, modelo elite, color plata, material acero, garantía 1 año, procedencia nacional, país de origen china. - Mecanismo tubular.- Cilindro de latón zincado.- Backset graduable de 60 a 70mm.- 5 llaves de puntos.. Cerrojo de acero con acabado billante, pestillo tubular con distancia de instalación regulable de 6 cm a 7 cm. Seguro giratorio interno tipo mariposa.. Para puertas interiores de madera de 35 mm a 45 mm de espesor, complememta la seguridad de otra cerradura.. Se recomienda que la instalación lo ejecute un profesional, en todo caso tener los implementos y el conocimiento necesario para manipular herramientas tales como: taladro, atornillador manual y/o eléctrico, broca entre otros, a fin de evitar daños físicos. Leer las instrucciones antes de su instalación y tener en cuenta las medidas de instalación. Recomendamos su limpieza de forma semanal con franela y líquido suave como limpiador para muebles y el mantenimiento del tambor de llave con WD40. Tener al alcance siempre la llave para su apertura."
162644,"rapiducha avalon 4500w de la marca rotoplas del area de baños para los termas y calentadores de la linea rapiducha de procedencia nacional. tamaño del producto moderado, altura del producto 24.00 cm, ancho del producto 15.00 cm, profundidad del producto 4.70 cm, volumen del producto 1692, ean 7753745002497, medidas 15.00x4.70x24.00, tipo de producto rapiducha, modelo avalon, color gris, material abs, garantía 2 años, procedencia nacional, país de origen china. Rapiducha Eléctrica Rotoplas Avalon 4500w Gris. Disfruta de lo más nuevo que Promart.pe trae para ti.. 4500W, temperatura constante, 5 sistemas de seguridad. . "
155732,"silla de oficina styles negro de la marca bonno del area de muebles para los oficinas de la linea sillas/sillones giratorios de procedencia nacional. altura del producto 98.00 cm, ancho del producto 48.00 cm, profundidad del producto 56.00 cm, volumen del producto 263424, diametro del producto 0, ean 2000001557327, medidas 48.00x56.00x98.00, tipo de producto silla, modelo styles, color negro, material polipropileno, garantía 06 meses por defectos de fabricación, procedencia nacional, país de origen china. Tu Silla Styes, cuenta con beneficios para tu cuerpo: Completo movimiento y óptimo confort gracias a su espaldar alto y reclinable. Fácil regulación de acuerdo a tus necesidades en asiento, soporte lumbar fijo y brazos.  Práctica, ligera y fácil de armar. Mecanismo basculante con bloqueo a 90° en el espaldar y graduación de altura en el asiento.Espaldar en malla tejida en poliéster Asiento tapizado en tela importada. Brazos en polipropileno fijos. Base de cinco puntas en nylon de 60 cm de diámetro. Ruedas en nylon de 50mm de diámetro. Disfruta de lo más nuevo que Promart.pe trae para ti.. Silla giratoria de escritorio. Práctica y fácil de armar.. Requiere armado.. Armar en superficies planas. Cuenta con un manual de instrucciones para ensamble e instalación."
144019,"bar esquinero essential color bellota de la marca tuhome del area de muebles para los mesas, sillas y bancos de la linea bancos de bar de procedencia nacional. altura del producto 180.60 cm, ancho del producto 49.00 cm, profundidad del producto 49.00 cm, volumen del producto 433620.6, ean 7707062311596, medidas 49.00x49.00x180.60, tipo de producto bar, modelo essential, material melamina, garantía 3 meses, procedencia nacional. Complementa la decoración de los espacios de tu hogar con este Bar. Estos muebles de diseño moderno le darán la elegancia y orden en tu hogar.. Excelente estructura. Resistencia y durabilidad a su alcance.. . Limpiar con paño seco. Seguir las instrucciones de uso."
164423,"ventus licuadora alta velocidad 2lts (18 000 rpm) de la marca ventus del area de electro hogar para los electrodomesticos de la linea pequeños electrodomesticos de procedencia nacional. altura del producto 42 cm, ancho del producto 20 cm, profundidad del producto 19 cm, volumen del producto 15960, ean 7895707706149, medidas 20x19x42, tipo de producto licuadora, modelo li2, color plata, material acero, garantía 1 año, procedencia nacional, país de origen china. Licuadora Ventus Alta Velocidad 2L (18 000 Rpm). Disfruta de lo más nuevo que Promart.pe trae para ti.. . . "
157881,"calzado seguridad tribal t-37 de la marca werken del area de herramientas para los seguridad industrial de la linea calzado de seguridad de procedencia importado. altura del producto 11.50 cm, ancho del producto 23.50 cm, profundidad del producto 33.50 cm, volumen del producto 9053.375, ean 2000001578810, medidas 23.50x33.50x11.50, tipo de producto calzado de seguridad, modelo 1352tribal37, color negro, material cuero/poliuretano/acero, garantía 06 meses por defectos de fabricación, procedencia importado, país de origen china. pEl Calzado de seguridad Tribal Werken Talla 37 es la opción ideal para mantener tus pies protegidos en todo momento. Con una puntera de acero y materiales de alta calidad como el cuero y el poliuretano, es perfecto para trabajos exigentes en sectores como logística, oficina y construcción. Su diseño antiperforante y antideslizante garantiza un uso seguro en diversas superficies, mientras que su impermeabilidad y resistencia al impacto lo hacen adecuado para condiciones de trabajo difíciles. Características y beneficios del Calzado de seguridad Tribal Werken Talla 37: Comodidad y durabilidad gracias a su fabricación en cuero y poliuretano.br• Puntera de acero que brinda protección ante impactos y lesiones.br• Antiperforante para evitar riesgos de perforaciones en el calzado.br• Resistencia al impacto y a los elementos con diseño impermeable.br• Suela antideslizante para mayor estabilidad y seguridad al caminar.. . . Calzado de seguridad con punta de acero para trabajos logísticos, de oficina y contrucción."
145585,"comoda happy mimbre ratan #4 cerezo marron de la marca polinplast del area de organizacion y decoracion para los organizadores plasticos de la linea comodas plasticas de procedencia nacional. altura del producto 79.50 cm, ancho del producto 40.00 cm, profundidad del producto 55.00 cm, volumen del producto 174900, ean 2000001455852, medidas 40.00x55.00x79.50, tipo de producto cómoda, modelo happy mimbre #4, color marrón, garantía 1 año, procedencia nacional, país de origen perú. Organiza la ropa u otros objetos en esta práctica cómoda que te trae Promart.. Excelente calidad. Resistencia y durabilidad.. . Colocar sobre superficies planas. Limpiar con paño suave y seco."
135103,"rack tv55 vassel - miel plomo de la marca deco home del area de muebles para los audio y video de la linea mesas de tv/audio/video de procedencia nacional. altura del producto 60.60 cm, ancho del producto 123.50 cm, profundidad del producto 38.60 cm, volumen del producto 288886.26, ean 2000001351031, medidas 123.50x38.60x60.60, tipo de producto rack, modelo no aplica, color gris, garantía 1 año, procedencia nacional. Organiza tus aparatos electrónicos y olvídate de los cables enredados y desordenados con la mesa para TV.. . . Limpiar con paño húmedo y líquido especial para dicho material."
133507,"tenaza para medio corta alambre9"" de la marca kamasa del area de herramientas para los herramientas de mano de la linea alicates y herramientas de corte de procedencia nacional. acabado no aplica, altura del producto 22.80 cm, ancho del producto 5.40 cm, profundidad del producto 1.90 cm, volumen del producto 233.928, ean 2000003653454, medidas 5.40x1.90x22.80, tipo de producto tenaza, modelo no aplica, color amarillo, material acero, garantía 06 meses por defectos de fabricación, procedencia nacional, país de origen china. Tenaza corta alambre fabricada en acero de alto contenido para mayor dureza y vida útil.. Con alto contenido de carbono para mayor dureza y vida útil. Puede ser utilizada en aplicaciones de construcción.. Idealpara cortar alambre de diferentes calibres.. Ideal para cortar alambre de diferentes calibres."
157233,"cat 3 flete por recojo de devolucion de la marca sm del area de servicios para los servicios tienda de la linea despacho domicilio - tienda de procedencia nacional. altura del producto 1.00 cm, ancho del producto 1.00 cm, profundidad del producto 1.00 cm, volumen del producto 1, ean 2000001572337, medidas 1.00x1.00x1.00, tipo de producto servicio, modelo no aplica, color no aplica, material otros, garantía por defecto de fabricación, procedencia nacional, país de origen perú. . No aplica. No aplica. No aplica"
110316,"lavadero basic 2 poza con esc ac. inox 50x120 de la marca sm del area de cocina para los lavaderos de la linea lavaderos de acero inoxidable de procedencia importado. acabado satinado, altura del producto 15.00 cm, ancho del producto 120.00 cm, profundidad del producto 50.00 cm, volumen del producto 90000, diametro del producto 0, ean 2000001103166, medidas 120.00x50.00x15.00, tipo de producto lavadero, modelo 2 pozas c/esc basic, color plata, material acero inoxidable, garantía 1 año, procedencia importado, país de origen china. Lava tus platos, verduras y utensilios con total comodidad con este durable lavadero de acero inoxidable para empotrar en muebles de melamina o postformado.. Lavadero de acero inoxidable 2 pozas de 6 mm de espesor con acabado satinado, de alta calidad y gran durabilidad. Escurridero reversible. Resistente a la corrosión. Bordes para sobreponer sobre tablero de concreto. Viene con protector antiruido. Perforación para desagüe de 3 1/2"".. Se recomienda instalar solo en tablero de concreto, no viene con perforación para grifería.. No instalar cerca a las piscinas. No limpiar con ácidos, mantener siempre seco después de usarlo.Se recomienda la instalación por un experto, para evitar fugas, etc. Limpiar con detergentes normales neutros. Usar esponja blanca o paño."
148111,"disco de sierra circular 7 1/4"" 24d de la marca dewalt del area de herramientas para los accesorios para herramientas electricas de la linea discos de corte de procedencia nacional. altura del producto 18.40 cm, ancho del producto 18.40 cm, profundidad del producto 0.30 cm, volumen del producto 101.568, diametro del producto 17.78 cm, ean 885911574457, medidas 18.40x0.30x18.40, tipo de producto disco, modelo dwa171424, color amarillo, material carburo de tungsteno, garantía 1 año, procedencia nacional, país de origen china. . Rombo extraíble. Acabado ultrafino. Cuenta con 24 dientes.. Usar el accesorio correcto según el tipo de herramienta.. Ideal para aplicaciones en madera."
143411,"parrilla a carbon phoenix con bandeja diam57 negro de la marca naterial del area de aire libre y temporada para los parrillas de la linea parrillas a carbón de procedencia importado. altura del producto 108.00 cm, ancho del producto 63.00 cm, profundidad del producto 67.00 cm, volumen del producto 455868, ean 3276007420876, medidas 63.00x67.00x108.00, tipo de producto parrilla, modelo phoenix, color negro, material acero, garantía 3 años, procedencia importado, país de origen china. Prepara un excelente chancho, pollo o la carne que prefieras con esta Parilla a carbón. No esperes más y disfruta de tardes inovidables con tu familia. Disfruta de lo más nuevo que Promart.pe trae para ti.. Termómetro. Cenicero. Gancho de tapa. Carga máxima de 1.5 kg.. . Colocar sobre superficies totalmente planas. Esperar que enfríe para ser almacenada."
92091,"rapiducha nva perfect 5.5 kw de la marca sole del area de baños para los termas y calentadores de la linea rapiducha de procedencia nacional. altura del producto 33.50 cm, ancho del producto 24.00 cm, profundidad del producto 8.50 cm, volumen del producto 6834, ean 7756514006849, medidas 24.00x8.50x33.50, tipo de producto rapiducha, modelo perfect, color blanco, material polipropileno, garantía 2 años, procedencia nacional, país de origen israel. Rapiducha que funciona en cualquier lugar del Perú porque funciona incluso con baja presión. Cuenta con un selector de potencia y un sistema de trabajo moderno mediante una tarjeta electrónica. Incluye una ducha tipo teléfono con chorro regulable, barra reguladora y jabonera.. Revestimiento aislante. Termostato de seguridad. Fácil instalación. Trabaja con presión de agua. Selector de potencias. Ducha tipo teléfono. Leer el manual antes de usar el producto. La instalación debe hacerlo personal calificado"
162753,"silla de escritorio fone ultra con cabecero gris de la marca sm del area de muebles para los oficinas de la linea sillas/sillones giratorios de procedencia nacional. altura del producto 1085.00 cm, ancho del producto 60.00 cm, profundidad del producto 58.00 cm, volumen del producto 3775800, ean 2000001627532, medidas 60.00x58.00x1085.00, tipo de producto silla, modelo rs130534, color gris, material polipropileno, garantía por defecto de fabricación, procedencia nacional, país de origen ecuador. Silla de Oficina Fone Ultra con Cabecero Gris Bonno. Disfruta de lo más nuevo que Promart.pe trae para ti.. . . "
153988,"lavadora wt13wpbk smart motion 13kg blanco de la marca lg del area de electro hogar para los linea blanca de la linea lavadoras / secadoras de procedencia nacional. acabado liso, tamaño del producto grande, altura del producto 96.00 cm, ancho del producto 59.00 cm, profundidad del producto 61.00 cm, volumen del producto 345504, ean 8806091970008, medidas 59.00x61.00x96.00, tipo de producto lavadora, modelo wt13wpbk, color blanco, material acero inoxidable/plástico, garantía 1 año, procedencia nacional, país de origen tailandia. Lava la ropa de forma impecable con esta lavadora que Promart trae para ti. Con un mayor cuidado evitando que las prendas se enreden y dañen.. Smart Motion. Auto Pre Lavado. Diagnóstico Inteligente. Tecnología TurboDrum.. Garantía de 10 años en el motor.. Se recomienda colocar en superficies planas."
162820,"banco para bar oliver arena bonno de la marca sm del area de muebles para los mesas, sillas y bancos de la linea bancos de bar de procedencia nacional. altura del producto 70.00 cm, ancho del producto 30.00 cm, profundidad del producto 30.00 cm, volumen del producto 63000, ean 2000001628201, medidas 30.00x30.00x70.00, tipo de producto banco, modelo oliver, color beige, material pvc, garantía por defecto de fabricación, procedencia nacional, país de origen china. Diseñado especialmente para esas ocasiones donde necesitas relajarte con la familia y amigos. Ideal para terrazas, jardines, bares, comedores de oficina, restaurantes, etc.. . . "
120381,"s25 - conmutador triple aluminio/graf de la marca simon del area de electricidad para los interruptores y tomacorrientes de la linea placas armadas de procedencia nacional. altura del producto 8.00 cm, ancho del producto 12.00 cm, profundidad del producto 4.00 cm, volumen del producto 384, ean 7506207329362, medidas 12.00x4.00x8.00, tipo de producto interruptor, modelo s25, material policarbonato/aluminio, garantía 2 años, procedencia nacional, país de origen españa. De tres vías. Se acciona manualmente para activar o desactivar el paso de electricidad, según el uso de su instalación. En algunos casos, también funcionan para timbres. Fácil instalación, por medio de presión, de forma horizontal y por el frente del chasis. Con placa.. De tres vías. Se acciona manualmente para activar o desactivar el paso de electricidad, según el uso de su instalación. En algunos casos, también funcionan para timbres. Fácil instalación, por medio de presión, de forma horizontal y por el frente del chasis. Con placa.. . Mantener limpio y seco, a una distancia prudente e ideal. Conectar con dispositivos eléctricos capaces de resistir la cantidad de voltaje."
139216,"válvula desv para ducha telefono 3 cambios de la marca vainsa del area de gasfiteria para los accesorios de gasfiteria de la linea valvulas hidraulicas de procedencia nacional. altura del producto 7.00 cm, ancho del producto 3.50 cm, profundidad del producto 6.20 cm, volumen del producto 151.9, ean 7756513016825, medidas 3.50x6.20x7.00, tipo de producto válvula, modelo no aplica, color plata, material abs, garantía 1 año, procedencia nacional, país de origen china. Con 3 tipos de cambio (salida de ducha/ducha teléfono/ducha y teléfono). Resitente a presiones altas hasta 90 psi.. Con 3 tipos de cambio (salida de ducha/ducha teléfono/ducha y teléfono). Resitente a presiones altas hasta 90 psi.. . Asegurarse una correcta instalación."
132048,"ganchos de cocina gris x2 de la marca orange del area de cocina para los organizacion de cocina de la linea organizadores de cocinas de procedencia importado. acabado mate, altura del producto 6.00 cm, ancho del producto 4.50 cm, profundidad del producto 3.00 cm, volumen del producto 81, ean 2000001320488, medidas 4.50x3.00x6.00, tipo de producto ganchos, modelo kb56821_prm, color gris, material abs, garantía 1 año, procedencia importado, país de origen china. Estos ganchos son ideales para colgar utensilios de cocina.. . . Limpiar la superficie antes de instalar."
121822,"codo 90° 3/4"" agua fría con rosca de la marca tuboplast del area de gasfiteria para los tubos y conexiones de la linea acces y conec pvc ro de procedencia nacional. tamaño del producto pequeño, altura del producto 5.50 cm, ancho del producto 5.50 cm, profundidad del producto 3.70 cm, volumen del producto 111.925, ean 2000001218228, medidas 5.50x3.70x5.50, tipo de producto codo, modelo ro034c90, color gris, material pvc-u, garantía por defecto de fabricación, procedencia nacional. Promart se convierte en tu mayor aliado para que puedas instalar las conexiones sanitarias de tu vivienda, ofreciéndote accesorios de excelente calidad y realices tus actividades con eficacia.. Tubería para fluidos. Diámetro exterior: 2.65 cm. Diámetro de campana: 2.67 cm. Longitud de campana: 2.8 cm. Espesor: 0.45 cm.. Cumple con normas  ISO-9001, ISO-14001 y NTP 399.019:2004.. Verificar si el diámetro nominal del producto corresponde con la tubería que se desea conectar. Mantener limpio y seco para evitar el deterioro."
156564,"atorn drywall gtb 650 de la marca bosch del area de herramientas para los herramientas electricas portatiles de la linea atornilladores de procedencia nacional. altura del producto 19.60 cm, ancho del producto 5.00 cm, profundidad del producto 18.00 cm, volumen del producto 1764, ean 3165140920933, medidas 5.00x18.00x19.60, tipo de producto atornillador, modelo gtb 650, color azul, material metal/poliamida, garantía 1 año, procedencia nacional, país de origen malasia. El Atornillador Drywall Bosch GTB 650 es el primer atornillador para drywall en el mundo con tope de profundidad reversible, proporcionando más rapidez y practicidad en el trabajo. El Atornillador Drywall Bosch GTB 650 tiene la relación más optimizada entre torque y velocidad para trabajos precisos y rápidos. Su diseño es robusto y compacto para mejor ergonomía durante el uso. El Atornillador Drywall Bosch tiene botón de bloqueo y empuñadura con softgrip para aumentar la productividad en trabajos constantes. Es fácil de transportar ya que tiene un clip para cinturón con ranura central. El atornillador Drywall Bosch GTB 650 tiene mandril de 1/4"" (pulgadas) y 650W de potencia, es una herramienta para uso profesional y viene con 1 año de garantía Bosch.. El Atornillador Drywall Bosch GTB 650 es el primer atornillador para drywall en el mundo con tope de profundidad reversible, proporcionando más rapidez y practicidad en el trabajo. El Atornillador Drywall Bosch GTB 650 tiene la relación más optimizada entre torque y velocidad para trabajos precisos y rápidos. Su diseño es robusto y compacto para mejor ergonomía durante el uso. El Atornillador Drywall Bosch tiene botón de bloqueo y empuñadura con softgrip para aumentar la productividad en trabajos constantes. Es fácil de transportar ya que tiene un clip para cinturón con ranura central. El atornillador Drywall Bosch GTB 650 tiene mandril de 1/4"" (pulgadas) y 650W de potencia, es una herramienta para uso profesional y viene con 1 año de garantía Bosch.. . "
132339,"escritorio homelyde 1400x800x720blanco de la marca fursys del area de muebles para los oficinas de la linea escritorios rta de procedencia nacional. acabado liso, altura del producto 72.00 cm, ancho del producto 140.00 cm, profundidad del producto 70.00 cm, volumen del producto 705600, diametro del producto no aplica, ean 7750902121367, medidas 140.00x70.00x72.00, tipo de producto escritorio, modelo homely, color blanco, material acero, garantía 3 años, procedencia nacional, país de origen españa. En tu dormitorio u oficina, el escritorio se adaptará a tus necesidades. Su diseño destacará dentro de tu decoración.. Superficie de aglomerado recubierto con laminado. Cantos de ABS. Niveladores de Altura. Estructura de Acero.. Certificación de calidad y gestión medioambiental.. Retirar el polvo con un paño de microfibra. Limpiar con un paño húmedo casi seco y proceder a secar con un paño totalmente seco."
133150,"huachaz zincado ligero 1/4"" de la marca kamasa del area de ferreteria para los productos de fijacion de la linea perno,tuerca y arandelas de procedencia nacional. altura del producto 2.00 cm, ancho del producto 2.00 cm, profundidad del producto 1.90 cm, volumen del producto 7.6, ean 2000003605491, medidas 2.00x1.90x2.00, tipo de producto huacha, modelo no aplica, color plata, material metal, garantía 06 meses por defectos de fabricación, procedencia nacional, país de origen china. Complemento de los pernos para darle más seguridad en los trabajos de fijación.. Su baño de zinc la protege contra la oxidación, corrosión.. . Se usa para distintos trabajos de bricolaje, pues sirven para proteger, espaciar o soportar la presión del trabajo a realizar."
110165,"coc sorbola 5 horni negro horno eléct gamma pl de la marca klimatic del area de electro hogar para los empotrado  de la linea cocinas encimeras de procedencia nacional. volumen del producto 0, ean 2000001101650, color no aplica, garantía 1 año, procedencia nacional. . . . "
34574,"angulo a36 2""x38x38mm 6m aa de la marca aceros arequipa del area de materiales de construccion para los fierros de la linea perfiles de fierro de procedencia nacional. volumen del producto 0, ean 7751371000665, tipo de producto estructura, color no aplica, garantía 1 año, procedencia nacional. . . . "
154059,"purificador visual doble salud sobremesa de la marca agua sana del area de gasfiteria para los purificacion de agua de la linea filtros de agua de procedencia nacional. altura del producto 33.00 cm, ancho del producto 16.00 cm, profundidad del producto 16.00 cm, volumen del producto 8448, ean 2000001540596, medidas 16.00x16.00x33.00, tipo de producto purificador, modelo visual doble salud, color transparente, material abs, garantía 1 año, procedencia nacional, país de origen argentina. Purificador de agua especializado para agua de la red, libre de impurezas, bacterias y sedimentación.. Máximo rendimiento. Solo requiere un recambio de núcleo a los 7800 litros de agua (7 meses  en tiempo promedio). Compatible con todos los grifos. Piezas principales de metal inoxidable. BPRA Free. Componentes de grado alimenticio. Ideal para agua de red sin contaminación bacteriológica. Vida útil garantizada superior a los 20 años.. Dejar correr el agua 5 min para que inicie su proceso inicial y pueda ser consumida.. Utilizar los accesorios propias del equipo, hacer el mantenimiento dentro del tiempo estipulado con cartuchos de la marca."
134004,"prensa a tierra metalica 600a de la marca kaili del area de herramientas para los herramientas de mano de la linea prensas, tornillos y tecles de procedencia nacional. acabado niquelado, profundidad del producto 27.00 cm, volumen del producto 0, ean 2000003605156, tipo de producto prensa, modelo no aplica, color plata, material acero galvanizado, garantía 06 meses por defectos de fabricación, procedencia nacional. Garantiza mejor conductividad eléctrica y evitando que haya recalentamiento excesivo.. Para conectar punta a tierra 600 A. Ofrece mejor agarre y conductividad, resistente al medio ambiente. Reforzada con trenzado de cobre entre sus mordazas que están diseñadas para mantenerse firmemente sujetas a la pieza de trabajo. Tornillo con tuerca hexagonal para asegurar firmemente el cable de 14mm.. . Hacer mantenimiento periódicamente."
148035,"bolsa blanca rollo de 5 lt x 15 unid de la marca virutex del area de limpieza para los herramientas de limpieza general de la linea bolsas de basura de procedencia nacional. altura del producto 11.00 cm, ancho del producto 5.50 cm, profundidad del producto 5.50 cm, volumen del producto 332.75, diametro del producto 0, ean 7759998006848, medidas 5.50x5.50x11.00, tipo de producto bolsa, modelo rollo, color blanco, material plástico, garantía 2 años, procedencia nacional, país de origen perú. Bolsas para basura de alta calidad, resistentes al peso, punción y desgarro.. De alta calidad. Resistentes al peso y desgarro.. No sobrellenar las bolsas y no utilizarlas para transportar objetos afilados o pesados ayudará a prolongar su vida útil.. Almacenar en un lugar limpio, seco y sin humedad, lejos de la luz solar."
48205,"guante cuero con palma reforzada cuero llamo de la marca werken del area de herramientas para los seguridad industrial de la linea guantes de procedencia nacional. altura del producto 27.00 cm, ancho del producto 7.00 cm, profundidad del producto 1.00 cm, volumen del producto 189, ean 2000000482057, medidas 7.00x1.00x27.00, tipo de producto guante, modelo c/palma reforzado, color amarillo, material cuero, garantía 1 año, procedencia nacional, país de origen perú. pProtege tus manos con el Guante de Cuero Werken C/Palma Reforzado. Fabricado con 100% cuero y badana en la palma, este guante ofrece resistencia y durabilidad. Ideal para trabajos de construcción, su costura resistente garantiza una mayor duración. Con una garantía de 1 año, este guante es perfecto para uso general en diferentes actividades. Mantén tus manos seguras y cómodas con este guante de calidad. Características del Guante de Cuero Werken con Palma Reforzado:ul liFabricado en 100% cuero con badana en la palma. liResistente costura para mayor durabilidad. liIdeal para uso en construcción. liColor amarillo vibrante./ul. Guante de 100% cuero y reforzado en la palma con badana. Costura resistente para mayor duración.. Estos guantes no soportan las altas temperaturas. Estos guantes no están hechos para riesgo eléctrico. Las medidas son referenciales. El producto es solo preventivo.. Lea siempre las instrucciones del producto antes de usarlo. Mantener fuera del alcance de los niños. Guardar en un lugar fresco, seco y libre de polvo. Revisar siempre el estado del producto antes de usar."
117414,"mezclador de mortero 90 x 400 mm de la marca kwb del area de herramientas para los accesorios para herramientas electricas de la linea accesorios de herramientas de procedencia importado. altura del producto 40.00 cm, ancho del producto 9.00 cm, profundidad del producto 9.00 cm, volumen del producto 3240, ean 4009314976090, medidas 9.00x9.00x40.00, tipo de producto mezclador, modelo 497609, color plata, material metal, garantía por defecto de fabricación, procedencia importado, país de origen alemania. Mezclador para mortero, mezclador metálico, para la mezcla de mortero, cola de baldosas, revoques de cualquier tipo, ejecución robusta, elevada estabilidad de marcha, revestido de plástico, ningún desprendimiento de colorantes durante el empleo, para el uso en taladradoras corrientes de venta en el mercado, buen transporte de material con carga reducida de la máquina.. Mezclador de ejecución robusta, elevada estabilidad de marcha, revestido de plástico, ningún desprendimiento de colorantes durante el empleo. Vástago de 8 mm. Espesor de 8 mm. Accesorio compatible con cualquier taladro o atornillador de marca reconocida. El tiempo de vida dependerá del uso del producto. Medida del empaque.. Leer el manual de instrucciones antes de ser utilizado. Mantener fuera del alcance de los niños. Utilice los implementos de seguridad adecuados para el uso de este producto."
130978,"banco plegable 27 cmmedianorojo de la marca orange del area de aire libre y temporada para los muebles de plastico de la linea bancos de plastico de procedencia importado. altura del producto 27.00 cm, ancho del producto 29.00 cm, profundidad del producto 22.00 cm, volumen del producto 17226, ean 2000001309780, medidas 29.00x22.00x27.00, tipo de producto banco, modelo 27 cm mediano, color rojo, material polipropileno, garantía 5 años, procedencia importado, país de origen china. Este banco plegable es ideal para habitaciones, cocina, patio y jardín. Además ocupa menos espacio al momento de almacenamiento.. Plegable. Resistente al agua. Excelente calidad y resistencia.. . Ideal para uso doméstico."
74461,"int. termomagnético 3x128-160a dpx3 160 regulable de la marca legrand del area de electricidad para los tableros y llaves electricas de la linea interruptores termomagneticos de procedencia nacional. volumen del producto 0, ean 7750293010110, color no aplica, garantía 1 año, procedencia nacional. . . . "
28796,"cable tw 1.50 mm2 verde de la marca indeco del area de electricidad para los cables de la linea conductores electric 1 de procedencia nacional. volumen del producto 0, ean 2000000287966, color no aplica, garantía 1 año, procedencia nacional. . . . "
155031,"maceta estandar full 19 azul imperial de la marca mestiza del area de jardin para los deco jardin de la linea macetas de procedencia nacional. altura del producto 15.00 cm, ancho del producto 19.00 cm, profundidad del producto 19.00 cm, volumen del producto 5415, diametro del producto 19.00 cm, ean 7862131422730, medidas 19.00x19.00x15.00, tipo de producto maceta, modelo estandar full, color azul, material cerámica, garantía 06 meses por defectos de fabricación, procedencia nacional, país de origen ecuador. pEmbellece tu hogar con la elegante Maceta Cerámica Azul Imperial Mestiza Cono de 19 cm. Esta maceta de alta temperatura es ideal para uso interior o exterior, destacando por su color azul cobalto y su forma cónica. Con 6 meses de garantía por defectos de fabricación, esta maceta cerámica es perfecta para realzar la belleza de tus plantas. Su sistema de drenado y su peso ligero de 1 kg la hacen práctica y funcional. h2Características de la Maceta Cerámica Azul Imperial Mestiza Cono 19 cm: ul  liMaceta cerámica de alta temperatura para uso interior o exterior.  liColor azul cobalto y forma cónica.  liGarantía de 6 meses por defectos de fabricación.  liSistema de drenado incorporado.  liPeso ligero de 1 kg.ul. Maceta cerámica de alta temperatura;uso exterior o interior. No incluye base. Uso interior o exterior. Producto frágil"
116565,"hervidor electrico inox 1.8 lts 1500w de la marca holstein del area de electro hogar para los electrodomesticos de la linea pequeños electrodomesticos de procedencia importado. altura del producto 25.00 cm, ancho del producto 22.00 cm, profundidad del producto 15.50 cm, volumen del producto 8525, diametro del producto 0, ean 813966022548, medidas 22.00x15.50x25.00, tipo de producto hervidor, modelo hh-090206, color plata, material aluminio/plástico, garantía 1 año, procedencia importado, país de origen china. Con el Hervidor Eléctrico de 1.8L de Holstein Housewares, puede llevar el agua al punto de ebullición sin preocuparse por apagar la estufa de la cocina para preparar té caliente o café instantáneo. Cuenta con apagado automático con protección contra el sobre calentamiento para mayor seguridad y tranquilidad, así puede ocuparse de otros asuntos y regresar una vez que el agua esté lista para servir.. Hervidor eléctrico hecho de plástico y aluminio. Cuenta con dispositivo de protección contra sobrecalentamiento, Base removible con rotación de 360 grados, botón de encendido y apagado, cuerpo de aluminio y mango de plástico PP, luz indicadora de funcionamiento, asa de plástico, función de apagado automático.. El hervidor comprende 2 partes, la jarra hervidora y la base, instalar en una superficie 100% plana. Uso doméstico y para interiores.. Para la limpieza del producto, desconecte el artefacto del tomacorriente y permita que el aparato se enfrie. Limpie la superficie interior y exterior con un paño suave y húmedo, las superficies en contacto con la comida deben remojarse usando un paño húmedo para ablandar cualquier resto de comida, luego proceda a limpiar con un paño humedecido suave y seque inmediatamente, guarde en un lugar seco y fresco."
77160,"insecticida rastop minibloques x 60 gr de la marca hortus del area de jardin para los fertilizantes e insecticidas de la linea insecticidas domesticos de procedencia nacional. altura del producto 12.00 cm, ancho del producto 7.20 cm, profundidad del producto 4.00 cm, volumen del producto 345.6, ean 7758300000765, medidas 7.20x4.00x12.00, tipo de producto insecticida, modelo control ratas, color no aplica, garantía 1 año, procedencia nacional. Cebo en bloques que mata todo tipo de ratas y ratones, urbanos y silvestres.. Efectivo rodenticida de segunda generación para el control de roedores en ambientes con alta presencia de agua y humedad. Genera una alteración de la síntesis de protrombina, que provoca el decaimiento inicial del roedor hasta su muerte de 4 a 5 días post consumo.. . Utilizar guantes al momento de la aplicación. Leer la etiqueta antes de utilizar el producto."
116301,"colgador de fotos negro de la marca umbra del area de tendencias para los i&o de la linea marcas terceras de procedencia importado. altura del producto 74.93 cm, ancho del producto 66.04 cm, profundidad del producto 3.81 cm, volumen del producto 18853.317132, ean 2000001163016, medidas 66.04x3.81x74.93, tipo de producto portaretratos, modelo hangit, color negro, material mdf, garantía 1 año, procedencia importado, país de origen china. Redescubre las paredes de tu hogar con este bonito colgador de fotografías.¡Recordar es volver a vivir!. Resistente y de fácil instalación.. . "
14833,"enchufe schuko 16amp 2p t 250v gr de la marca mennekes del area de electricidad para los interruptores y tomacorrientes de la linea enchufes/conectores de procedencia nacional. altura del producto 4.50 cm, ancho del producto 4.50 cm, profundidad del producto 10.50 cm, volumen del producto 212.625, diametro del producto 4.00 cm, ean 4015394034780, medidas 4.50x10.50x4.50, tipo de producto enchufe, modelo schuko 2p+t, color gris, material pvc, garantía por defecto de fabricación, procedencia nacional, país de origen alemania. Enchufe Schuko o F de 250 V para adaptarlo a cualquier tomacorriente con este tipo de entrada.. Enchufe schuko aereo de material PVC y amaplast, tiene contactos de plata para la línea a tierra  en la parte central de las espigas, tiene un jebe para proteger y aderir el calibre de cable al momento de realizar la instalación, además tiene un grado de protección IP44 contra el polvo, agua y soporta impactos.. Capacidad máxima de operación 16A con una tensión nominal de 250V,. Usar las herramientas adecuadas antes de realizar la instalación y mantener fuera del alcance de los niños."
163513,"perchero/gancho de baño colección classic grafito de la marca orange del area de baños para los organizacion de baño de la linea sets adosados de procedencia importado. acabado no aplica, tamaño del producto moderado, altura del producto 5.00 cm, ancho del producto 5.00 cm, profundidad del producto 5.80 cm, volumen del producto 145, ean 2000001635131, medidas 5.00x5.80x5.00, tipo de producto accesorios, modelo h590sgm, color no aplica, material acero, garantía por defecto de fabricación, procedencia importado, país de origen china. . . . "
159906,"set x4 copas champagne de la marca orange del area de cocina para los menaje de la linea hidratacion de procedencia importado. altura del producto 19.50 cm, ancho del producto 5.00 cm, profundidad del producto 19.50 cm, volumen del producto 1901.25, ean 2000001599068, medidas 5.00x19.50x19.50, tipo de producto vasos, modelo no aplica, color transparente, material vidrio, garantía por defecto de fabricación, procedencia importado, país de origen china. Set de 4 Copas Champagne Orange. Disfruta de lo más nuevo que Promart.pe trae para ti.. Set de 4 copas de Champagne hecho de 100% Vidrio, ideal para complementar tu vajilla, diseño actual y resistente.. . Limpiar el producto siempre antes de cada uso, se puede lavar con lavavajillas y enjuagando con agua."
161516,"spot led caja octogonal 14w 11cm 3cct bl de la marca orange del area de iluminacion para los iluminacion funcional de la linea spots led de procedencia importado. altura del producto 20.00 cm, ancho del producto 20.00 cm, profundidad del producto 5.00 cm, volumen del producto 2000, ean 2000001615164, medidas 20.00x5.00x20.00, tipo de producto spot, modelo caja octagonal, color blanco, material metal, garantía 1 año, procedencia importado, país de origen china. Spot LED Caja Octogonal Orange 14W 11cm 3CCT Blanco. Disfruta de lo más nuevo que Promart.pe trae para ti.. . . "
26260,"fotomural caleidoscope 4 paños de la marca decopapel del area de pinturas para los acabados especiales de la linea papel decorativo de procedencia nacional. volumen del producto 0, ean 4036834048976, color no aplica, garantía 1 año, procedencia nacional. . . . "
139289,"ventilador de mesa 30cm 40w  blanco de la marca equation del area de electro hogar para los climatizacion de la linea ventiladores domesticos de procedencia importado. altura del producto 46.00 cm, ancho del producto 33.00 cm, profundidad del producto 24.00 cm, volumen del producto 36432, ean 3276000613770, medidas 33.00x24.00x46.00, tipo de producto ventilador, modelo 30 cm, color blanco, material metal/plástico, garantía 2 años, procedencia importado, país de origen china. Promart trae para ti, este ventilador. Ideal para refrescarte este verano. Cuenta con velocidades que se adaptarán a tus necesidades.. Excelente calidad. Resistencia y durabilidad.. . Colocar en superficies planas."
157044,"kayak hydroforce surge elite x2 382x94x42cm de la marca bestway del area de jardin para los productos para piscinas de la linea flotadores y accesorios de procedencia nacional. altura del producto 58.00 cm, ancho del producto 36.00 cm, profundidad del producto 55.00 cm, volumen del producto 114840, ean 6941607358108, medidas 36.00x55.00x58.00, tipo de producto inflable, modelo 65144, color azul, material pvc, garantía por defecto de fabricación, procedencia nacional, país de origen china. Disfruta de un bonito día de playa con este divertido Kayak que Promart trae para ti. Es de material resistente y duradero.. Marca: Bestway. Medidas del producto: 386x96x35cm. Material: PVC. Capacidad: 180KG. Peso: 16.56kg. Contenido: 1 Kayak, 2 Remos, 1 Bomba Manual, 2 Aletas, 2 Asientos, 2 Reposapiés, 1 Bolsa De Transporte, Parche De Reparación. Características: Capacidad para 2 adultos con un peso de 180 kg Paredes fabricadas con 1000D Tritech, un material ultrarreforzado de 3 capas sometido a pruebas de tensión contra el peso, la resistencia y el movimiento Tratamiento antimicrobiano Ultra-Fresh incorporado para proteger el producto de la proliferación de bacterias que causan olores, moho u hongos. Suelo hinchable firme y rígido 2 aletas extraíbles de diferentes dimensiones para un apoyo direccional en diversas condiciones del agua;podrás utilizarlas juntas o de manera independiente con 2 lugares de colocación de las aletas por separado 2 asientos ajustables con compartimentos de almacenamiento 2 reposapiés montados en el suelo La estructura ajustada impide la entrada de agua en la bañera Bolsa de transporte para facilitar el traslado y el almacenamiento Bomba de inflado Air Hammer 2 remos de aluminio de 230 cm (91 in) 4 asas de transporte para transportar el kayak al agua con facilidadCuerdas de agarre para atracar con más facilidad. . "
133191,"broca rotomartillo 28x570mm de la marca kaili del area de herramientas para los accesorios para herramientas electricas de la linea brocas de procedencia nacional. altura del producto 570.00 mm, ancho del producto 28.00 mm, volumen del producto 0, ean 2000003606061, tipo de producto broca, modelo no aplica, garantía 06 meses por defectos de fabricación, procedencia nacional. Promart te brinda los mejores accesorios para tus herramientas eléctricas. Ya seas un profesional o no, tus trabajos quedarán impecables gracias a la excelente calidad de los productos. Ideal para usarlo en metal, acero, bronce y plásticos.. Para perforar.. . Trabajar en un área limpia y bien iluminada."
104799,"guante de cuero reforzado en u de la marca werken del area de herramientas para los seguridad industrial de la linea guantes de procedencia nacional. altura del producto 21.00 cm, ancho del producto 11.00 cm, profundidad del producto 1.00 cm, volumen del producto 231, ean 2000001047996, medidas 11.00x1.00x21.00, tipo de producto guante, modelo reforzado en u, color amarillo, material cuero, garantía 1 año, procedencia nacional, país de origen perú. Guantes muy resistentes fabricados en cuero que protegerán tus manos ante distintos tipos de accidentes. Recuerda, prevenir es la mejor forma de evitar situaciones que pueden poner en peligro tu vida.. Guante de 100% cuero y palma de badana. Costura resistente para mayor duración.. Estos guantes no soportan las altas temperaturas. Estos guantes no están hechos para riesgo eléctrico. Las medidas son referenciales. El producto es solo preventivo.. Lea siempre las instrucciones del producto antes de usarlo. Mantener fuera del alcance de los niños. Guardar en un lugar fresco, seco y libre de polvo. Revisar siempre el estado del producto antes de usar."
125312,"dado   8mm   dh enc 1/2 de la marca bahco del area de herramientas para los herramientas de mano de la linea alicates y herramientas de corte de procedencia nacional. acabado pulido, profundidad del producto 5.06 cm, volumen del producto 0, diametro del producto 2.20 cm, ean 7314151830854, tipo de producto dado, color plata, material acero, garantía de por vida por defectos de fabricación, procedencia nacional. Está hecho de acero, brindando mayor resistencia y durabilidad al momento de realizar tu trabajo.. . . Elegir el tamaño correspondiente para el trabajo que se quiere realizar. Ocupar solo para lo recomendado por el fabricante."
157787,"felpudo atrapa mugre negro hola/adios 40x60 de la marca orange del area de organizacion y decoracion para los cubrepisos y felpudos de la linea felpudos de procedencia importado. altura del producto 1.00 cm, ancho del producto 40.00 cm, profundidad del producto 60.00 cm, volumen del producto 2400, ean 2000001577875, medidas 40.00x60.00x1.00, tipo de producto felpudo, modelo felpudo de pvc, color negro, material pvc, garantía por defecto de fabricación, procedencia importado, país de origen india. Felpudo de PVC Atrapa Mugre Negro Hola/Adios Negro 40x60cm Orange. Disfruta de lo más nuevo que Promart.pe trae para ti.. No resbala en piso pulido, Las esquinas no se enrollan, El color no se desvanece.. No resbala en piso pulido, Las esquinas no se enrollan, El color no se desvanece.. En el exterior de la vivienda"
125992,"ratchet 3/8"" 80 dientes de la marca bahco del area de herramientas para los herramientas de mano de la linea alicates y herramientas de corte de procedencia nacional. volumen del producto 0, ean 7314151096427, tipo de producto cuchillo, garantía de por vida por defectos de fabricación, procedencia nacional. Para todos tus proyectos siempre podrás contar con los productos que te ofrece Promart.. . . Ideal para llevar consigo, gracias a su cómo tamaño."
78402,"piso 45x45 prisma 2.08m2 sl de la marca san lorenzo del area de pisos y revestimientos para los pisos lisos de la linea ceramicos lisos de procedencia nacional. acabado brillante, tamaño del producto moderado, altura del producto 45.00 cm, ancho del producto 45.00 cm, profundidad del producto 0.75 cm, volumen del producto 1518.75, ean 840692092873, medidas 45.00x0.75x45.00, tipo de producto piso, modelo prisma, color blanco, material arcilla, garantía 1 año, procedencia nacional, país de origen perú. Renueva los interiores de tus ambientes con pisos marmolizados de alta calidad y atractivo diseño.. Producto de arcilla cocida a altas temperaturas. Decorativo y funcional. Fácil mantenimiento y larga duración. Producto con resistencia a la humedad y agentes químicos. Resistente al desgaste y a los cambios de temperatura. Fácil de limpiar y desinfección. No emite partículas de polvo y carencia de olor propio o adquirido.. Tener en cuenta la variación de tonalidad de un mismo color y calibre de tamaños semejantes, puede variar por caja. También tener en cuenta el tipo de tránsito, de cada modelo, según el tipo de uso. Producto no se comercializa por unidad, solo por caja, y su rendimiento es por metro cuadrado.. Leer la indicaciones o instrucciones del producto para una correcta instalación. Colocar sobre superficie limpia, nivelada y seca.  Limpiar periódicamente para evitar la adhesión de sustancias indeseadas. Limpiar temporal y delicadamente, para remover sustancias indeseadas. Uso de guantes para su instalación. Elegir el producto correcto según el ambiente a utilizar. Colocar sobre superficie lisa. Elegir el producto con el transito adecuado según el uso que le vaya a dar. Verificar antes de instalar que el producto sea del mismo tono y formato. Para su instalación adquirir un 10% a 20% adicional, según su diseño a instalar, y evitar faltantes."
43099,"taladro percutor 1/2"" 710w hp1630k de la marca makita del area de herramientas para los herramientas electricas portatiles de la linea taladros de procedencia nacional. volumen del producto 0, ean 88381093125, color no aplica, garantía 1 año, procedencia nacional. . . . "
149330,"spot led saturno plateado para caj octg 6w luz cálida de la marca wellmax-samsung del area de iluminacion para los iluminacion funcional de la linea spots led de procedencia nacional. altura del producto 13.00 cm, ancho del producto 13.00 cm, profundidad del producto 4.20 cm, volumen del producto 709.8, ean 6975402615487, medidas 13.00x4.20x13.00, tipo de producto spot, modelo para caja octogonal, color plata, material polipropileno/aluminio, garantía 2 años, procedencia nacional, país de origen china. Ilumina diferentes ambientes de tu hogar o negocio con este Spot led que Promart trae para ti.. Diseño patentado. Encaja perfecto en caja octogonal. Larga duración. También contiene el controlador incorporado, garantizando mayor seguridad y una larga duración.. . Solución ideal para los diversos ambientes del hogar, oficinas, restaurantes, hoteles, supermercados, etc."
135150,"mesa funcional luanda - wengue de la marca deco home del area de muebles para los mesas, sillas y bancos de la linea muebles decorativos de procedencia nacional. altura del producto 70.00 cm, ancho del producto 55.00 cm, profundidad del producto 50.00 cm, volumen del producto 192500, ean 2000001351505, medidas 55.00x50.00x70.00, tipo de producto mesa, modelo no aplica, garantía 1 año, procedencia nacional. Complementa la decoración los espacios de tu hogar con la Mesa Funcional. Estos muebles de diseño moderno le darán la elegancia y orden en tu hogar.. . . Limpiar con un paño húmedo. Colocar sobre una superficie totalmente plana."
157414,"a24 elefante decorativo thai resina blanco 15 cm de la marca atmosphera del area de aire libre y temporada para los terrazas de la linea deco terraza de procedencia importado. altura del producto 15.00 cm, ancho del producto 19.00 cm, profundidad del producto 10.00 cm, volumen del producto 2850, diametro del producto 0, ean 3560238339206, medidas 19.00x10.00x15.00, tipo de producto adorno, modelo elefante 161343, color beige, material poliresina, garantía 1 año, procedencia importado, país de origen china. Adorno de Terraza Elefante Decorativo Thai Resina Blanco 15cm Atmosphera. Disfruta de lo más nuevo que Promart.pe trae para ti.. Aporta un estilo étnico chic. Evoca inmediatamente la India. Grabada con motivos florales. Se integrará fácilmente en su hogar y le aportará una sensación de relajación y evasión.. Realizada a mano.. Coloque su estatuilla sobre una mesa de centro de madera, añada bandejas de madera y disfrute de un conjunto natural y armonioso."
155811,"cemento tipo gu big bag 1.5 tm apu de la marca andino del area de materiales de construccion para los cemento de la linea cementos portland-percep de procedencia nacional. altura del producto 200.00 cm, ancho del producto 110.00 cm, profundidad del producto 110.00 cm, volumen del producto 2420000, diametro del producto 0, ean 2000001558119, medidas 110.00x110.00x200.00, tipo de producto cemento, modelo tipo gu, color gris, material cemento, garantía por defecto de fabricación, procedencia nacional, país de origen perú. . Excelente trabajabilidad y acabado. Bajo contenido de álcalis. Buena resistencia a los agregados álcali reactivos. Ideal para estructuras sólidas de acabados perfectos y construcciones en general de gran envergadura. Moderada resistencia al salitre.. Utilizar equipos de protección personal.. Evitar el contacto del cemento con la piel, los ojos y su inhalación."
156161,"arandela plana grande acero 5x35u de la marca sm del area de ferreteria para los productos de fijacion de la linea perno,tuerca y arandelas de procedencia importado. tamaño del producto pequeño, altura del producto 0.12 cm, ancho del producto 1.50 cm, profundidad del producto 1.50 cm, volumen del producto 0.27, diametro del producto 0.50 cm, ean 3276007109573, medidas 1.50x1.50x0.12, tipo de producto arandelas, modelo b52, color plata, material acero, garantía 3 años, procedencia importado, país de origen china. . Set de arandelas planas anchas Standers. Su cuerpo protege y evita daños en el material.. No exponer a zonas húmedas.. Trabajar en un área limpia y bien iluminada."
153820,"lámpara de techo lanacera warm white 2x12.5w de la marca eglo del area de iluminacion para los iluminacion decorativa de la linea colgantes trendy de procedencia nacional. altura del producto 15.50 cm, ancho del producto 40.00 cm, profundidad del producto 96.50 cm, volumen del producto 59830, ean 9008606221400, medidas 40.00x96.50x15.50, tipo de producto lámpara, modelo lanacera, color negro, material acero, garantía 5 años, procedencia nacional, país de origen china. Excelente iluminación. Resistencia y durabilidad a su alcance. Disfruta de lo más nuevo que Promart.pe trae para ti.. Excelente iluminación. Resistencia y durabilidad a su alcance.. Garantía de 5 años.. Asegurarse de una correcta instalación."
154825,"tacho con pedal y ruedas n° 120 rojo de la marca polinplast del area de limpieza para los herramientas de limpieza general de la linea tachos de procedencia nacional. altura del producto 85.50 cm, ancho del producto 51.00 cm, profundidad del producto 61.00 cm, volumen del producto 265990.5, ean 2000001548257, medidas 51.00x61.00x85.50, tipo de producto tacho recolector, modelo tacho recolector king kong c/pedal c/ ruedas n° 120, color rojo, material polipropileno, garantía 1 año, procedencia nacional, país de origen perú. Un producto elaborado a base de resistente material. Incorporado con ruedas para su fácil transportación y manejo. Ideal para instalaciones públicas y privadas.. Muy practico. Gran capacidad para la contención de residuos, aisla los olores gracias a su tapa. Colocarlo en superficies planas"
150976,"nueva botella deportiva verde lima 950ml de la marca thermos del area de cocina para los menaje de la linea hidratacion de procedencia nacional. altura del producto 25.10 cm, ancho del producto 8.66 cm, profundidad del producto 8.66 cm, volumen del producto 1882.38956, diametro del producto 8.66 cm, ean 5010576994158, medidas 8.66x8.66x25.10, tipo de producto botella, modelo tpbpc-950lgtdp, color verde, material plástico, garantía por defecto de fabricación, procedencia nacional, país de origen china. Te mantendrás hidratado por largos periodos de tiempo gracias a su amplia capacidad. Ya sea en la aventura o en tu día a día. Disfruta de lo más nuevo que Promart.pe trae para ti.. Material no tóxico, libre de BPA. Práctico diseño en la tapa: fácil de usar y cargar. Anti derrames. Colores modernos. Boca amplia que permite una fácil limpieza. No retiene olores. Resistente a golpes.. . Lavar muy bien luego de cada uso. Mientras no esté en uso, almacenar seco."
102840,"cong. 300lt.gcm25aw001.bosch de la marca bosch del area de electro hogar para los linea blanca de la linea refrigeradoras de procedencia nacional. volumen del producto 0, ean 2800005387803, color no aplica, garantía 1 año, procedencia nacional. Conserva alimentos, carnes y bebidas siempre fríos en esta congeladora de 271 litros de capacidad que Promart y la reconocida marca Bosch traen para ti.Cuenta con la función Super Freezing que congela tus alimentos en el menor tiempo, modo conservador, iluminación interior y una segura manija con llave.. . . "
153796,"banco para bar misuri fijo naranja de la marca bonno del area de muebles para los mesas, sillas y bancos de la linea bancos de bar de procedencia nacional. acabado maderado, altura del producto 85.00 cm, ancho del producto 50.00 cm, profundidad del producto 51.00 cm, volumen del producto 216750, ean 2000001537961, medidas 50.00x51.00x85.00, tipo de producto banco, modelo misuri, color naranja, material polipropileno, garantía 1 año, procedencia nacional, país de origen china. Diseñado especialmente para esas ocasiones donde necesitas relajarte con la familia y amigos. Ideal para terrazas, jardines, bares, comedores de oficina, restaurantes, etc.. Pensados en brindarte comodidad en tus espacios.. No aplica.. Colocar en una superficie plana. Limpiar con paño húmedo."
142945,"i&o-lapiz tapaporos n6 early amer/prov de la marca sm del area de pinturas para los productos para resanar de la linea reparacion de superficies de procedencia importado. altura del producto 6.12 cm, ancho del producto 23.70 cm, profundidad del producto 7.59 cm, volumen del producto 1100.88396, ean 27426110069, medidas 23.70x7.59x6.12, tipo de producto lapiz, modelo n6, color marrón, material madera, garantía 1 año, procedencia importado, país de origen estados unidos. Ideal para retocar y reparar fácilmente rayones y agujeros de clavos en madera teñida y acabada.. Excelente calidad. Resistencia y durabilidad. Uso preferente en maderas. . Ideal para retocar y reparar fácilmente rayones y agujeros de clavos en madera teñida y acabada."
150388,"rapiducha elegant 4.5 kw de la marca rheem del area de baños para los termas y calentadores de la linea rapiducha de procedencia nacional. altura del producto 31.00 cm, ancho del producto 20.00 cm, profundidad del producto 7.00 cm, volumen del producto 4340, diametro del producto 0, ean 7759484001616, medidas 20.00x7.00x31.00, tipo de producto rapiducha, modelo elegant, color gris, material termoplástico, garantía 3 años, procedencia nacional, país de origen estados unidos. Disfruta de un placentero baño con esta moderna rapiducha que Promart trae para ti.. Enciende con extrema baja presión. Diseño compacto y moderno. Luces indicadores de funcionamiento. Temperatura gradual variable. Resistencia blindada. Tanque en acero inoxidable de larga vida útil.. Garantía de 3 años.. Antes de instalar la rapiducha, verifique si es que sus instalaciones cuentan con una línea a tierra y confirme que la caja principal y llave térmomagnética estén conectadas de manera segura. Este trabajo debe realizarlo el usuario con su electricista. Antes de realizar la instalación verifique que la llave termomagnética esté apagada."
114637,"piso microporoso animales 9 pzas de la marca orange del area de organizacion y decoracion para los cubrepisos y felpudos de la linea cubrepisos-percep de procedencia importado. altura del producto 0.80 cm, ancho del producto 30.00 cm, profundidad del producto 30.00 cm, volumen del producto 720, ean 2000001146378, medidas 30.00x30.00x0.80, tipo de producto piso, modelo animales 9pzas, color multicolor, material microporoso, garantía 1 año, procedencia importado, país de origen china. Baldosas microporosas de goma EVA. Suaves y dan seguridad ante cualquier caída. Ideal para ambientes de juego de niños.. Piso hecho de microporoso. Ideal para espacio de juego para niños, vienen 9 piezas o partes, estos se pueden unir entre si como rompecabezas, las formas de animales se pueden desmontar de la pieza, resistente a caidas y golpes. Edad mínima para uso del tapete: 3 Años.. Producto decorativo para zona de juego de los niños, brindando comodidad, calidez y seguridad a la hora de jugar. Medida del producto es por unidad de pieza. Limpiar en seco suavemente con paños o franela para retirar el polvo y las manchas. Almacenar en un lugar fresco y seco."
17635,"juego cuchillas estuche x 13pzas de la marca pretul del area de herramientas para los herramientas de mano de la linea alicates y herramientas de corte de procedencia nacional. acabado pulido, altura del producto 23.00 cm, ancho del producto 6.00 cm, profundidad del producto 2.00 cm, volumen del producto 276, ean 7501206624357, medidas 6.00x2.00x23.00, tipo de producto cuchillas, modelo exa-13p, color plata, material acero, garantía 1 año, procedencia nacional, país de origen méxico. Práctico juego de 13 navajas exactas de la marca Pretul. Cuentan con mangos metálicos para uso ligero, medio y pesado.. Fabricados en acero SK5, dos veces más durable. Para cortar papel, plástico, madera balsa, papel de aluminio y acetato, ideal para artes gráficas y trabajos manuales con calidad profesional, útil estuche con base magnética.. Medidas de mango, sin cuchilla.. Mantener el producto en un lugar limpio y ventilado, lejos de humedad. Almacenar la herramienta lubricada, si es por largo tiempo. Respetar las capacidades optimas de uso."
16506,"perno tirafon cg2 3/8x1 1/2 *4u de la marca sm del area de ferreteria para los productos de fijacion de la linea perno,tuerca y arandelas de procedencia nacional. altura del producto 4.00 cm, volumen del producto 0, diametro del producto 10.00 cm, ean 7754411002322, tipo de producto perno, modelo tirafondo 3/8x1 1/2'', color plata, material acero, garantía por defecto de fabricación, procedencia nacional, país de origen china. Perno con la capacidad de avanzar a medida que se hace girar, creando al mismo tiempo su rosca. Se utiliza en trabajos variados de fijación.. Fabricado en acero de bajo contenido de carbono, con acabado galvanizado, tipo de cabeza hexagonal para el ajuste con llave mixta de boca/corona, cuenta con tipo de punta autorroscate de rosca gruesa que cubre total o parcial la longitud del perno, no nesecita el uso de tuerca para su ajuste.. Ideal para la unión fija y/o desmontable de estructuras metálicas y de madera de forma solida y segura. También utilizados para la fijación de muebles, estantes, repisas, etc, sobre  paredes complementando con  tarugos 3/8"". Consta de 4 pernos.. Tener en cuenta  de usar la llave mixta boca/corona de 9/16"", para evitar el desgaste de la cabeza y brindar un buen ajuste."
138771,"set cuchillos santoku y tabla de picar de la marca wayu del area de cocina para los menaje de la linea utensilios, cuchillos,cubiertos y reposteria de procedencia nacional. altura del producto 37.50 cm, ancho del producto 25.00 cm, profundidad del producto 3.00 cm, volumen del producto 2812.5, diametro del producto 0, ean 6902221305787, medidas 25.00x3.00x37.50, tipo de producto cuchillos, modelo sankotu, color plata, material acero inoxidable/plástico, garantía 06 meses por defectos de fabricación, procedencia nacional, país de origen china. Si eres un amante de la comida y te gusta cocinar recetas deliciosas, aquí encontrarás todo lo necesario para dejar volar tu imaginación y sacar a flote tus dotes culinarios.. Excelente calidad y durabilidad.. Utilizar el producto adecuadamente, no dejar humedo y secar inmediatamente una vez utilizado. Las medidas de producto corresponden a la tabla de picar unicamente.. Lavar muy bien antes y después de cada uso. Para un mejor provecho del producto, afilar constantemente."
18890,"listelo 40x4.8 acapulco de la marca kantu del area de pisos y revestimientos para los decorados de la linea listelos de procedencia nacional. acabado satinado, altura del producto 4.80 cm, ancho del producto 39.60 cm, profundidad del producto 0.80 cm, volumen del producto 152.064, ean 7754021003412, medidas 39.60x0.80x4.80, tipo de producto listelo, modelo acapulco, color multicolor, material cerámica, garantía 1 año, procedencia nacional, país de origen perú. Complementa la decoración de las paredes de tu hogar con los bonitos listelos cerámicos de Kantu que cuentan con varios diseños para que le des ese toque personal y distinto a tus ambientes.. Puede usarse con cualquier formato, así la continuidad de la imagen no se pierde.. Arcilla cocida a altas temperaturas.. Cubrir con cinta de papel antes de fraguar. Colocar sobre superficie limpia y seca. Limpiar con trapo de algodón seco."
132753,"televisor 58""un58tu7000gxpe  de la marca samsung del area de electro hogar para los tv, audio y video de la linea televisores de procedencia nacional. altura del producto 81.94 cm, ancho del producto 129.10 cm, profundidad del producto 24.97 cm, volumen del producto 264143.99638, ean 8806090324222, medidas 129.10x24.97x81.94, tipo de producto televisor, modelo un58tu7000gxpe, color negro, garantía 2 años, procedencia nacional. Disfruta de tus películas y series favoritas con este televisor que maneja la mejor resolución. Ahora puedes ver hasta los detalles más insignificantes de cada escena.. 58"". Resolución UHD 3840X2160 px. Diseño de pantalla 3 Bezel-less. Procesador Crystal 4K. Matriz completa directa mega contraste. Permite expresar más sombras del color, para imitar una imagen más natural. Muestra imágenes y videos desde el teléfono celular al TV, con sólo acercar su teléfono. Sonido adaptable. Modo jugador. Conexión invisible. Vista al teléfono celular. Múltiples asistentes de voz: Bixby, Alexa y Google. 2 entradas HDMI. 1 entradas USB. HDR10+. Wifi. Bluetooth. Salida óptica. Sintonizador de TV digital ISDB-T. Canal de retorno de audio. Ultra ángulo de visión.. . Colocar en una superficie plana o si desea instalarlo en una base, asegurarse de que esté bien fijado. No utilizar alargadores para su conexión. Límpielo solo con un paño seco. Proteja el cable de alimentación, para que no sea pisado o aplastado."
49071,"calad meta grues 314j 3-5/8""(92mm) de la marca lenox del area de herramientas para los accesorios para herramientas electricas de la linea accesorios de herramientas de procedencia nacional. volumen del producto 0, ean 82472203219, color no aplica, garantía 1 año, procedencia nacional. . . . "
22587,"piso 45 x45 perlado blanco 2.03 m2 cl de la marca celima del area de pisos y revestimientos para los pisos marmolizados de la linea ceramicos marmolizados de procedencia nacional. acabado brillante, altura del producto 45.00 cm, ancho del producto 45.00 cm, profundidad del producto 0.75 cm, volumen del producto 1518.75, ean 7751239115289, medidas 45.00x0.75x45.00, tipo de producto piso, modelo blnc perlado, color blanco, material arcilla, garantía 1 año, procedencia nacional, país de origen perú. Renueva los interiores de tus ambientes con pisos marmolizados de alta calidad y atractivo diseño.. Producto de arcilla cocida a altas temperaturas. Decorativo y funcional. Fácil mantenimiento y larga duración. Producto con resistencia a la humedad y agentes químicos. Resistente al desgaste y a los cambios de temperatura. Fácil de limpiar y desinfección. No emite partículas de polvo y carencia de olor propio o adquirido.. Tener en cuenta la variación de tonalidad de un mismo color y calibre de tamaños semejantes, puede variar por caja. También tener en cuenta el tipo de tránsito, de cada modelo, según el tipo de uso. Producto no se comercializa por unidad, solo por caja, y su rendimiento es por metro cuadrado.. Leer la indicaciones o instrucciones del producto para una correcta instalación. Colocar sobre superficie limpia, nivelada y seca.  Limpiar periódicamente para evitar la adhesión de sustancias indeseadas. Limpiar temporal y delicadamente, para remover sustancias indeseadas. Uso de guantes para su instalación. Elegir el producto correcto según el ambiente a utilizar. Colocar sobre superficie lisa. Elegir el producto con el transito adecuado según el uso que le vaya a dar. Verificar antes de instalar que el producto sea del mismo tono y formato. Para su instalación adquirir un 10% a 20% adicional, según su diseño a instalar, y evitar faltantes."
135100,"estante - galicia - negro de la marca deco home del area de muebles para los oficinas de la linea bibliotecas/estantes de procedencia nacional. altura del producto 184.00 cm, ancho del producto 29.00 cm, profundidad del producto 120.00 cm, volumen del producto 640320, ean 2000001351000, medidas 29.00x120.00x184.00, tipo de producto estante, modelo galicia, color negro, garantía 1 año, procedencia nacional. El estante es perfecto para colocar libros y distintos adornos en cualquier espacio dentro de la casa u oficina. Moderno y resistente.. Diseño moderno. Excelente calidad y durabilidad.. . Limpiar con un paño húmedo, con detergente suave."
145311,"codo 45º (hembra-macho) 20mm  1/2"" ppr-c de la marca firat del area de gasfiteria para los tubos y conexiones de la linea acces y conec tricapa de procedencia nacional. altura del producto 2.00 cm, ancho del producto 2.00 cm, profundidad del producto 1.60 cm, volumen del producto 6.4, ean 2000001453117, medidas 2.00x1.60x2.00, tipo de producto codo, modelo hembra-macho, color verde, material polipropileno, garantía por defecto de fabricación, procedencia nacional, país de origen turquía. . De excelente calidad. Resistencia y durabilidad.. Accesorio en PPR cuenta con las normas TS 9937, TSEN ISO 15874, DIN 8077, DIN 8078. El accesorio en PPR tiene una vida útil mínima de 50 años cuando se utilizan bajo valores adecuados de trabajo y temperatura.. Emplear las herramientas y accesorios necesario para la instalación del producto."
139248,"punta torx intercambiable t20/t25 de la marca dexter del area de herramientas para los herramientas de mano de la linea desarmadores de procedencia importado. acabado cromado, altura del producto 21.00 cm, ancho del producto 5.20 cm, profundidad del producto 1.10 cm, volumen del producto 120.12, ean 3276000248460, medidas 5.20x1.10x21.00, tipo de producto desarmador, modelo no aplica, color plata, material acero, garantía 5 años, procedencia importado, país de origen china. Te presentamos el desarmador, es una herramienta manual especialmente diseñada para montar o desmontar pernos y tornillos.. Punta S2. Excelente calidad y resistencia.. . Asegurarse de un correcto agarre al momento de su uso."
155609,"monoc. para ducha jana de la marca fv del area de baños para los griferia de baño de la linea mezcl. ducha de procedencia nacional. acabado cromado, altura del producto 13.50 cm, ancho del producto 11.50 cm, profundidad del producto 17.50 cm, volumen del producto 2716.875, diametro del producto 0, ean 7796908154091, medidas 11.50x17.50x13.50, tipo de producto llaves para baño, modelo jana, color plata, material latón, garantía 5 años, procedencia nacional, país de origen china. Báñate cómodamente y a la temperatura ideal con esta moderna mezcladora para ducha que combina diseño y durabilidad.. Monocomando para ducha.. Presión de operación: 0.4 a 4 bar. Antes de instalar la grifería, drene muy bien la tubería dejando pasar abundante agua, a fin de eliminar impurezas o residuos de construcción."
139824,"lampara de escritorio gao led 420lm 4000k negro de la marca inspire del area de iluminacion para los iluminacion decorativa de la linea lamparas escritorio de procedencia importado. altura del producto 35.00 cm, ancho del producto 25.00 cm, profundidad del producto 6.00 cm, volumen del producto 5250, diametro del producto 3.00 cm, ean 3276007275551, medidas 25.00x6.00x35.00, tipo de producto lámpara, modelo gao, color negro, material metal/aluminio, garantía 5 años, procedencia importado, país de origen china. pDale a tu espacio de trabajo o estudio un toque de modernidad y eficiencia con la bLámpara de escritorio Led Gao 420lm 4000k negro/b. Con su diseño elegante en color negro, esta lámpara es el complemento perfecto para cualquier entorno, aportando no solo estilo sino también funcionalidad. Gracias a su luz LED neutra de 420 lúmenes, ofrece una iluminación óptima que reduce la fatiga ocular, ideal para leer, estudiar o trabajar. Su construcción en metal y aluminio garantiza durabilidad, mientras que su base antideslizante asegura una estabilidad excepcional en cualquier superficie. Características de Lámpara de escritorio Led Gao 420lm 4000k negroulliIluminación LED neutra de 420 lúmenes: Perfecta para tareas que requieren atención al detalle.liDiseño moderno y minimalista: Encaja perfectamente en cualquier decoración de interiores.liConstrucción robusta en metal y aluminio: Durabilidad asegurada para un uso prolongado.liliBase antideslizante: Estabilidad en cualquier tipo de superficie.liEficiencia energética tipo E: Equilibrio entre iluminación de calidad y consumo responsable.li420 lm de luz neutra.liEstilo moderno en color negro.liBase segura y estable./ulbrpFinalmente, te invitamos revisar el catálogo de a href=""https://www.promart.pe/lamparas-de-escritorio-led""Lámparas de escritorio LED/a que tenemos con grandes ofertas online para ti.. Lámpara con pinza de sujeción, con led integrado. Tiene brazo flexible.. . Colocar en superficies planas."
156283,"anthurio rojo chico de la marca 4estaciones del area de jardin para los plantas y semillas de la linea plantas vivas de procedencia nacional. altura del producto 25.00 cm, ancho del producto 25.00 cm, profundidad del producto 13.00 cm, volumen del producto 8125, diametro del producto 25.00 cm, ean 2000001562833, medidas 25.00x13.00x25.00, tipo de producto planta, modelo flor anthurio, color verde, material otros, garantía 06 meses por defectos de fabricación, procedencia nacional, país de origen perú. Decora tu jardín con las mejores plantas naturales que Promart trae para ti. Descubre entre nuestra gran variedad y llena de verde tu hogar.. Planta de semisombra.. Realizar lavado del follaje y poda formativa.. Riego 1 vez por semana."
84811,"guante badana blanco de la marca werken del area de herramientas para los seguridad industrial de la linea guantes de procedencia nacional. altura del producto 20.00 cm, ancho del producto 11.00 cm, profundidad del producto 0.60 cm, volumen del producto 132, ean 2000000848112, medidas 11.00x0.60x20.00, tipo de producto guante, modelo no aplica, color blanco, material cuero, garantía 1 año, procedencia nacional, país de origen perú. Guantes muy cómodos y flexibles que le brindan al usuario contra riesgos mecánicos. Muy útiles para tareas donde se requiera destreza manual.. Guantes de seguridad hecho de cuero badana, de uso cómodo y flexible. Ideal para usar al momento de manipular herramientas.. Estos guantes no soportan las altas temperaturas. Estos guantes no están hechos para riesgo eléctrico. Las medidas son referenciales. El producto es solo preventivo.. Lea siempre las instrucciones del producto antes de usarlo. Mantener fuera del alcance de los niños. Guardar en un lugar fresco, seco y libre de polvo. Revisar siempre el estado del producto antes de usar."
137931,"puerta ench sapelli barn kala 40x850x2070 it de la marca dimfer del area de ferreteria para los puertas de interior de la linea madera o enchapadas de procedencia nacional. acabado acabadas, altura del producto 207.00 cm, ancho del producto 85.00 cm, profundidad del producto 4.00 cm, volumen del producto 70380, ean 7754140043375, medidas 85.00x4.00x207.00, tipo de producto puerta, modelo sapelli barn kala, color marrón, material hdf/pino, garantía 1 año, procedencia nacional, país de origen perú. Lograr una armonía en el hogar no es tarea sencilla. Una de los elementos que ayudarán a la decoración, son las puertas. Son una buena opción para departamentos. En Promart, encontrarás puertas exclusivas que sorprenderán a tus invitados por su elegancia.. Teñida y texturada. Excelente calidad. Resistente y duradera.. . Tomar las medidas pertinentes antes de su montaje. Usar limpiadores adecuados."
154394,"i&o-colgante townshend4 café antiguo 6x60w de la marca eglo del area de iluminacion para los iluminacion decorativa de la linea colgantes trendy de procedencia nacional. altura del producto 110.00 cm, ancho del producto 7.00 cm, profundidad del producto 105.00 cm, volumen del producto 80850, ean 9002759498597, medidas 7.00x105.00x110.00, tipo de producto lámpara, modelo townshend 4, color marrón, material acero, garantía 2 años, procedencia nacional, país de origen china. Lámpara Colgante Eglo Townshend 4 60w Acero Marrón 6 Luces Disfruta de lo más nuevo que Promart.pe trae para ti.. La colgante Townshend 4 está formada por una viga de metal marrón óxido que recuerda a una viga de acero. La viga de metal se combina con seis portalámparas suspendidos de color marrón óxido, que se pueden colgar a diferentes alturas simplemente enrollándolos. La luminaria colgante se adapta a la perfección a tendencias como los estilos de decoración vintage e industrial. Ofrece un punto de atracción especial en cada estancia, ya sea en el salón o en el comedor, por ejemplo, sobre una mesa de comedor alargada. Las bombillas de filamentos que se muestran no están incluidas. La es apta para cualquier bombilla con casquillo E27.. . "
104600,"prd cinque platino damask top 25x75 dec br 1.56m2 de la marca caseitaliane del area de pisos y revestimientos para los paredes de la linea paredes graficados de procedencia importado. volumen del producto 0, ean 8025589098493, color plata, material arcilla, garantía 1 año, procedencia importado. . . . "
144544,"nylon otl redondo rojo 2.7mm 10m de la marca oregon del area de jardin para los maquinaria de jardin de la linea accesorios para maquinas de procedencia nacional. altura del producto 0.20 cm, ancho del producto 14.00 cm, profundidad del producto 1000.00 cm, volumen del producto 2800, ean 2000001445440, medidas 14.00x1000.00x0.20, tipo de producto nylon, modelo no aplica, color rojo, material nylon, garantía por defecto de fabricación, procedencia nacional, país de origen perú. Hilo de nylon con particulas de aluminio, aumenta la resistencia y el rendimineto de corte respecto a los hilos de nylon convencionales.. Se adapta a todos los cabezales de corte. Nylon premium de larga duración.. . Usar con el cabezal adecuado para el corte. Utilizar el tamaño correcto por cabezal."
132878,"instalación de tabiquería interior por m2 de la marca sm del area de servicios para los servicios tienda de la linea servicios instalacion - tienda de procedencia nacional. volumen del producto 0, ean 2000001328781, tipo de producto servicio, procedencia nacional. . . . "
152951,"i&o-botella sipper ecozen 420ml encanto de la marca stor del area de cocina para los menaje de la linea menaje infantil de procedencia nacional. altura del producto 18.20 cm, ancho del producto 6.70 cm, profundidad del producto 6.70 cm, volumen del producto 816.998, diametro del producto 6.70 cm, ean 8412497149353, medidas 6.70x6.70x18.20, tipo de producto botella, modelo sipper ecozen encanto, color multicolor, material tritán, garantía 3 meses, procedencia nacional, país de origen china. Cómodo. Fabricado en material resistente y decorado. Gracias a su tapa y a su pajita, los niños podrán beber de forma cómoda y segura, evitando salpicaduras y derrames accidentales. Tapa y pajita flexible incorporada. Libre de BPA. Disfruta de lo más nuevo que Promart.pe trae para ti.. Reutilizable para niños, extraíble y con boca ancha para añadir cubitos de hielo. Dispone de tapón antigoteo con pajita para facilitar su uso a los más pequeños. Decorado con los personajes favoritos de los niños. Libre de BPA. Tapa antigoteo y pajita incorporada. Desmontable.. No aplica. Lavar con agua caliente y jabón luego de cada uso. Almacenar seco."
39839,"campana helena 90 cm ac/inox 2 mt. de la marca sole del area de electro hogar para los empotrado  de la linea campanas convencionales de procedencia nacional. acabado brillante, altura del producto 13.00 cm, ancho del producto 90.00 cm, profundidad del producto 49.00 cm, volumen del producto 57330, ean 7756514011379, medidas 90.00x49.00x13.00, tipo de producto campana, modelo helena, color plata, material acero inoxidable, garantía 1 año, procedencia nacional, país de origen china. Elimina los malos olores y la grasa de tu cocina con esta bonita campana decorativa que Promart trae para ti.. Campana convencional de cuerpo hecho en acero inoxidable con persiana o visera de vidrio templado de 5 mm de espesor con extremos en plástico ubicado en la parte frontal de la campana que nos ayuda a direccionar mejor la absorción de la campana. Cuenta con panel análogo para control de luz (Encendido y apagado) y control de 3 velocidades (vapores, guisos y frituras), 2 motores de 175 W c/u, 1 filtro aluminio para grasas y 2 filtros de carbón para olores, salvamotor térmico incorporado, 2 focos de 40 Watts c/u ubicados en la parte trasera del producto. Capacidad de absorción velocidad 1: 240 m3/h, velocidad 2: 400 m3/h, velocidad 3: 600 m3/h. Voltaje: 220 V - 60 Hz. Diámetro de salida al ducto: 10 a 13 cm. Tecnología italiana.. Campana de buena absorción y extra potencia por sus 2 motores, puede funcionar recirculante o con salida al ducto (Modo extracción), se fija debajo de mueble alto o a la pared, uso compatible con una cocina de 90 cms de ancho o menos.. Para la limpieza de la campana, primero desenchufela y limpie la parte externa con agua tibia y detergente líquido neutro aplicando con paños de poliseda o microfibra. El filtro de aluminio debe limpiarse con regularidad, dependiendo del uso debe realizarse cada 10 o 15 días o al menos una vez al mes y renovar este filtro anualmente. El filtro de carbón no puede ser reutilizado, este debe ser reemplazado cada 6 meses o antes, dependiendo del uso y al consumo de grasa que realice."
154634,"válvula d paso 1/2"" bronce 362 lbs de la marca equation del area de gasfiteria para los accesorios de gasfiteria de la linea valvulas hidraulicas de procedencia importado. altura del producto 5.90 cm, ancho del producto 3.00 cm, profundidad del producto 12.60 cm, volumen del producto 223.02, diametro del producto 1.50 cm, ean 3276007794977, medidas 3.00x12.60x5.90, tipo de producto válvula, modelo válvula de cierre, color plata, material latón, garantía 5 años, procedencia importado, país de origen china. Todo lo que necesitas en gasfitería está en Promart, y ahora tenemos para ti la Válvula Esférica. Apta para plomería doméstica y comercial.. Válvula esférica nivel int fl, 25b, entrada h g1/2""-15x21, salida h g1/2""-15x21 acs eq. . Ideal para puntos de agua."
26079,"visita técnica puertas/ chapas de la marca sm del area de servicios para los servicios tienda de la linea servicios instalacion - tienda de procedencia nacional. ancho del producto 1.00 cm, profundidad del producto 1.00 cm, volumen del producto 0, ean 2000000260792, color no aplica, garantía 1 año, procedencia nacional. . . . "
122558,"extensión enrrollacabl 10mt 4tomas schuko 16a 250v de la marca navia del area de electricidad para los interruptores y tomacorrientes de la linea enchufes/conectores de procedencia nacional. volumen del producto 0, ean 2000001225585, tipo de producto caja, modelo c-150cf, color no aplica, material aluminio, garantía 1 año, procedencia nacional. . Diseñada para direccionar tubos que protegen cables eléctricos. Rosca de 1 1/2"" de diámetro. Tipo C.. . Mantener limpio y en espacios secos sin mucha humedad. Verificar diámetro del tubo para una óptima funcionalidad."
21399,"alambron corrugado 4.7mmx8.80m astm a496 aa de la marca aceros arequipa del area de materiales de construccion para los fierros de la linea barra corrugada-percep de procedencia nacional. altura del producto 880.00 cm, ancho del producto 4.70 mm, profundidad del producto 4.70 mm, volumen del producto 19439.2, diametro del producto 4.70 mm, ean 7751371005516, medidas 4.70x4.70x880.00, tipo de producto barra, modelo corrugado, color gris, material acero, garantía por defecto de fabricación, procedencia nacional, país de origen perú. El alambre corrugado presenta una resistencia óptima a la corrosión, alta ductibilidad, y resistencia al fuego.. Barras de acero  rectas circular ,con resaltes HI-bond (Corrugas). . Uso de equipo de seguridad para su instalación"
151949,"válvula d paso 3/4"" wog bronce 400 lbs de la marca urrea del area de gasfiteria para los accesorios de gasfiteria de la linea valvulas hidraulicas de procedencia nacional. altura del producto 5.23 cm, ancho del producto 2.75 cm, profundidad del producto 9.65 cm, volumen del producto 138.791125, diametro del producto 0, ean 7506344151567, medidas 2.75x9.65x5.23, tipo de producto válvula, modelo esfera 562.19, color plata, material bronce, garantía por defecto de fabricación, procedencia nacional, país de origen méxico. pExperimenta el control de flujo de alta calidad con la Válvula Esfera Roscable 400 Wog 3/4"" de Urrea. Fabricada con precisión en bronce, esta válvula ofrece un rendimiento excepcional en temperaturas que van desde -20°C hasta 110°C. Su diseño roscado y la tecnología de esfera permiten un sellado perfecto, proporcionando confiabilidad en aplicaciones de agua fría y caliente. Características y beneficios de la Válvula esfera roscable 400 Wog 3/4"": Construcción robusta en bronce de gran durabilidad.br• Diseñada con rosca NPT para una fácil instalación.br• Capacidad de manejar hasta 400 PSI para rendimiento fiable.br• Temperatura de -20°C a 110°C para aplicaciones versátiles.. Cuerpo de latón. Maneral de acero con cubierta plástica. Flujo completo. Extremos roscables. Cierre latón a teflón. Servicio 600 WOG Ibulg2. Temperatura -20-110°C.. No aplica. Gire 90º para abrir o cerrar hasta que haga contacto con los topes de giro. La rotación de la palanca debe estar libre de saltos, no debe atascarse ni funcionar con fuerza. La pelota debe hacer un sello perfecto contra los asientos de teflón colocados dentro del cuerpo. Antes de conectar la válvula a la alimentación del agua asegúrese de purgar las líneas para evitar filtraciones de impurezas que puedan dañar el funcionamiento."
142435,"colador para bar 8cm. de la marca facusa del area de cocina para los menaje de la linea utensilios, cuchillos,cubiertos y reposteria de procedencia nacional. altura del producto 22.00 cm, ancho del producto 8.00 cm, profundidad del producto 6.00 cm, volumen del producto 1056, diametro del producto 0, ean 7750308011590, medidas 8.00x6.00x22.00, tipo de producto colador, modelo ft1061, color plata, material metal/plástico, garantía 1 año, procedencia nacional, país de origen china. Práctico colador para bar que Promart trae para ti. Excelente calidad. Resistencia y durabilidad.. Excelente calidad. Resistencia y durabilidad.. Utilizar el producto adecuadamente y para lo que fue diseñado, de esta forma tendra una mejor duración.. Antes del primer uso se recomienda lavar bien con detergente suave. Después de enjuagar, se recomienda el secado de los mismos para evitar posibles manchas ocasionadas por sustancias químicas del agua o del jabón."
154037,"sikalastic-560 blanco x 19 l de la marca sika del area de pinturas para los productos para resanar de la linea impermeablizantes de procedencia nacional. altura del producto 38.50 cm, ancho del producto 30.00 cm, profundidad del producto 30.00 cm, volumen del producto 34650, ean 2000001540374, medidas 30.00x30.00x38.50, tipo de producto poliuretano, modelo sikalastic-560, color blanco, material poliuretano, garantía 6 meses, procedencia nacional, país de origen perú. . Monocomponente listo para su uso. Aplicación en frío no requiere calor ni llama.. Una vez aplicada, forma una película impermeable sin juntas ni uniones.. No aplicar en sustratos con humedad ascendente. No es un producto diseñado como contención primaria para la inmersión permanente en agua, como piscinas, estanques, reservorios o similares."
156228,"blackline air fryer digital doble 9 lt de la marca blackline del area de electro hogar para los electrodomesticos de la linea pequeños electrodomesticos de procedencia nacional. altura del producto 32.50 cm, ancho del producto 39.50 cm, profundidad del producto 34.80 cm, volumen del producto 44674.5, diametro del producto 0, ean 2200202560465, medidas 39.50x34.80x32.50, tipo de producto freidora, modelo doble 9 l, color negro, material otros, garantía 1 año, procedencia nacional. Puedes disfrutar de tus meriendas y alimentos favoritos con mucho menos aceite, pero con el mismo rico sabor.. No produce ningún olor desagradable en el hogar cuando fríe alimentos. Elimina suavemente la humedad de los alimentos para hacerlos más crujientes.. Fácil de limpiar.. Antes de usar, lavar los accesorios con cuidado y dejarlos secar."
70643,"llave lavad pared klass line de la marca vainsa del area de cocina para los griferia de cocina de la linea llaves lavad de procedencia nacional. acabado cromado, altura del producto 24.50 cm, ancho del producto 6.50 cm, profundidad del producto 20.00 cm, volumen del producto 3185, ean 7756513238814, medidas 6.50x20.00x24.50, tipo de producto llave, modelo klass line, color plata, material bronce, garantía de por vida por defectos de fabricación, procedencia nacional, país de origen perú. La llave Klass Line de la marca Vainsa ha sido fabricada con materiales de última generación para ofrecerte la combinación perfecta de modernidad y durabilidad que tu cocina necesita.. Grifería convencional de Bronce con acabado cromado, sistema de cierre cuarto de giro con disco cerámico de larga duración. Resistente a la corrosión. Viene con Areador en el cabezal de la grifería, perilla de bronce cromado con diseño moderno. Pico giratorio.. Instalación a la pared. Usar sólo con línea de agua fría.. Maniobrar con cuidado para evitar el deterioro del grifo, limpiar con un paño seco, en caso de acumulación de sarro limpiar con vinagre blanco y agua tibia, en el caso del areador limpiar con vinagre blanco y agua tibia dejando reposar durante 24 horas, para mantener el brillo del cromado no limpiar con material abrasivo. Se recomienda limpiar con Grifclean, limpiador exclusivo de la marca."
109636,"lavadora secadora 18kg inox f1809vrd de la marca lg del area de electro hogar para los linea blanca de la linea lavadoras / secadoras de procedencia nacional. volumen del producto 0, ean 2000001096369, color no aplica, garantía 1 año, procedencia nacional. La Lavaseca F1809VRD 18 kg de LG te permite lavar y secar tu ropa en el mismo electrodoméstico para así ahorrar espacio dentro de tu lavandería.¡No pierdas más tiempo lavando a mano tus prendas! Con una capacidad de hasta 18 kilogramos para lavado y 9kg para secado, este modelo se caracteriza por su gran potencia, por sus niveles de agua, panel digital, opciones de temperatura; que cubrirán todas tus necesidades de lavado y secado, desde ropa pesada hasta las prendas más delicadas.. . . "
157131,"tope tornillo para puerta negro de la marca zender del area de ferreteria para los herrajeria de la linea accesorios puertas y ventanas de procedencia nacional. tamaño del producto pequeño, altura del producto 8.00 cm, ancho del producto 2.50 cm, profundidad del producto 2.50 cm, volumen del producto 50, ean 7752830007430, medidas 2.50x2.50x8.00, tipo de producto tope, modelo resorte, color negro, material acero, garantía 1 año, procedencia nacional, país de origen china. Tope Tornillo para Puerta Negro Zender Disfruta de lo más nuevo que Promart.pe trae para ti.. Tipo resorte para puerta, fabricado en acero, evita que la cerradura de la puerta se golpee con la pared al aperturar bruscamente.. En puertas interiores previene que el botón de la cerradura tipo perilla se cierre al golpearse con la pared.. Fijar firmemente a la superficie"
153428,"vanitorio milan 80cm coñac de la marca orange del area de baños para los muebles de baño de la linea vanitorios de procedencia importado. acabado melamine, altura del producto 81.00 cm, ancho del producto 46.00 cm, profundidad del producto 50.00 cm, volumen del producto 186300, diametro del producto 0, ean 2000001534281, medidas 46.00x50.00x81.00, tipo de producto vanitorio, modelo milán, material mdf, garantía 5 años, procedencia importado, país de origen china. . Excelente calidad. Resistencia y durabilidad. Con espacio para almacenamiento.. No aplica. Limpie con un paño suave. Mantener seco."
133588,"extension electrica 3 toma corriente 50ft de la marca kamasa del area de electricidad para los cables de la linea extensiones domestic de procedencia nacional. altura del producto 5.00 cm, ancho del producto 15.00 cm, profundidad del producto 33.00 cm, volumen del producto 2475, diametro del producto no hay informacion, ean 2000003550333, medidas 15.00x33.00x5.00, tipo de producto extensión, modelo no aplica, color naranja, material plástico abs, garantía 06 meses por defectos de fabricación, procedencia nacional, país de origen china. Las extensiones son perfectas para colocar distintos electrodomésticos en cualquier lugar de la casa sin preocuparte la distancia del enchufe.. 50 ft/12 A con enchufe y 3 toma corriente, punto a tierra, fabricado en cable flexible.. no contiene observaciones. Desconectar cuando no está siendo usada, desde el enchufe, nunca desde el cable. No cubrir con alfombras u otros elementos."
105113,"caja de pase 200x155x80 pvc con cono de la marca tkl del area de electricidad para los tuberias, canaletas y conexiones de la linea caja/acces p/tuberia de procedencia nacional. altura del producto 20.00 cm, ancho del producto 15.50 cm, profundidad del producto 8.00 cm, volumen del producto 2480, ean 2000001051139, medidas 15.50x8.00x20.00, tipo de producto caja, modelo 200x155x80 pvc c/cono, color blanco, material pvc, garantía 1 año, procedencia nacional, país de origen perú. Caja de pase ideal para facilitar la instalación de cables y conductores, tanto eléctricos, de señales o comunicaciones.. Caja de derivación compuesta de ABS y poliestireno con alta resistencia, cuenta con conos para adherir según el tamaño de tuberia o tuberia corrugada a colocar, diseñada para  permitir el paso y organización de enrutamiento de los cables eléctricos.. Diseñada para empotrar o adosar, cuenta con grado de protección IP 65 y protección UV, se le puede adherir máximo hasta tuberia de 1"".. Tener en cuenta siempre usar las herramientas adecuadas antes de realizar la instalación."
161568,"velador legno 1 cajon negro 40x56x38.5cm de la marca movelbento del area de muebles para los mesas, sillas y bancos de la linea auxiliares de procedencia importado. altura del producto 56.00 cm, ancho del producto 40.00 cm, profundidad del producto 38.50 cm, volumen del producto 86240, ean 7908590000017, medidas 40.00x38.50x56.00, tipo de producto dormitorio, modelo legno, color blanco, material mdp, garantía 3 meses, procedencia importado, país de origen brasil. Velador Legno 1 Cajón MDP Negro 40x56x38.5cm. Disfruta de lo más nuevo que Promart.pe trae para ti.. 1 gavetas, pintura UV. . "
16753,"tarugo pvc az 5/16 x 50u de la marca sm del area de ferreteria para los productos de fijacion de la linea tarugos de procedencia nacional. tamaño del producto pequeño, altura del producto 3.50 cm, ancho del producto 8.00 mm, profundidad del producto 8.00 mm, volumen del producto 224, diametro del producto 8.00 mm, ean 2000000167534, medidas 8.00x8.00x3.50, tipo de producto tarugo, modelo 5/16"", color azul, material pvc, garantía por defecto de fabricación, procedencia nacional, país de origen perú. Tarugo que sirve para asegurar un tornillo a una estructura de concreto.. Fabricado en pvc, cuenta con ranuras que brindan un mejor agarre, accesorio de complemento que permite colgar o sujetar objetos sobre superficies solidas (pared del primer nivel y pisos).. Espesor de tornillo de complemento adecuado de 6 mm de diámetro. Consta de 50 tarugos. Para su instalación requiere perforar la pared con broca de 8 mm de diámetro.. Tener en cuenta que el largo del tornillo, debe ocupar todo el espacio del tarugo más el espesor del material a sujetar. Manipular con equipos de protección personal al momento de realizar la perforación."
144776,"estante london 4 niveles 200cm maple/ metal de la marca orange del area de muebles para los colecciones de la linea london industrial de procedencia importado. acabado pintado, altura del producto 200.00 cm, ancho del producto 72.00 cm, profundidad del producto 33.00 cm, volumen del producto 475200, diametro del producto 0, ean 7909875014743, medidas 72.00x33.00x200.00, tipo de producto estante, modelo london 4 niveles, color marrón, material madera/metal, garantía 06 meses por defectos de fabricación, procedencia importado, país de origen brasil. El estante es perfecto para colocar libros y distintos adornos en cualquier espacio dentro de la casa u oficina.. Excelente distribuición interna. Producto funcional.. Utilizar el producto correctamente para una mejor duración.. Limpiar con paño seco o detergente suave."
116777,"taladro de banco 650w tc-bd 630 de la marca einhell del area de herramientas para los herramientas electricas estacionarias de la linea taladros de banco de procedencia importado. altura del producto 76.50 cm, ancho del producto 43.00 cm, profundidad del producto 19.50 cm, volumen del producto 64145.25, ean 4006825633535, medidas 43.00x19.50x76.50, tipo de producto taladro, modelo tc-bd 630, color rojo, material acero, garantía 3 años, procedencia importado, país de origen alemania. La herramienta de precisión para perforaciones precisas: nuestro Taladro de banco Einhell es ideal. Podrás realizar perforaciones en piezas de madera o metal con total fiabilidad y precisión; está diseñado hacer orificios con precisión en aluminio, acero, acero inoxidable o madera, gracias al tope de profundidad fácil de ajustar para perforaciones exactas. Cuenta con la velocidad adecuada para cada material gracias a 12 graduaciones, tiene portabrocas de anillo de 1-16 mm robusto para todos los tamaños de brocas estándar y mandril MK2 para brocas cónicas morse y por lo tanto una mayor flexibilidad.. Portabrocas de anillo de 1-16 mm, robusto para todos los tamaños de brocas estándar. Mandril MK2 para brocas cónicas morse y por lo tanto una mayor flexibilidad. Tope de profundidad fácil de ajustar para perforaciones exactas. Variable gracias a la mesa regulable en altura, inclinable y giratoria. Husillo de perforación con rodamientos de bolas para un uso duradero y fácil. Mangos de goma para una dosificación precisa de la potencia. Protector de viruta plegable que protege al usuario. Interruptor de encendido/apagado con liberación de voltaje cero para seguridad.. Respetar sus capacidades y tiempo de trabajo. Agarrar firmemente al momento de utilizarlo."
116934,"sintox lsoh 80c 25 mm2 450/750v amar -verde de la marca centelsa del area de electricidad para los cables de la linea conductores electric 1 de procedencia nacional. volumen del producto 0, ean 2000001169346, tipo de producto cable, modelo sintox, color amarillo, material cobre/poliolefina, garantía 2 años, procedencia nacional, país de origen colombia. . Ligero y fácil de instalar. Libre de halógeno (HF - Halogen Free), retardante a la llama (FR - Flame Retardant), de baja emisión de humos (LS - Low Smoke) opacos, densos, tóxicos, corrosivos y apto para instalarse en bandejas portacables (CT - Cable Tray).. Temperatura delconductor 80°C. Temperatura ambiente 30°C. Normas de fabricacion NTP/IEC. Usar adecuadamente en temperaturas de soporte del producto. Apto para instalaciones en tuberia conduit, canaletas cerradas e instalaciones subterraneas."
160636,"colgante nala 1l e27 soga ng de la marca orange del area de iluminacion para los iluminacion decorativa de la linea colgantes naturales de procedencia importado. altura del producto 140.00 cm, ancho del producto 28.00 cm, profundidad del producto 28.00 cm, volumen del producto 109760, ean 2000001606360, medidas 28.00x28.00x140.00, tipo de producto lámpara, modelo capri, color marrón, material ratán natural, garantía 1 año, procedencia importado, país de origen china. Lámpara colgante para que la decoración de tu sala tenga un estilo diferente. Disfruta de lo más nuevo que Promart.pe trae para ti.. . . "
18027,"perno coche tuer aran 3/8x2*4u de la marca sm del area de ferreteria para los productos de fijacion de la linea perno,tuerca y arandelas de procedencia nacional. altura del producto 5.00 cm, volumen del producto 0, diametro del producto 10.00 cm, ean 7754411001790, tipo de producto perno + tuerca, modelo 3/8x2'', color plata, material acero, garantía por defecto de fabricación, procedencia nacional, país de origen china. Pack de pernos roscados en su totalidad para distintos trabajos de fijación en madera. Incluye tuercas y arandelas.. Fabricado en acero de bajo contenido de carbono, con acabado galvanizado, tipo de cabeza coche que brinda una terminación ovalada, cuenta con tipo de rosca de hilo corriente que cubre total o parcial la longitud del perno, que permite el uso de tuerca para su ajuste utizando llave mixta de boca/corona.. Ideal para la unión fija y/o desmontable de estructuras metálicas y de madera de forma solida y segura. Como para la fabricación de tarimas para cama. Consta de 4 pernos y 4 tuercas y arandelas.. Tener en cuenta  de usar la llave mixta boca/corona de 9/16"", para evitar el desgaste de la tuerca, y brindar un buen ajuste."
75588,"alf. expo 140x200 3074 - 7taupe de la marca dib del area de organizacion y decoracion para los cubrepisos y felpudos de la linea alfombras dimensionadas de procedencia nacional. altura del producto 140.00 cm, ancho del producto 200.00 cm, volumen del producto 0, ean 2000000755885, tipo de producto alfombra, modelo expo, color marrón, garantía 1 año, procedencia nacional. . . . "
160021,"i&o-estaca solar 1.1w lc ip65 de la marca philips del area de iluminacion para los iluminacion exterior de la linea estacas/pie jardin de procedencia nacional. altura del producto 24.20 cm, ancho del producto 20.20 cm, profundidad del producto 20.20 cm, volumen del producto 9874.568, ean 6923828656546, medidas 20.20x20.20x24.20, tipo de producto estaca, modelo bgp010 led2/730 rd spike, color negro, material plástico, garantía 2 años, procedencia nacional, país de origen china. Estaca Solar Philips BGP010 LED2/730 1.1W Ip65 Luz Cálida. Disfruta de lo más nuevo que Promart.pe trae para ti.. . . "
142353,"tal perc 1/2""scd711 v20 fatmax  set 50pzs de la marca stanley del area de herramientas para los herramientas electricas inalambricas de la linea taladros percusión inal de procedencia nacional. altura del producto 26.00 cm, ancho del producto 17.00 cm, profundidad del producto 31.00 cm, volumen del producto 13702, ean 885911795302, medidas 17.00x31.00x26.00, tipo de producto taladro, modelo scd711dmsa-b2, color amarillo, material abs, garantía 2 años, procedencia nacional, país de origen china. Promart trae para ti el taladro percutor más el set de 50 piezas, que es ideal para perforaciones en distintas superficies.. Excelente calidad. Resistencia y durabilidad.. . Utilizar elementos de seguridad como guantes y lentes al momento de utilizar el producto."
155706,"glade gel car citrus 70gr de la marca glade del area de herramientas para los automotriz de la linea limpieza y aditivos de procedencia nacional. altura del producto 4.30 cm, ancho del producto 7.50 cm, profundidad del producto 7.50 cm, volumen del producto 241.875, diametro del producto 7.50 cm, ean 7501032908706, medidas 7.50x7.50x4.30, tipo de producto ambientador, modelo citrus, color amarillo, material gel, garantía 2 años, procedencia nacional, país de origen méxico. Está diseñado para combatir malos olores y brindar una sensación fresca de limpieza.. Elimina malos olores y mantiene aromatizado el auto.. 5 niveles de intensidad.. Permite adaptar la intensidad de fragancia al gusto gracias a su tapa reguladora. Ideal para colocarse en el portavasos del auto."
164261,"i&o-olla a/i alta n24 tv c-430 0.4mm gama de la marca record del area de cocina para los menaje de la linea sartenes de procedencia nacional. altura del producto 22.5 cm, ancho del producto 25 cm, profundidad del producto 33 cm, volumen del producto 18562.5, ean 7750287021405, medidas 25x33x22.5, tipo de producto cocina, modelo coleccionable mama, color gris, material acero inoxidable, garantía por defecto de fabricación, procedencia nacional, país de origen perú. Olla Acero Inoxidable Alta N24 Tv C-430 0.4mm Gama Record. Disfruta de lo más nuevo que Promart.pe trae para ti.. . . "
138074,"taladro rotación compacto 20v dcd780b de la marca dewalt del area de herramientas para los herramientas electricas portatiles de la linea taladros de procedencia nacional. altura del producto 20.00 cm, ancho del producto 8.00 cm, profundidad del producto 21.00 cm, volumen del producto 3360, ean 885911275620, medidas 8.00x21.00x20.00, tipo de producto taladro, modelo dcd780b, color amarillo, garantía 3 años, procedencia nacional. Tamaño compacto para acceder en espacios estrechos y uso por encima de la cabeza. Mango ergonómico, ofrece el mejor control y comodidad para el uso diario.. Diseño de peso ligero que cabe fácilmente en espacios reducidos. Alta velocidad de transmisión ofrece. Mango ergonómico para mayor comodidad y control extra.. No incluye batería ni cargador.. Se recomienda utilizar elementos de seguridad, como guantes y lentes al momento de uso del producto."
151089,"pioneer audífono bluetooth tipo tira blanco de la marca pioneer del area de electricidad para los tecnologia de la linea audifonos y mini speakers de procedencia nacional. altura del producto 14.50 cm, ancho del producto 8.50 cm, profundidad del producto 2.50 cm, volumen del producto 308.125, diametro del producto 0, ean 814633021437, medidas 8.50x2.50x14.50, tipo de producto audífono, modelo seim5bt/w, color blanco, material plástico, garantía 06 meses por defectos de fabricación, procedencia nacional, país de origen china. Sumérgete dentro de tus canciones favoritas con estos espectaculares audífonos que tienen el volumen perfecto y potente que estás buscando.. Conectividad inalámbrica Bluetooth. Hasta 8 h de reproducción de música/tiempo de conversación. Resistente al agua y al sudor: certificado IPX4. Los controles integrados de micrófono y teléfono inteligente permiten llamadas sin interrumpir su entrenamiento. El agarre suave pero seguro del clip significa que puede sujetarlo y continuar con su entrenamiento. Las baterías se almacenan en la caja del clip, lo que permite que los auriculares internos se sientan prácticamente ingrávidos y, por lo tanto, permiten su uso durante todo el día. Resistentes al sudor y al agua. Fácil de controlar: el micrófono/control en línea ofrece botones fáciles de usar y un micrófono, permite subir/bajar el volumen, conexión manos libres de llamadas telefónicas entrantes/salientes. Impedancia: 16 oHm. Unidad del conductor 10 mm. Respuesta frecuente 20-20 kHz. Sensibilidad de 102 db. Cable de 1.2 m.. . Ajuste correctamente a su medida."
13391,"rotomart sds-plus 24 mm 780w rev hr2470 de la marca makita del area de herramientas para los proyecto showroom de la linea rotomartillos showroom de procedencia nacional. altura del producto 8.40 cm, ancho del producto 21.40 cm, profundidad del producto 37.00 cm, volumen del producto 6651.12, ean 88381081658, medidas 21.40x37.00x8.40, tipo de producto rotomartillo, modelo hr2470, color verde, garantía 1 año, procedencia nacional. Las mejores herramientas están en Promart, y ahora te ofrecemos el rotomartillo ideal para demolición ligera, preparación de la superficie o cincelando ranuras y aberturas de los canales en ladrillo, mampostería y hormigón ligero.. 3 modos de operación: sólo percusión, percusión con rotación y sólo rotación. Mango cubierto de neopreno y de diseño ergonómico para un mejor control. Velocidad variable + rotación reversible. 40 posiciones deseadas sin necesidad de adaptador.. . Limpiar después de cada uso."
13393,"rotomartillo 3.2k hr2810 800w de la marca makita del area de herramientas para los herramientas electricas portatiles de la linea rotomartillos de procedencia nacional. altura del producto 22.50 cm, ancho del producto 31.00 cm, profundidad del producto 8.00 cm, volumen del producto 5580, ean 88381083829, medidas 31.00x8.00x22.50, tipo de producto rotomartillo, modelo hr2810, color verde, material poliamida, garantía 1 año, procedencia nacional, país de origen japón. Rotomartillo muy potente con un motor de 800W. Ideal para trabajos continuos de construcción. Cuenta con 3 posiciones: Rotación, Rotación + Percusión y Percusión. Por otro lado su empuñadura anti vibraciones facilita el trabajo al usuario.. Herramienta potente, practica y liviana, de gran velocidad y eficiencia, hecho de poliamida grado 6.  Permite realizar perforaciones en todo tipo de concreto y pequeños trabajos de cincelado. Cuanta con electrónica constante y doble aislamiento, para protección interna de la máquina. De fácil agarre y ergonómico. Gatillo electrónico de encendido. Selector de giro horario o antihorario. Permite trabajar con 3 sistemas de trabajo;rotación, rotopercutor y cincelado, cada sistema para usos de trabajos diferente. Sistema Vario Lock, permite posicionar la punta cincel, de forma correcta según la comodidad de trabajo. Gracias a su tipo de encaste sds plus, permite el cambio fácil y rápido de accesorios. Cuenta con empuñadura auxiliar ergonómica y cómoda, de fácil ajuste y de variadas posiciones, según la comodidad del operario. Cable de 2.5 metros.. Herramienta de conexión monofásica. Mantener el producto en un lugar ventilado.. Leer las instrucciones de uso antes de utilizar la máquina. Almacenar el aparato y sus accesorios en un lugar oscuro, seco, protegido de las heladas. Utilizar el accesorio adecuado según el tipo de trabajo que vaya a realizar. Limpiar y engrasar el encastre de la máquina y punta antes de empezar a trabajar. Limpiar la máquina con una compresora o sopladora. Uso de 6 a 8 horas diarias, no manipular la herramienta internamente y realizar mantenimiento mínimo 4 veces al año. Tener en cuenta que la principal función del producto es perforar concreto, y el cincelado es opcional. Proporción de trabajo 80/20 (80% perforación y 20% cincelado). Usar el sistema de trabajo, y accesorios adecuados según el tipo de trabajo a realizar."
124151,"alfombra deco 57x100 chocolate de la marca orange del area de organizacion y decoracion para los cubrepisos y felpudos de la linea alfombras dimensionadas de procedencia importado. altura del producto 9.00 cm, ancho del producto 100.00 cm, profundidad del producto 57.00 cm, volumen del producto 51300, ean 2000001241516, medidas 100.00x57.00x9.00, tipo de producto alfombra, modelo no aplica, color marrón, material polipropileno, garantía 1 año, procedencia importado. Decora tu hogar con las mejores alfombras que Promart trae para ti. Fabricadas en materiales de la más alta calidad, harán que tus espacios luzcan más vivos.. Tamaño ideal para bajada de cama o para mesa de centro.. . Medir el espacio deseado para saber el tamaño ideal de la alfombra. Mantener limpio y libre de polvo para prevenir la aparición de acaros."
143550,"cincel pala hexag de 1/2 x8 de la marca herragro del area de materiales de construccion para los herramientas para construccion de la linea herramientas albañil de procedencia importado. altura del producto 1.27 cm, ancho del producto 1.50 cm, profundidad del producto 20.32 cm, volumen del producto 38.7096, ean 7706335008744, medidas 1.50x20.32x1.27, tipo de producto cincel, modelo pala hexagonal 1/2x8"", color amarillo, material acero, garantía 1 año, procedencia importado, país de origen india. Ideal para cortar, ranurar o desbastar material en frío, mediante la transmisión de un impacto.. Sección hexagonal: 1/2"". Herramienta forjada con tratamiento térmico diferencial. Mayor dureza en la punta que proporciona desempeño superior. Baño especial anticorrosivo. Pintura electrostática de alto cubrimiento y visibilidad que facilita su identificación mientras maximiza la protección y durabilidad de la herramienta.. Garantía de 1 año por defectos de fabricación.. Usar elementos de protección personal."
150565,"roller  blk out belem gra 183,5/180x175cm de la marca inspire del area de organizacion y decoracion para los persianas y cortinas de la linea rollers de procedencia importado. altura del producto 175.00 cm, ancho del producto 160.00 cm, profundidad del producto 5.00 cm, volumen del producto 140000, diametro del producto 0, ean 3276007166262, medidas 160.00x5.00x175.00, tipo de producto persiana, modelo black out santos, color gris, material poliéster, garantía 2 años, procedencia importado. Las cortinas Roller caen elegantemente delante de las ventanas. Dependiendo el color estas le otorgarán determinada opacidad a tus ambientes.. De fácil instalación. Sistema reversible. Detiene toda la luz que entra en la habitación. 100% poliéster. Tubo superior de aluminio de 25 mm. Barra inferior de PVC. Mecanismo de plástico. Caja pet con tarjeta de inserción.. . Tomar todas las medidas pertinentes antes de su instalación."
130648,"cacerola professional fondo dif. sin tapa n26 de la marca record del area de cocina para los menaje de la linea sartenes de procedencia nacional. altura del producto 10.00 cm, ancho del producto 26.00 cm, profundidad del producto 41.00 cm, volumen del producto 10660, ean 7750287009984, medidas 26.00x41.00x10.00, tipo de producto cocina, modelo professional, color gris, garantía por defecto de fabricación, procedencia nacional. ¿Te gustaría preparar los mejores platos desde tu hogar? Por ello tenemos la Cacerola en promart.pe. . . "
143267,"pedestal sena blanco de la marca urrea del area de baños para los sanitarios de la linea pedestales de procedencia nacional. altura del producto 68.60 cm, ancho del producto 21.00 cm, profundidad del producto 16.50 cm, volumen del producto 23769.9, ean 7506344164741, medidas 21.00x16.50x68.60, tipo de producto pedestal, modelo sena, color blanco, material cerámica, garantía de por vida por defectos de fabricación, procedencia nacional, país de origen méxico. Combina tu lavatorio con este pedestal y mantén la decoración de tu baño.. Estilo clásico. De pedestal a piso. Cerámica de alto brillo. Con rebosadero. Altura normal.. Garantía de 50 años.. Antes de seleccionar la mezcladora o la monomando, se recomienda verificar que sea compatible con el lavabo. Asegúrese de alinear el lavabo con respecto a la red sanitaria y líneas de alimentación hidráulica. Al realizar la instalación de los tornillos de fijación, se debe tener cuidado en no exceder la fuerza de apriete de las tuercas ya que puede dañar el lavabo."
146411,"jgo para niñas 3 pzas le petit caja de la marca tramontina del area de cocina para los menaje de la linea utensilios, cuchillos,cubiertos y reposteria de procedencia nacional. altura del producto 2.50 cm, ancho del producto 10.30 cm, profundidad del producto 21.50 cm, volumen del producto 553.625, ean 7891116075494, medidas 10.30x21.50x2.50, tipo de producto cubiertos, modelo para niñas le petit, color plata, material acero, garantía 3 meses, procedencia nacional, país de origen brasil. Altamente durables, mantienen las características originales, conservando la belleza, higiene y durabilidad del material.. Hechos totalmente de acero inoxidable, no sueltan ningún residuo en los alimentos, manteniéndolos sanos. Altamente durables, mantienen las características originales, conservando la belleza, higiene y durabilidad del material. Cubiertos con formato ergonómico y con variación de dibujos, especialmente creados para incentivar y auxiliar el desarrollo de los niños. Terminación brillante, con opción para niños y niñas. Se pueden lavar diariamente en lavavajillas.. . Use sólo jabón o detergente y una esponja blanda. Enjuague bien cada pieza para retirar totalmente los residuos de los productos de limpieza, que, por ser abrasivos, pueden atacar el acero inoxidable. Siempre que sea posible, use agua caliente, porque renueva el brillo de los cubiertos. Después del lavado, enjuague inmediatamente las piezas porque sino las sustancias químicas del agua (cloro) pueden causar manchas."
161917,"vela perfumada jomy 65g con tapa vainilla de la marca sm del area de tendencias para los productos check out de la linea productos check out de procedencia importado. altura del producto 8.70 cm, ancho del producto 6.60 cm, profundidad del producto 6.60 cm, volumen del producto 378.972, ean 3560232584251, medidas 6.60x6.60x8.70, tipo de producto vela, modelo perfumada, color rojo, material cera, garantía por defecto de fabricación, procedencia importado, país de origen china. . . . "
80334,"spot veronica gu10 led 3w negro cromado de la marca orange del area de iluminacion para los iluminacion decorativa de la linea barras/diseño de procedencia importado. acabado cromado, altura del producto 13.00 cm, ancho del producto 11.00 cm, profundidad del producto 15.00 cm, volumen del producto 2145, ean 2000000803340, medidas 11.00x15.00x13.00, tipo de producto spot, modelo verónica ngr cr, color negro, material metal, garantía 1 año, procedencia importado, país de origen china. Este spot te permite dirigir la luz hacia donde desees, ya sea para resaltar un ambiente o crear un ambiente distinto durante la noche.. Spot de base metálica con acabado cromado, luminaria en forma de copa y un aro cromado en la parte central, cuenta con ingreso GU10, diseño decorativo y orientable para enfocar el punto de iluminación en HAZ.. Spot conformado por 1 luz.. Asegúrese que el spot este bien fija para evitar algún tipo de caida."
145848,"escritorio de melamina ferrel almendra de la marca bonno del area de muebles para los oficinas de la linea escritorios rta de procedencia nacional. altura del producto 75.50 cm, ancho del producto 120.00 cm, profundidad del producto 45.00 cm, volumen del producto 407700, ean 2000001458488, medidas 120.00x45.00x75.50, tipo de producto escritorio, modelo ferrel, color beige, material melamina, garantía 1 año, procedencia nacional, país de origen brasil. En tu dormitorio u oficina, este escritorio de oficina se adaptará a tus necesidades.. Versátil, funcional y productivo por su estructura resistente gracias a su material en aglomerado de madera MDP. Con cajones que le ayudarán a organizar sus elementos. De fácil armado.. La garantía aplica para defectos de fabricación.. Periódicamente limpie sus muebles y/o elimine con un paño seco o húmedo, el polvo en cada una de sus superficies. Una vez a la semana con un paño suave, aplique un shampoo neutro y limpie su superficie; le permitirá proteger la madera y mantener su color por más tiempo. Le recomendamos dejarlo actuar por un tiempo y luego frotar con un paño de algodón. De vez en cuando vacíe para que revise rasguños, señas de humedad o simplemente para darse cuenta si debe ajustar algunas piezas. Si derrama líquido, séquelo inmediatamente para que no quede manchado."
151728,"plataforma de carga 300kg de la marca standers del area de herramientas para los herramientas de mano de la linea cajas de herramientas de procedencia importado. altura del producto 13.00 cm, ancho del producto 62.00 cm, profundidad del producto 93.00 cm, volumen del producto 74958, diametro del producto 0, ean 3276007298598, medidas 62.00x93.00x13.00, tipo de producto plataforma, modelo 300 kg plegable, color negro, material acero/plástico, garantía 3 años, procedencia importado, país de origen china. Es ideal para mover cajas, materiales y mercancías en suelos duros, como aceras, aparcamientos y entradas de vehículos.. Carga máxima 300 kg. Excelente calidad. Resistencia y durabilidad.. No aplica. Ideal para la manipulación de cargas."
91579,"toma triple plana marfil de la marca power force del area de electricidad para los interruptores y tomacorrientes de la linea enchufes/conectores de procedencia importado. volumen del producto 0, ean 2000000915791, color no aplica, garantía 1 año, procedencia importado. . . . "
158066,"stretch 18"" x 20 micras 1.3kg_154mt  de la marca surpack del area de limpieza para los articulos de embalaje de la linea embalajes plasticos, aluminio y accesorios de procedencia nacional. altura del producto 45.20 cm, ancho del producto 0.02 cm, profundidad del producto 154.50 m, volumen del producto 139.668, ean 7758895000379, medidas 0.02x154.50x45.20, tipo de producto stretch film, modelo 18"", color transparente, material polietileno, garantía 1 año, procedencia nacional, país de origen perú. Stretch Film Surpack 18"" x 20 Micras 154m. Disfruta de lo más nuevo que Promart.pe trae para ti.. . . "
158836,"lampa construccion con mango plastico 1.1kg de la marca werken del area de materiales de construccion para los herramientas para construccion de la linea palas de procedencia importado. altura del producto 13.00 cm, ancho del producto 26.00 cm, profundidad del producto 108.00 cm, volumen del producto 36504, ean 2000001588369, medidas 26.00x108.00x13.00, tipo de producto lampa, modelo mango de plástico, color negro, material acero/plástico, garantía 1 año, procedencia importado, país de origen china. . Ideal para trabajos de construcciòn. Mango y cuerpo de madera para fácil agarre.. El tiempo de vida del producto dependerá del uso. Producto no inoxidable.. Mantener el producto en un lugar limpio y ventilado, lejos de humedad. Almacenar la herramienta lubricada, si es por largo tiempo. Respetar las capacidades optimas de uso. Elegir el tipo de herramienta adecuada, para un buen desempeño."
113872,"traje de baño niños fisher price s-m de la marca bestway del area de jardin para los productos para piscinas de la linea flotadores y accesorios de procedencia importado. altura del producto 7.50 cm, ancho del producto 28.50 cm, profundidad del producto 48.00 cm, volumen del producto 10260, ean 6942138927894, medidas 28.50x48.00x7.50, tipo de producto traje de baño, modelo fisher price s-m, color amarillo, material pvc, garantía por defecto de fabricación, procedencia importado, país de origen china. Traje de baño de una pieza hecho con cómoda tela, Almohadillas de espuma integradas, Atractivo diseño gráfico, Cremallera de bloqueo automático resistente con protección en la solapa cuando se cierra. Protector UPF 50. Almohadillas de espuma integradas, Cremallera de bloqueo automático resistente con protección en la solapa cuando se cierra,. Cómoda tela. Diseño comodo. Tallas S/M 48-28.5-7.5cm; M/L 53-31-7.5cm. Contorno 51 cm. Peso S/M 11 a 18 kg. No aplica"
54502,"guante con palma cuero premium de la marca werken del area de herramientas para los seguridad industrial de la linea guantes de procedencia importado. altura del producto 24.00 cm, ancho del producto 11.00 cm, profundidad del producto 1.00 cm, volumen del producto 264, ean 2000000545028, medidas 11.00x1.00x24.00, tipo de producto guante, modelo cuero premiun, color negro, material tela, garantía 1 año, procedencia importado, país de origen china. htmlp¡Descubre el Guante Premium con palma de cuero Werken, la elección ideal para trabajos que requieren máxima protección y confort! Fabricado con tela de alta calidad y una resistente palma de cuero, ofrece una combinación perfecta de durabilidad y flexibilidad. Con su ajuste de velcro, proporciona un fit seguro y cómodo, ideal para proteger tus manos de cortaduras y otros accidentes laborales. Características y beneficios del Guante Premium con palma de cuero Werken:ulliFabricado en tela de alta calidad, flexible y duradero.liAjuste con velcro para un fit seguro y personalizado.liForrado para mayor confort, haciendo el uso prolongado más cómodo.liDiseño profesional y funcional, adecuado para diversas tareas laborales./ul/html. Guante ideal para todo tipo de trabajo, cuenta con ajuste con velcro. Fácil de manipular y flexible. Brinda comodidad al momento de usar.. Estos guantes no soportan las altas temperaturas. Estos guantes no están hechos para riesgo eléctrico. Las medidas son referenciales. El producto es solo preventivo.. Lea siempre las indicaciones del producto antes de usarlo. Mantener fuera del alcance de los niños. Guardar en un lugar fresco, seco y libre de polvo. Revisar siempre el estado del producto antes de usar."
126966,"tapon macho 1/2 simple presion - frio - de la marca pavco del area de gasfiteria para los tubos y conexiones de la linea acces y conec pvc sp de procedencia nacional. volumen del producto 0, ean 7751195010468, tipo de producto tapón, modelo 934337, color gris, material pvc, garantía de por vida, procedencia nacional. . Pesado.. Fabricado según norma NTP 399.006. Verificar la medida del producto con aquellos que se desea unir. Mantener en buen estado, para garantizar un buen desempeño."
162962,"santa patilargo 48cm cuentos de oro de la marca orange del area de tendencias para los navidad de la linea adornos y decorativos de procedencia importado. altura del producto 51.00 cm, ancho del producto 26.00 cm, profundidad del producto 54.00 cm, volumen del producto 71604, ean 2000001629628, medidas 26.00x54.00x51.00, tipo de producto decoración, modelo navidad, color oro, material poliéster, garantía 1 año, procedencia importado, país de origen china. . . . "
143747,"mesa para tv 50"" bellagio de la marca tuhome del area de muebles para los audio y video de la linea mesas de tv/audio/video de procedencia nacional. altura del producto 63.00 cm, ancho del producto 120.00 cm, profundidad del producto 30.00 cm, volumen del producto 226800, ean 7709631054293, medidas 120.00x30.00x63.00, tipo de producto mesa, modelo bellagio, color gris, material melamina, garantía 3 meses, procedencia nacional. Organiza tus aparatos electrónicos y olvídate de los cables enredados y desordenados con la mesa para TV.. Excelente estructura. Resistencia y durabilidad a su alcance.. . Limpiar con paño seco. Seguir las instrucciones de uso."
146438,"base macetero madeira glam cuadrado med de la marca pica del area de jardin para los deco jardin de la linea macetas de procedencia importado. altura del producto 2.30 cm, ancho del producto 26.40 cm, profundidad del producto 26.40 cm, volumen del producto 1603.008, ean 7861212313998, medidas 26.40x26.40x2.30, tipo de producto base, modelo glam cuadrado, color marrón, material polipropileno, garantía 1 año, procedencia importado, país de origen ecuador. pResalta la belleza de tus macetas con la Base Macetero Pica Glam Cuadrado Mediano en color marrón. Con una excelente estructura, esta base ofrece resistencia y durabilidad para tus maceteros en áreas de jardín o terraza. Con dimensiones de 26.4 cm de ancho y profundidad, y una altura de 2.3 cm, este producto de la marca Pica es ideal para realzar tus plantas. Asegurado con 1 año de garantía, evita el uso de objetos punzocortantes y disfruta de la practicidad de este accesorio para tus macetas. Características de la Base Macetero Pica Glam Cuadrado Mediano:ul liFabricado en polipropileno resistente. liColor marrón que realza tus macetas. liDimensiones: 26.4 cm de ancho y profundidad, altura de 2.3 cm. liGarantía de 1 año para tu tranquilidad. liIdeal para áreas de jardín o terraza./ul. Excelente estructura. Resistencia y durabilidad a su alcance.. . Ideal para colocar maceteros."
159487,"cemento max (hs) 42.5 kg de la marca yura del area de materiales de construccion para los cemento de la linea cementos portland-percep de procedencia nacional. altura del producto 10.00 cm, ancho del producto 35.00 cm, profundidad del producto 65.00 cm, volumen del producto 22750, ean 2000001594872, medidas 35.00x65.00x10.00, tipo de producto cemento, modelo portland tipo ip, color gris, material cemento, garantía por defecto de fabricación, procedencia nacional, país de origen perú. . Cemento Portland tipo IP es un cemento elaborado sobre la base de clinquer puzolana y yeso, De acuerdo a la norma NTP334.090 se clasifica como tipo IP. Resistente a los sulfatos y ambientes marinos. Resistente a ambientes industriales. Bajo calor hidratación. Inhibición de la reacción nociva álcalis/árido. Buen comportamiento con adictivos de última generación en sus respectivas aplicaciones.. . Utilizar implementos de seguridad para evitar algún daño."
120103,"malla olimpica galv. 12-50x50 2mx10m de la marca prodac del area de ferreteria para los amarres y mallas de la linea mallas metalicas de procedencia nacional. tamaño del producto grande, altura del producto 200.00 cm, ancho del producto 10.00 m, profundidad del producto 1.00 cm, volumen del producto 2000, ean 2000001201039, medidas 10.00x1.00x200.00, tipo de producto malla, modelo olímpica, color plata, material alambre galvanizado, garantía 1 año, procedencia nacional, país de origen perú. p¡Protege y delimita tus espacios con la Malla olímpica Galvanizado de Prodac! Fabricada en alambre galvanizado calibre 12 de bajo contenido de carbono, es resistente a la corrosión y a los rayos UV, lo que la hace ideal para aplicaciones comerciales y residenciales.ph2Características y beneficios de la Malla olímpica Galvanizado 12 50x50 2x10m:p Fabricada en alambre galvanizado calibre 12.br• Resistente a la corrosión y rayos UV.br• Ideal para cercos en canchas deportivas, áreas residenciales e industriales.. Malla tejida fabricada de alambre galvanizado calibre 12  de bajo contenido de carbono, resistente a la corrosión. Abertura de la cocada de 50 mm.. Recomendada en la construcción de cercos para canchas deportivas, cercos residenciales, industriales, entre otros.. Realizar el corte con herramientas adecuadas, como tijeras de cortar metal. Mantener en espacios secos, excentos de humedad, para evitar posible oxidación."
153257,"ventus cong tapa vidrio curvo 160l ctv-160c de la marca ventus del area de electro hogar para los linea blanca de la linea refrigeradoras de procedencia nacional. altura del producto 90.00 cm, ancho del producto 61.00 cm, profundidad del producto 65.00 cm, volumen del producto 356850, diametro del producto 0, ean 7756544001265, medidas 61.00x65.00x90.00, tipo de producto congeladora, modelo ctv-160c, color blanco, material acero, garantía 1 año, procedencia nacional, país de origen china. Mantén una mayor cantidad de alimentos en perfecto estado con esta increíble congeladora. Será perfecta para tu negocio u hogar. Allí podrás almacenar todo tipo de productos con total comodidad.. Tapa de vidrio curvo para mejor exhibición de productos. Sistema de refrigeración con frío estático. Función dual: congela o mantiene frescos los alimentos. Sistema ajustable de temperatura exterior por termostato. Puerta de vidrio curvo deslizable. Iluminación interior. Gabinete exterior de acero prepintado con pintura epóxica y protegida con Film.. No aplica. Ideal para uso comercial. Colocar sobre superficies totalmente planas."
159710,"trampa p para lavadero con registro pp de la marca vainsa del area de gasfiteria para los accesorios sanitarios de la linea trampas de procedencia nacional. altura del producto 17.00 cm, ancho del producto 30.00 cm, profundidad del producto 5.00 cm, volumen del producto 2550, ean 7756513024714, medidas 30.00x5.00x17.00, tipo de producto trampa, modelo c/registro, color blanco, material abs, garantía por defecto de fabricación, procedencia nacional, país de origen perú. Trampa especialmente diseñada para trabajos de gasfitería en instalación de lavaderos. Resistente y de gran calidad.. Trampa tipo p universal con canopla decorativo. Conexión de desagüe a la pared de 2”. Empaque para 1 ¼ “ y 1 ½ “. Tapa con registro decorativo.. Para uso en Lavatoriosm, Lavaderos, y Lavarropas de loza y fibra de vidrio.. "
133667,"jgo. de broca para concreto 8-10-12mmx300mm de la marca kamasa del area de herramientas para los accesorios para herramientas electricas de la linea brocas de procedencia nacional. ancho del producto 6.50 cm, profundidad del producto 36.00 cm, volumen del producto 0, ean 2000003551309, tipo de producto brocas, modelo no aplica, color plata, material acero, garantía 06 meses por defectos de fabricación, procedencia nacional. Promart trae para ti el set de brocas que es compatibles con cualquier rotomartillo con encastre universal.. . . Se usan para perforar ladrillo, piedra, hormigón, concreto, entre otros, gracias a su cabeza en forma de pala que garantiza la capacidad de perforación."
154588,"llanta 225/60r17 direction suv 2 103h de la marca goodyear del area de herramientas para los automotriz de la linea llantas de procedencia nacional. altura del producto 70.18 cm, ancho del producto 70.18 cm, profundidad del producto 22.50 cm, volumen del producto 110817.729, diametro del producto 70.18 cm, ean 2000004185848, medidas 70.18x22.50x70.18, tipo de producto llanta, modelo 225/60r17 direction suv 2, color negro, material caucho, garantía 5 años, procedencia nacional, país de origen brasil. Diseñadas para brindar una experiencia de conducción superior, estas llantas son la elección perfecta para tu vehículo. Agarre excepcional en todo tipo de condiciones climáticas.. Ahorro de combustible máximo, Optima resistencia, Tecnología avanzada. Nunca excedas el máximo de la capacidad de carga y la presión de inflado indicado en el costado de la llanta.. Mantener una presión de inflado adecuada para lograr un desempeño óptimo de la llanta, revisar las llantas con frecuencia (una vez al mes como mínimo, cuando estén frías) con un medidor preciso de presión de las llantas."
163863,"silla de escritorio zad be negro de la marca bonno del area de muebles para los oficinas de la linea sillas/sillones giratorios de procedencia nacional. altura del producto 104.5 cm, ancho del producto 49 cm, profundidad del producto 50 cm, volumen del producto 256025, ean 2000001638637, medidas 49x50x104.5, tipo de producto silla, modelo zad, color negro, material cuero, garantía 06 meses por defectos de fabricación, procedencia nacional, país de origen china. Silla de escritorio especialmente diseñada para tu comodidad en la casa u oficina. Se convierte en una muy buena opción para renovar tus ambientes.. . . "
153507,"iris perla brillo 29.9x60.1 cm 2.00 m2 de la marca cerabol del area de pisos y revestimientos para los paredes de la linea paredes graficados de procedencia nacional. acabado brillante, altura del producto 30.00 cm, ancho del producto 60.00 cm, profundidad del producto 0.36 cm, volumen del producto 648, diametro del producto 0, ean 2000001535073, medidas 60.00x0.36x30.00, tipo de producto revestimiento, modelo iris, material cerámica, garantía 3 años, procedencia nacional, país de origen bolivia. Los revestimientos transmiten una sensación de limpieza y pulcritud gracias a su superficie brillante. Resistentes y fáciles de limpiar.. Pared decorativa. No apto para tránsito. Diseño inspirado en formas y colores reales.. No aplica. Revestimiento para usarse en espacios diversos. Revisar información de resistencia al tránsito en la caja."
143383,"centro de entretenimiento the wall habano 55"" de la marca tuhome del area de muebles para los audio y video de la linea centros de entretenimiento de procedencia nacional. acabado melamine, altura del producto 130.00 cm, ancho del producto 155.00 cm, profundidad del producto 30.00 cm, volumen del producto 604500, ean 7708491163510, medidas 155.00x30.00x130.00, tipo de producto centro de entretenimiento, modelo wall, color marrón, material melamina, garantía 3 meses, procedencia nacional, país de origen colombia. Disfruta cómodamente de tus películas series o deportes favoritos con el Centro de Entretenimiento. Muy elegante para lucir en la sala de tu hogar.. Excelente estructura. Resistencia y durabilidad a su alcance.. Incluye manual de armado - Sin servicio de armado. Limpiar con paño seco. Seguir las instrucciones de uso."
33229,"colchon resortes consul de 1.5 plaza de la marca paraiso del area de muebles para los dormitorios de la linea colchones de procedencia nacional. altura del producto 20.00 cm, ancho del producto 107.00 cm, profundidad del producto 188.00 cm, volumen del producto 402320, diametro del producto 0, ean 2000000332291, medidas 107.00x188.00x20.00, tipo de producto colchón, modelo consul, color blanco, material espuma, garantía 2 años, procedencia nacional, país de origen perú. pDescubre el confort y la calidad del Colchón Paraiso Consul 1.5 Plazas Blanco de Espuma y Resortes. Este colchón cuenta con una estructura interna de 198 resortes de acero fino al carbono, acolchado con espuma flexible de poliuretano y laminas aislantes termofusionadas. Con una altura de 20 cm y un ancho de 107 cm, ofrece un descanso placentero y mayor ventilación. Rotar o voltear cada 3 meses para mantener su forma original. Disfruta de un sueño reparador con este colchón de calidad. Características del Colchón Paraiso Consul 1.5 Plazas Blanco de Espuma y Resortes:ulliEstructura de 198 resortes de acero fino al carbono.liAcolchado con espuma flexible de poliuretano.liAltura de 20 cm y ancho de 107 cm.liRecubierto con tela poliseda para mayor suavidad.liVentilación óptima para un descanso confortable./ul. Colchón hecho de estructura interna de 198 resortes de acero fino al carbono acolchada con 2 planchas de espuma flexible de poliuretano zebra de 16 kg/m3 y 2 laminas aislantes termofusionadas de 100gm2. Recubierto con tela poliseda.. 2 años para el panel de resortes, 1 años para telas y capas internas. Rotar o voltear cada 3 meses para evitar malformaciones. Se recomienda colocar un protector de tela polialgodón"
82681,"detector de humo con bateria 9vdc ce de la marca opalux del area de electricidad para los seguridad de la linea sistemas de alarma de procedencia nacional. altura del producto 4.00 cm, ancho del producto 13.30 cm, profundidad del producto 13.30 cm, volumen del producto 707.56, ean 799192426339, medidas 13.30x13.30x4.00, tipo de producto detector, modelo 9vdc ce c/bater, color blanco, material abs, garantía 1 año, procedencia nacional, país de origen china. Accesorio para la seguridad contra incendios. Detecta el humo horas antes de que se produzca un incendio. Es ideal colocarlo en cada dormitorio y en cada pasillo que conduce a un dormitorio o área independiente.. LED indicador de funcionamiento. Alerta sonora de batería baja. Botón de testeo para confirmar operatividad. Funcionamiento a batería 9 V en adición.. . Desmontar la base para su instalación."
159248,"conector sel 1"" de la marca matusita del area de electricidad para los tuberias, canaletas y conexiones de la linea conexiones pvc de procedencia nacional. altura del producto 3.30 cm, ancho del producto 4.20 cm, profundidad del producto 4.20 cm, volumen del producto 58.212, ean 7755744019841, medidas 4.20x4.20x3.30, tipo de producto conector, modelo sel, color blanco, material pvc, garantía 1 año, procedencia nacional, país de origen perú. . Liviano. Brinda menor pérdida de presión. Fácil instalación. Mayor vida útil. Resistencia a la corrosión interna y externa. Libre de olor, sabor o toxicidad. Químicamente inerte.. Utilizar el producto para la actividad que fue diseñado.. Verificar la medida del producto con aquellos que se desea unir. Mantener en buen estado, para garantizar un buen desempeño."
67999,"piso 46x46 madera chopa 1.9m2 de la marca gala del area de pisos y revestimientos para los pisos maderados de la linea ceramicos maderados de procedencia nacional. acabado brillante, tamaño del producto moderado, altura del producto 46.00 cm, ancho del producto 46.00 cm, profundidad del producto 0.75 cm, volumen del producto 1587, ean 7756027000556, medidas 46.00x0.75x46.00, tipo de producto piso, modelo chopa, color marrón, material arcilla, garantía 1 año, procedencia nacional, país de origen perú. Renueva los pisos y paredes de tu hogar con este cerámico tipo madera que combina perfectamente diseño y calidad para darle a tus ambientes la base que necesitan para decorarlos como te gusta.. Producto de arcilla cocida a altas temperaturas. Decorativo y funcional. Fácil mantenimiento y larga duración. Producto con resistencia a la humedad y agentes químicos. Resistente al desgaste y a los cambios de temperatura. Fácil de limpiar y desinfección. No emite partículas de polvo y carencia de olor propio o adquirido.. Tener en cuenta la variación de tonalidad de un mismo color y calibre de tamaños semejantes, puede variar por caja. También tener en cuenta el tipo de tránsito, de cada modelo, según el tipo de uso. Producto no se comercializa por unidad, solo por caja, y su rendimiento es por metro cuadrado.. Leer la indicaciones o instrucciones del producto para una correcta instalación. Colocar sobre superficie limpia, nivelada y seca.  Limpiar periódicamente para evitar la adhesión de sustancias indeseadas. Limpiar temporal y delicadamente, para remover sustancias indeseadas. Uso de guantes para su instalación. Elegir el producto correcto según el ambiente a utilizar. Colocar sobre superficie lisa. Elegir el producto con el transito adecuado según el uso que le vaya a dar. Verificar antes de instalar que el producto sea del mismo tono y formato. Para su instalación adquirir un 10% a 20% adicional, según su diseño a instalar, y evitar faltantes."
155793,"meson de cocina bicolor 2 puertas-blanco/ duna de la marca tuhome del area de cocina para los muebles de cocina de la linea muebles multiuso de procedencia nacional. acabado melamine, altura del producto 90.00 cm, ancho del producto 100.00 cm, profundidad del producto 40.00 cm, volumen del producto 360000, diametro del producto 0, ean 7707062397774, medidas 100.00x40.00x90.00, tipo de producto mueble de cocina, modelo bicolor, color blanco, material melamina, garantía 6 meses, procedencia nacional, país de origen perú. Mesón de Cocina Bicolor 2 Puertas con Ruedas Melamina Blanco/Duna Tuhome Disfruta de lo más nuevo que Promart.pe trae para ti.. Gran capacidad de almacenamiento. Fácil armado.. Requiere armado.. Instalar sobre superficies planas."
135449,"cortadora manual 66 de la marca qep del area de pisos y revestimientos para los cortadoras y accesorios de la linea cortadoras de ceramicos de procedencia nacional. tamaño del producto moderado, altura del producto 10.50 cm, ancho del producto 16.20 cm, profundidad del producto 80.00 cm, volumen del producto 13608, ean 10306011945, medidas 16.20x80.00x10.50, tipo de producto cortadora, modelo manual, color amarillo, material acero, garantía 1 año, procedencia nacional, país de origen china. Para cortar porcelanato y cerámico de piso y pared.. . . Ideal para corte de piezas hasta 66 cm de largo y 46 cm de diagonal."
151259,"mezc lavat monoc tempra baja negro de la marca trebol del area de baños para los griferia de baño de la linea mezcl. lavat de procedencia nacional. altura del producto 7.80 cm, ancho del producto 14.00 cm, profundidad del producto 45.50 cm, volumen del producto 4968.6, diametro del producto 0, ean 7750575094609, medidas 14.00x45.50x7.80, tipo de producto mezcladora, modelo monocomando tempra pico bajo, color negro, material bronce, garantía de por vida, procedencia nacional, país de origen china. Esta mezcladora de lavatorio se convierte en una opción muy recomendable si estás buscando renovar la grifería de tu baño con productos de alta calidad.. Con manija metálica, pico alto con aireador Neoperl, con acabado cromado. Tubos de abasto de hilo trenzado en acero inoxidable y desagüe tipo Push con tapa de acero inoxidable. Mecanismo de cierre cartucho cerámico con discos de alúmina de alta resistencia y durabilidad. Duración cartucho: ?70000 ciclos de apertura y cierre.. Garantía sin límite de tiempo contra cualquier defecto de fabricación. Sistema de cierre: 5 años. Norma EN817. Hermeticidad: EN 817 Sanitary tapware - Mechanical Mixing Valves - General Technical Specifications. EN248 Sanitary Tapware- Ensayo con Nieble Salina NeutraCond. Ensayo Neblina Salina Neutra: ISO 2998.. Temperatura recomendada: 5-65°C. Presión recomendada: 14.5-72.5 PSI. Mantenga la grifería reluciente limpiando sólo con agua jabonosa, enjuague con agua limpia y seque con un con paño suave."
151071,"lenovo audífono bluetooth nuquero h203 de la marca lenovo del area de electricidad para los tecnologia de la linea audifonos y mini speakers de procedencia nacional. altura del producto 20.00 cm, ancho del producto 15.00 cm, profundidad del producto 3.00 cm, volumen del producto 900, diametro del producto 0, ean 6970939958168, medidas 15.00x3.00x20.00, tipo de producto audífono, modelo h203, color negro, material plástico, garantía 06 meses por defectos de fabricación, procedencia nacional, país de origen china. Sumérgete dentro de tus canciones favoritas con estos espectaculares audífonos que tienen el volumen perfecto y potente que estás buscando.. Bluetooth versión 5.0. Tipo Nuquero. Tiempo de reproducción hasta 10 h.. . Ajuste correctamente a su medida."
145601,"batidora manual hm3025n 300w negro de la marca imaco del area de electro hogar para los electrodomesticos de la linea pequeños electrodomesticos de procedencia nacional. altura del producto 21.00 cm, ancho del producto 21.00 cm, profundidad del producto 10.00 cm, volumen del producto 4410, ean 7756528006262, medidas 21.00x10.00x21.00, tipo de producto batidora, modelo hm3025n, color negro, material otros, garantía 2 años, procedencia nacional, país de origen china. De fácil manejo. Para batir sus mezclas. Excelente calidad. Resistencia y durabilidad.. De fácil manejo. De 5 velocidades. Excelente calidad. Resistencia y durabilidad.. . Lavar muy bien luego de cada uso."
147459,"probador de voltaje 6v/12v de la marca best value del area de herramientas para los herramientas de mano de la linea herramientas de medicion y niveles de procedencia nacional. altura del producto 20.00 cm, ancho del producto 6.00 cm, profundidad del producto 10.00 cm, volumen del producto 1200, ean 2000001474594, medidas 6.00x10.00x20.00, tipo de producto probador, modelo no aplica, color rojo, material plástico eva, garantía de por vida, procedencia nacional, país de origen china. Diseño ligero y muy cómodo de llevar, puedes llevarlo donde quiera que vayas.. Prueba de circuitos entodos los sistemas de 6 V y 12 V. Cable de conexión a tierra extendible hasta 12"".. . Ideal para hacer pruebas de flujo de energía en los tomacorrientes, interruptores, entre otros."
153636,"ventilador torre 81cm 42w negro de la marca equation del area de electro hogar para los climatizacion de la linea ventiladores domesticos de procedencia importado. altura del producto 81.00 cm, ancho del producto 23.00 cm, profundidad del producto 23.00 cm, volumen del producto 42849, diametro del producto 23.00 cm, ean 3276007650464, medidas 23.00x23.00x81.00, tipo de producto ventilador, modelo tower 2, color negro, material abs, garantía 5 años, procedencia importado, país de origen china. pEl Ventilador Torre Equation 81cm 42W Negro es una opción ideal para mantener tus espacios frescos con estilo. Su diseño moderno y compacto se adapta perfectamente a cualquier habitación, mientras que su potente motor de 45W proporciona un flujo de aire eficiente para todo tipo de ambientes. Con su función oscilante, garantiza una distribución uniforme del aire, y su temporizador te permite programar su uso para mayor comodidad. Características y beneficios del Ventilador Torre Equation 81cm 42W Negro: Diseño compacto en color negro, perfecto para cualquier espacio interior.br• Motor eléctrico de 45W que ofrece un flujo de aire eficiente.br• Función oscilante para una distribución de aire uniforme.br• Temporizador integrado para programar su funcionamiento y ahorrar energía.. Excelente calidad. Resistencia y durabilidad.. Garantía de 2 años.. Colocar en superficies planas"
103980,"ang dual a36/a572-gr50 3/8""x6""x3"" 6m aa de la marca aceros arequipa del area de materiales de construccion para los fierros de la linea perfiles de fierro de procedencia nacional. volumen del producto 0, ean 2000001039809, tipo de producto barra, modelo no aplica, color plata, garantía 1 año, procedencia nacional. . Excelente calidad y resistencia.. . Ideal para construcciones de concreto."
162300,"comoda raymi 5 pisos - rosado rey con  violeta claro de la marca sm del area de organizacion y decoracion para los organizadores plasticos de la linea comodas plasticas de procedencia nacional. altura del producto 104.00 cm, ancho del producto 55.00 cm, profundidad del producto 39.50 cm, volumen del producto 225940, ean 7750062033586, medidas 55.00x39.50x104.00, tipo de producto cómoda, modelo no aplica, color no aplica, material otros, garantía por defecto de fabricación, procedencia nacional, país de origen perú. Cómoda Plástica Raymi 5 Pisos Rosado Rey con Violeta Claro. Disfruta de lo más nuevo que Promart.pe trae para ti.. . . "
109730,"sandwichera isg014c rojo de la marca imaco del area de electro hogar para los electrodomesticos de la linea pequeños electrodomesticos de procedencia nacional. volumen del producto 0, ean 2000001097304, color no aplica, garantía 1 año, procedencia nacional. Placa tipo grill para preparar todo tipo de carnes, embutidos y sandwiches. Placa con revestimiento anti-adherente especial para grill. Asas termo-aislantes para una fácil manipulación. Cuerpo rojo de acero. Termostato que controla la temperatura y ahorra energía. Luces indicadoras de funcionamiento.. . . "
23613,"felpudo nomad marron 60x40 de la marca 3m del area de organizacion y decoracion para los cubrepisos y felpudos de la linea felpudos de procedencia nacional. altura del producto 1.00 cm, ancho del producto 40.00 cm, profundidad del producto 60.00 cm, volumen del producto 2400, diametro del producto 0, ean 7750373001595, medidas 40.00x60.00x1.00, tipo de producto piso, modelo nomad, color marrón, material vinilo, garantía por defecto de fabricación, procedencia nacional, país de origen china. Felpudo especialmente diseñado para atrapar la suciedad y humedad para proteger los ambientes interiores.. Tapete Felpudo hecho de 100% Vinilo en bucles para remover, atrapar y esconder grandes cantidades de suciedad. Cuenta con base o soporte antideslizante de Vinilo para proteger los pisos interiores. Hecho con la tecnología Nomad, propia de la marca.. Felpudo especialmente diseñado para atrapar la suciedad y humedad, de esta manera logramos proteger los ambientes interiores. Uso doméstico. Limpiar periódicamente para la remoción de sustancias indeseadas. Es necesario realizar mantenimiento diario que consiste en sacudir para remover cualquier partícula que haya quedado en la superficie y mantenimiento semanal que consiste en aspirar para remover cualquier partícula sólida que pudiera contener en el interior, además de lavar con agua y un jabón neutral para un lavado eficiente."
134518,"silla de diseño obi negro de la marca bonno del area de muebles para los mesas, sillas y bancos de la linea bancos y sillas decorativos de procedencia nacional. acabado liso, altura del producto 83.00 cm, ancho del producto 43.00 cm, profundidad del producto 50.00 cm, volumen del producto 178450, diametro del producto no aplica, ean 2000001345184, medidas 43.00x50.00x83.00, tipo de producto silla, modelo obi, color negro, material polipropileno, garantía 1 año, procedencia nacional, país de origen china. pRenueva tu espacio con la elegancia y comodidad de la Silla de Diseño Obi Negro de Polipropileno y Madera. Esta silla moderna combina materiales resistentes y confortables para brindarte un asiento perfecto en interiores. Con una estructura monopieza inyectada en polipropileno y regatones anti-deslizantes, garantiza durabilidad y seguridad. Su diseño fijo y acabado liso en color negro la hacen ideal para espacios compartidos. Disfruta de la modernidad y comodidad que esta silla ofrece, con una altura de 83 cm y un asiento a 45 cm del suelo. Características de la Silla de Diseño Obi Negro de Polipropileno y Madera:ul liEstructura resistente de polipropileno. liDiseño fijo y acabado liso en color negro. liAltura cómoda de 83 cm y asiento a 45 cm del suelo. liMaterial de alta calidad para uso comercial en interiores. liGarantía de 1 año por defectos de fabricación./ul. Las sillas de diseño están pensados en brindarte comodidad creando espacios modernos. Cuentan con materiales resistentes y confortables que se adaptan a tus necesidades. Estructura: Monopieza inyectado en polipropileno. Accesorio: Regatones anti - deslizantes. Uso: Únicamente para interiores.. Garantía de 1 año válida por defectos de fabricación.. Limpiar regularmente con un trapo seco para mantenerlo libre de polvo, no usar esponjillas o sustancias que puedan desteñir el mueble. No se siente en los brazos o el espaldar del mueble."
160014,"corona de cristo gigante de la marca 4estaciones del area de jardin para los plantas y semillas de la linea plantas vivas de procedencia nacional. altura del producto 40.00 cm, ancho del producto 16.00 cm, profundidad del producto 17.00 cm, volumen del producto 10880, ean 2000001600146, medidas 16.00x17.00x40.00, tipo de producto planta, modelo corona de cristo gigante, color verde, material otros, garantía 1 mes, procedencia nacional, país de origen perú. Decora tu jardín con las mejores plantas naturales que Promart trae para ti. Descubre entre nuestra gran variedad y llena de verde tu hogar.. . Exposicion: Sol. Riego moderado"
18489,"hoja bimetalica manual 18d ret de la marca bahco del area de herramientas para los herramientas de mano de la linea sierras y serruchos de procedencia nacional. altura del producto 1.30 cm, ancho del producto 31.00 cm, profundidad del producto 0.10 cm, volumen del producto 4.03, ean 7311518233570, medidas 31.00x0.10x1.30, tipo de producto hoja, modelo 3906-300-18, color naranja, material metal, garantía 1 año, procedencia nacional, país de origen suiza. Las hojas Sandflex de Bahco combinan una excelente capacidad de corte y una mayor resistencia con un alto grado de flexibilidad.. Hoja de sierra ideal para cortes de tuberías duras de hierro y grandes piezas de acero. Cuenta con 2 agujeros a cada lado, para colocar en cualquier arco de sierra.. Bi- metal, compuesto de 2 metales, ensamblados juntos.. Mantener el producto en un lugar limpio y ventilado, lejos de humedad."
165163,"sarten redondo iron cast de la marca wayu del area de aire libre y temporada para los parrillas de la linea accesorios parrillas de procedencia nacional. altura del producto 26.1 cm, ancho del producto 39.1 cm, profundidad del producto 3.8 cm, volumen del producto 3877.938, ean 6902221290472, medidas 39.1x3.8x26.1, tipo de producto sartén, modelo wayu sarten redondo  iron cast, color negro, material hierro, garantía 06 meses por defectos de fabricación, procedencia nacional, país de origen china. Sarten Redondo Iron Cast Wayu. Disfruta de lo más nuevo que Promart.pe trae para ti.. El juego incluye 4 tenedores y 4 cuchillos, todos con mangos elegantes y sofisticados. Este conjunto de 8 cubiertos es esencial para tu hogar, con un diseño ideal para disfrutar de tus comidas. Fabricados con la mejor selección de materiales, para ofrecerte calidad y durabilidad así tendrás en mejor acompañante en cada una de tus comidas favoritas o momentos especiales.. . Leer el manual de curado que viene con el producto para el hierro fundido"
162624,"tag de la marca sm del area de electricidad para los tecnologia de la linea accesorios para celular de procedencia importado. altura del producto 3.60 cm, ancho del producto 3.60 cm, profundidad del producto 0.90 cm, volumen del producto 11.664, ean 2000001626245, medidas 3.60x0.90x3.60, tipo de producto accesorio, modelo tg, color negro, material abs, garantía 06 meses por defectos de fabricación, procedencia importado, país de origen china. . Buscar nombre de emparejamiento: wiami. Versión de software/hardware compatible: Software iOS14.5/iPhone SE iPhone6S y superior. Especificaciones del zumbador: GLS9025. Distancia de Bluetooth: 50 metros. Distancia de posicionamiento: ilimitada. Capacidad de la batería: 210 mAh/CR2032. Especificaciones de la batería: batería de dióxido de litio-manganeso con botón de 3,0 V. ¿La batería es reemplazable? Reemplazable. Nivel de impermeabilidad: resistente al agua para uso diario. Material del producto: superficie mate ABS.. . "
71364,"disc abras pulidores gr 180, 280 easy lock de la marca dremel del area de herramientas para los accesorios para herramientas electricas de la linea accesorios de herramientas de procedencia nacional. altura del producto 1.00 cm, ancho del producto 2.40 cm, profundidad del producto 2.40 cm, volumen del producto 5.76, ean 80596025854, medidas 2.40x2.40x1.00, tipo de producto disco, modelo pulidores gr 180, 280 easy lock, color marrón, material fieltro, garantía 1 año, procedencia nacional, país de origen alemania. Discos especialmente diseñados para la eliminación de materiales indeseados en metal, vidrio, madera y plástico.. Mini discos para pulir metales.. Los aditamentos y accesorios dremel están desarrollados teniendo en mente al artesano serio. Expanda las posibilidades de su herramienta rotativa dremel y lleve su taller a un nivel totalmente nuevo. No incluye eje adaptador.. Leer las indicaciones de uso para realizar un uso correcto del producto y tener un buen desempeño. Mantener el accesorio en un lugar limpio y ventilado, lejos de la humedad."
15706,"estanteria ventilada plastico 4 niveles negra de la marca rimax del area de organizacion y decoracion para los repisas y estanterias de la linea estanterias de procedencia importado. acabado mate, altura del producto 141.00 cm, ancho del producto 90.00 cm, profundidad del producto 45.00 cm, volumen del producto 571050, diametro del producto 0, ean 7705152055689, medidas 90.00x45.00x141.00, tipo de producto estantería, modelo ventilada, color negro, material plástico, garantía 1 año, procedencia importado, país de origen colombia. Práctico estante de plástico con repisas ventiladas. Ideal para organizar distintas clases de accesorios, herramientas, entre otros en jardines, talleres y/o garajes.. Estantería hecho de estructura y repisas de plástico. Cuenta con 4 niveles de repisas con base o superficie tramada o ventilada, estructuras permite colocar adecuadamente la repisa a la altura indicada por el fabricante, ideal para organizar los espacios.. Mantiene su forma a pesar del peso y resulta muy versátil para usos dentro del hogar. Instalar en una superficie 100% plana. Uso doméstico y para interiores/exteriores. Para la limpieza se puede hacer con agua y jabón, limpiavidrios o productos especializados para plásticos, aplicando con un paño de microfibra o poliseda, con estos mismos paños también se puede limpiar en seco."
116787,"pistola pulverizadora 3-8 bar 900ml de la marca einhell del area de herramientas para los accesorios para herramientas electricas de la linea accesorios compresoras de procedencia importado. altura del producto 16.00 cm, ancho del producto 36.00 cm, profundidad del producto 11.00 cm, volumen del producto 6336, ean 4006825411072, medidas 36.00x11.00x16.00, tipo de producto pistola, modelo 3-8 bar, color plata, material metal/aluminio, garantía 2 años, procedencia importado, país de origen alemania. La pistola pulverizadora ESP 2005 es especialmente adecuada para aplicar agentes de lavado e impregnación, así como aceite. El ángulo de pulverización es ajustable de forma continua.. La pistola pulverizadora ESP 2005 es especialmente adecuada para aplicar agentes de lavado e impregnación, así como aceite. El ángulo de pulverización es ajustable de forma continua. La palanca de gatillo continua se utiliza para la dosificación exacta del material de pulverización. La ventosa permite un trabajo sin goteo con un amplio rango de movimiento. Con un volumen de 0,9 litros, la ventosa permite largos periodos de uso sin recargar.. Pistola pulverizadora para limpieza de motores y maquinarias. Uso en aceites, antioxidantes y líquidos desengrasantes.. Leer indicaciones del producto antes de usar (si lo tuviera). Mantener en un lugar alejado de la humedad. limpiar adecuada y cuidadosamente el equipo después de cada uso. Evitar almacenar el productor con pintura en ella. Uso doméstico. Conectar a un equipo que cumpla con las características de la pistola."
119152,"spot led redondo 5w lc blanco de la marca lightech del area de iluminacion para los iluminacion funcional de la linea spots led de procedencia nacional. altura del producto 4.50 cm, ancho del producto 10.50 cm, profundidad del producto 10.50 cm, volumen del producto 496.125, diametro del producto 10.50 cm, ean 7750902115298, medidas 10.50x10.50x4.50, tipo de producto spot, modelo redondo lc, color blanco, material aluminio/policarbonato, garantía 1 año, procedencia nacional, país de origen perú. Uso en interiores comerciales y residenciales. Posee larga duración y alta eficiencia en iluminación. Cuenta con encendido automático. Además ahorra energía y es fácil de instalar.. Spot tipo led de forma circular, diseño decorativo orientable, cuenta con 2 ganchos a los extremos para presionar el spot al momento de instalarlo,  además esta diseñado para instalar en pasadizos, dormitorios, etc... Vida útil aproximadamente de 30000 horas con un ángulo de iluminación de 38°.. Tener en cuenta que a este tipo de luminaria no es dimable."
157470,"i&o-balde plegable b/g 10l medité de la marca sm del area de tendencias para los colecciones de la linea decoracion de procedencia importado. altura del producto 24.00 cm, ancho del producto 32.00 cm, profundidad del producto 32.00 cm, volumen del producto 24576, diametro del producto 0, ean 3560238703878, medidas 32.00x32.00x24.00, tipo de producto balde, modelo 169157, color blanco, material polipropileno, garantía 1 año, procedencia importado, país de origen china. pEl Balde Plegable de Polipropileno Blanco/Gris 10L Modelo 169157 de la marca SM es la solución perfecta para tus necesidades de almacenamiento de ropa al lavar. Fabricado con materiales de máxima calidad, este balde es resistente y duradero. Su diseño plegable te permite guardarlo fácilmente en cualquier rincón después de su uso. Con una capacidad de 10 litros, es ideal para su uso en interiores y exteriores. No utilices productos abrasivos para limpiarlo y disfruta de la practicidad que ofrece este balde. h2Características del Balde Plegable de Polipropileno Blanco/Gris 10L Modelo 169157: ul  liFabricado en resistente polipropileno.  liDiseño plegable para fácil almacenamiento.  liCapacidad de 10 litros.  liDimensiones: 32 cm de ancho, 24 cm de altura y 32 cm de profundidad.  liGarantía de 1 año.ul. Fabricado con materiales de máxima calidad. Ideal para colocar la ropa al momento de lavar.. Luego de usarlo puede plegarse fácilmente para que se pueda guardar en cualquier rincón."
117507,"mandril sin llave, 13mm, 1/2x20 de la marca kwb del area de herramientas para los accesorios para herramientas electricas de la linea accesorios de herramientas de procedencia importado. altura del producto 20.80 cm, ancho del producto 9.00 cm, profundidad del producto 4.50 cm, volumen del producto 842.4, ean 4009312984905, medidas 9.00x4.50x20.80, tipo de producto portabrocas, modelo 298490, color negro, material acero, garantía por defecto de fabricación, procedencia importado, país de origen alemania. Versión ligera, resistente a taladros de impacto, vástago de inserción SDS plus, perforada, para taladradoras con batería, atornillador con batería y taladradoras para diestros y zurdos.. Versión ligera, resistente a taladros de impacto, vástago de inserción SDS plus y perforada. Inserción de 1/2"". Rango de sujeción.. Accesorio compatible con cualquier taladro o atornillador de marca reconocida. El tiempo de vida dependerá del uso del producto. Medida del empaque.. Leer el manual de instrucciones antes de ser utilizado. Mantener fuera del alcance de los niños. Utilice los implementos de seguridad adecuados para el uso de este producto."
108003,"cortina baño peva galaxy de la marca orange del area de baños para los organizacion de baño de la linea cortinas de baño de procedencia importado. tamaño del producto moderado, altura del producto 180.00 cm, ancho del producto 180.00 cm, profundidad del producto 0.10 cm, volumen del producto 3240, diametro del producto 0, ean 2000001080030, medidas 180.00x0.10x180.00, tipo de producto cortina, modelo galaxy, color blanco, material poliéster, garantía 1 año, procedencia importado, país de origen china. Complementa tu baño con esta cortina de baño que Promart trae para ti, este práctico accesorio brindará estilo a tu hogar. Disfruta de lo más nuevo.. Cortina para baño impermeable hecho de poliéster con diseños variados. Cuenta con perforaciones o agujeros para colocar los ganchos que sirven para colgar el mismo en el tubo de ducha, producto liviano, lavable y resistente a la humedad. Antes de la compra, medir el espacio y/o tubo de ducha donde se va a colocar el producto. Limpiar periódicamente para evitar la acumulación de bacterias u otras sustancias indeseadas. Se puede lavar con agua fría, jabón o detergente líquido aplicado con esponja o similares."
17632,"juego de llaves allen x 8un de la marca pretul del area de herramientas para los herramientas de mano de la linea llaves de procedencia nacional. acabado pulido, altura del producto 12.00 cm, ancho del producto 7.00 cm, profundidad del producto 0.70 cm, volumen del producto 58.8, ean 7501206643495, medidas 7.00x0.70x12.00, tipo de producto llaves, modelo 8 un, color negro, material acero, garantía 1 año, procedencia nacional, país de origen méxico. Juego de llaves Allen tipo llavero fabricadas en acero al carbono cono acabado pavonado.. Llaves hexagonales tipo L. Fabricadas en acero al carbono, acabado fosfatado.. Este producto no brinda protección contra descargas eléctricas. Producto no es inoxidable. Medida del set en conjunto.. Mantener el producto en un lugar limpio y ventilado, lejos de humedad. Almacenar la herramienta lubricada, si es por largo tiempo. Respetar las capacidades optimas de uso. Elegir la medida correcta, permitirá facilitar un mejor desempeño y mayor durabilidad del producto."
147199,"vanitorio trento wengue de la marca bianely del area de baños para los muebles de baño de la linea vanitorios de procedencia nacional. acabado melamine, tamaño del producto grande, altura del producto 50.00 cm, ancho del producto 60.00 cm, profundidad del producto 44.00 cm, volumen del producto 132000, ean 2000001471999, medidas 60.00x44.00x50.00, tipo de producto vanitorio, modelo trento, color marrón, material melamina, garantía 1 año, procedencia nacional, país de origen perú. Promart trae para ti este vanitorio que es ideal para ahorrar espacio y mantener en orden todos tus accesorios dentro del baño.. Excelente estructura. Resistencia y calidad a su alcance.. Mueble debe ser adosado a una pared de material noble, viene sin patas, por ende, su instalación debe ser suspendida desde el piso. No incluye accesorios de gasfitería.. Ideal para ahorrar espacio y mantener en orden todos tus accesorios dentro del baño. Limpiar con detergente suave."
55793,"tablero mdf 3mm 2.14x2.44m de la marca trupan del area de ferreteria para los tableros aglomerados de la linea mdf de procedencia nacional. acabado liso, altura del producto 244.00 cm, ancho del producto 214.00 cm, profundidad del producto 0.30 cm, volumen del producto 15664.8, ean 7806332004128, medidas 214.00x0.30x244.00, tipo de producto tablero, modelo mdf 2.14x2.44m, color beige, material mdf, garantía 1 año, procedencia nacional, país de origen brasil. htmlpEl Tablero MDF 3mm 2.14x2.44 m Trupan es una opción ideal para proyectos de carpintería y fabricación de muebles de interior. Fabricado con fibras de madera pino radiata unidas por adhesivos ureaformaldehído, se destaca por su superficie lisa, suave y homogénea, que facilita procesos como pintura, laqueado, barnizado y enchapado. Es moldeable y puede ser moldurado, perforado, ensamblado, atornillado o entarugado según las necesidades del proyecto. Características y beneficios del Tablero MDF 3mm 2.14x2.44 m Trupan:ulliTablero MDF de 3mm de espesor y dimensiones de 2.14 m x 2.44m.liSuperficie lisa ideal para acabados decorativos.liResistente a la abrasión y rayaduras.liVersátil y fácil de trabajar en diferentes proyectos de carpintería./ul/html. Tablero de fibras de madera pino radiata unidas por adhesivos ureaformaldeído, en un proceso de prensado continuo a altas temperaturas, de superficie lisa, suave y homogénea, fácil de pintar, laquear, barnizar y enchapar. Puede ser moldurado, perforado, ensamblado, atornillado o entarugado.. Para la aplicación en interiores, en revestimiento de muros, tabiques, cielos razo y pisos en zonas no expuestas a la humedad, ideal para la fabricación de puertas, piezas laterales y traseras de muebles.. Cortar con sierras con dientes de Widia (carburo de tungsteno) o diamante, de  40 o 60 dientes para un mejor acabado. Uso exclusivo para muebles de interior. Ideal para zonas interiores. Darle acabado después de su instalación, si el acabado a realizarce es con oleomate, laca, o esmalte se recomienda 2 capas de pintura y para barniz 3 capas la primera hace la función de sellador. Proteja al tablero del sol o de la humedad cuando no se este usando."
112251,"cerr. embutir onda 3g izq. acer inox de la marca forte del area de ferreteria para los chapas y cerrajeria de la linea cerraduras embutir de procedencia nacional. acabado pulido, tamaño del producto moderado, altura del producto 27.00 cm, ancho del producto 18.00 cm, profundidad del producto 15.00 cm, volumen del producto 7290, ean 7754441004044, medidas 18.00x15.00x27.00, tipo de producto cerradura, modelo onda 3g izq, color plata, material acero, garantía 1 año, procedencia nacional, país de origen china. Manija para puerta principal de alta seguridad que cuenta con un picaporte silencioso de acero inoxidable, nueca de acro macizo, cilindro de giro libre y cuerpo del cilindro reforzado.. Cerradura de embutir, manija curva de acero inoxidable solida, jalador exterior de acero inoxidable, cuenta con 4 cerrojos de acero de 15 mm. Mecanismo de acero. Nueca de acero de 8mm para instalación de manija. Tambor exterior con doble proteccción de acero, cilindro con giro libre que dificulta el ganzuado, cilindro con placas interactivas de alta seguridad. Picaporte de alta seguridad reversible y de baja fricción.. Para puertas de madera de 40 mm a 55 mm de espesor con bastidor de minimo 11 cm de ancho. Manija para instalación de puerta lado izquierdo. Picaporte reversible para apertura interna o externa.. Se recomienda que la instalación lo ejecute un profesional, en todo caso tener los implementos y el conocimiento necesario para manipular herramientas tales como: taladro, atornillador manual y/o electrico, broca entre otros, a fin de evitar daños fisicos. Leer las instrucciones antes de su instalación. Tener en cuenta las medidas de instalación. Utilice paños humedos con liquidos suaves como el limpiador de muebles para limpiar la superficie de la cerradura. Mantenimiento con WD40."
80654,"extension 5t univ con indicador led 5mt gris de la marca opalux del area de electricidad para los cables de la linea extensiones domestic de procedencia nacional. volumen del producto 0, ean 2000000806549, color no aplica, garantía 1 año, procedencia nacional. . . . "
118404,"infinity box 27 lts de la marca duraplast del area de organizacion y decoracion para los organizadores plasticos de la linea cajas plasticas (keepers) de procedencia nacional. altura del producto 31.00 cm, ancho del producto 40.00 cm, profundidad del producto 30.00 cm, volumen del producto 37200, ean 7757137007732, medidas 40.00x30.00x31.00, tipo de producto caja, modelo infinity box, color transparente, material plástico, garantía 1 año, procedencia nacional, país de origen chile. Caja fabricada en plástico resistente al impacto. Ideal para guardar todo tipo de accesorios.. Caja organizadora hecha de plástico en su totalidad. Cuenta con base con 4 ruedas y paredes sólidas, tapa superior sólida, 2 manijas a los laterales, borde reforzado, útil para organizar objetos diversos.. Ideal para dormitorio y espacios interiores de la casa, resistente a la humedad. Ubicar en superficies 100% planas. Uso doméstico y para interiores.. Para la limpieza se puede hacer con agua y jabón, limpiavidrios o productos especializados para plásticos, aplicando con un paño de microfibra o poliseda, con estos mismos paños también se puede limpiar en seco."
21086,"disco corte inox 7"" 2m de la marca dewalt del area de herramientas para los accesorios para herramientas electricas de la linea discos de corte de procedencia nacional. volumen del producto 0, ean 28874948013, color no aplica, garantía 1 año, procedencia nacional. . . . "
20731,"mini kit economico atlas de la marca pinceis atlas del area de pinturas para los accesorios para pintar de la linea rodillos y bandejas de procedencia importado. volumen del producto 0, ean 7896380191727, color no aplica, garantía 1 año, procedencia importado. . . . "
131204,"desinfectar los objetos, 20x30cm, blanco y azul. de la marca sm del area de herramientas para los seguridad industrial de la linea señales de seguridad de procedencia nacional. altura del producto 20.00 cm, ancho del producto 30.00 cm, profundidad del producto 0.02 cm, volumen del producto 12, diametro del producto 0, ean 2000001312049, medidas 30.00x0.02x20.00, tipo de producto señal, modelo desinfectar los objetos, color azul, material vinil, garantía 1 año, procedencia nacional, país de origen perú. Contar con una correcta señalización dentro de tu oficina o negoció es fundamental para orientar a las personas y evitar contratiempos indeseados.. Adecuado para señalizar ciertos ambietes.. Usar en el lugar adecuado.. Pegado sobre superficie plana."
109782,"lavasecadora 18kg inox wd18j7825kp/pe de la marca samsung del area de electro hogar para los linea blanca de la linea lavadoras / secadoras de procedencia nacional. volumen del producto 0, ean 2000001097823, color no aplica, garantía 1 año, procedencia nacional. ¿Olvidaste echar a lavar una camisa? La Lavaseca WD18J7825KP/PE 18 kg te permite añadir ropa si el ciclo ya comenzó o incluso puedes poner prendas delicadas que sólo quieres enjuagar o exprimir. Una capacidad de 18 kg (10 de secado) significa que puedes lavar rápidamente grandes cantidades de ropa en una sola carga, ahorrando tiempo y mucho esfuerzo.La tecnología Eco Bubble genera espuma que rápidamente activa el detergente para que remueva las manchas más fácilmente. Dos propulsores de agua ayudan al detergente a penetrar la ropa antes de enjuagar cualquier residuo.Con sólo un botón, la tecnología Bubble Soak te ayuda a remover una gran variedad de manchas. Tu ropa se remoja en burbujas para que las manchas se aflojen y eliminen por completo. El Dispensador Automático administra el detergente y suavizante de telas para que no tengas que hacerlo tú. Sólo llena el depósito una vez al mes y usará la cantidad exacta para cada carga y tipo de lavado.La tecnología Air Wash desodoriza y sanitiza tus prendas y ropa de cama para que siempre estén frescas. Mediante aire muy caliente, es capaza de eliminar olores y bacterias sin tener que usar químicos. La tecnología VRT reduce el ruido y la vibración mientras lava. Su sistema mantiene la tina perfectamente balanceada incluso en altas velocidades.. . . "
154004,"lg lavadora wt25pbvs6 negro plateado de la marca lg del area de electro hogar para los linea blanca de la linea lavadoras / secadoras de procedencia nacional. acabado opaco, altura del producto 107.00 cm, ancho del producto 69.00 cm, profundidad del producto 73.00 cm, volumen del producto 538959, ean 8806091792884, medidas 69.00x73.00x107.00, tipo de producto lavadora, modelo wt25pbvs6, color negro, material acero inoxidable/plástico, garantía 1 año, procedencia nacional, país de origen tailandia. . AI DD Inteligencia Artificial. Motion DD: 6 movimientos de lavado. ThinQ: Conectividad Wi-Fi. Smart Diagnosis. TurboWash: Lavado rápido y poderoso en menos tiempo.. Garantía de 10 años en el motor.. Cuide la superficie evitando derramar agua sobre los controles."
21006,"broca sds plus 10x150/210 mm de la marca dewalt del area de herramientas para los accesorios para herramientas electricas de la linea cinceles y brocas de rotomartillo de procedencia nacional. volumen del producto 0, ean 28877512648, color no aplica, garantía 1 año, procedencia nacional. . . . "
124080,"brocha para esmaltes y oleos 3"" de la marca tekno del area de pinturas para los accesorios para pintar de la linea brochas de procedencia importado. altura del producto 25.00 cm, ancho del producto 8.00 cm, profundidad del producto 1.50 cm, volumen del producto 300, ean 7798184158718, medidas 8.00x1.50x25.00, tipo de producto brocha, modelo 3"", color negro, material polipropileno, garantía de por vida, procedencia importado, país de origen argentina. Promart trae para ti la brocha especialmente diseñada para cubrir con los requerimientos de los mejores pintores, así como también con los pintores amateur. ¡No esperes más y descubre un mundo de color con D'Color y Promart!. 3"". Mango y cerdas de excelente calidad,que permiten realizar acabados suaves.. . Ideal para ser usada con pinturas de esmalte y óleos. Lavar inmediatamente luego de terminar con el trabajo."
161955,"thomas ventilador mesa th-16cm bronce de la marca thomas del area de electro hogar para los climatizacion de la linea ventiladores domesticos de procedencia nacional. altura del producto 59.00 cm, ancho del producto 27.00 cm, profundidad del producto 27.00 cm, volumen del producto 43011, ean 7809639706887, medidas 27.00x27.00x59.00, tipo de producto ventilador, modelo th-16cm, color no aplica, material metal, garantía 1 año, procedencia nacional, país de origen china. Ventilador Mesa Thomas Th-16Cm Bronce. Disfruta de lo más nuevo que Promart.pe trae para ti.. Ventilador retro de 16” de diámetro ; Potencia 50 watts ; 3 velocidades ; 4 aspas de aluminio ; Ventilación oscilante o fija ; Estructura metálica color cobre ; Ajuste pivotal ; Parrilla protectora metálica color cobre ; Garantía 2 años. . No meter los dedos"
163738,"i&o-espejo para puerta 30x120 negro textura de la marca orange del area de organizacion y decoracion para los decorativos de la linea espejos de procedencia importado. altura del producto 120 cm, ancho del producto 30 cm, profundidad del producto 1.5 cm, volumen del producto 5400, ean 2000001637388, medidas 30x1.5x120, tipo de producto espejos, modelo lsq-240524-09-b, color negro, material poliestireno, garantía por defecto de fabricación, procedencia importado, país de origen china. . . . "
126313,"careta sentinel a50 de la marca esab del area de herramientas para los equipos para soldar de la linea maquinas de soldar y accesorios de procedencia nacional. volumen del producto 0, ean 2000001263136, tipo de producto herramientas, modelo sentinel a50, color negro, material nylon, garantía 3 años, procedencia nacional. Carcaza ligera y óptimo diseño, ofreciendo confort para aplicaciones de soldadura diarias. Amplia área de visualización.. Diseño revolucionario. Alta resistencia al impacto. Máxima comodidad. Mica de gran tamaño y tecnología de última generación. Arnés Halo, ergonómico de cinco puntos con ajustes infinitos que proporciona equilibrio y comodidad extremos. Eje de giro central con diseño de perfil bajo que permite tener gran parte de la cabeza libre cuando el casco está levantado. Área de visualización de 10x6 cm. Panel de control de pantalla táctil a color con 8 distintas configuraciones de memoria y botón de esmerilado que se activa externamente con sombra.. . Usar cada vez que sea necesario un trabajo en el cual se requiera de la protección brindada por este producto."
138527,"maceta cuadr piedra 30x30x30cm con sist. riego - bla de la marca reyplast del area de jardin para los deco jardin de la linea macetas de procedencia nacional. altura del producto 31.00 cm, ancho del producto 29.00 cm, profundidad del producto 29.00 cm, volumen del producto 26071, ean 7750062019665, medidas 29.00x29.00x31.00, tipo de producto maceta, modelo cuadrada, color blanco, material plástico, garantía 1 año, procedencia nacional, país de origen perú. pEmbellece tus espacios con la Maceta Cuadrada con Sistema de Riego Reyplast Piedra 30x30x30cm. Esta maceta de diseño cuadrado y textura exterior tipo piedra tiene una capacidad de 17.6 litros, ideal para tus plantas tanto en interiores como exteriores. Con sistema de autoregado y medidas de 30x30x30cm, esta maceta es práctica y funcional. Asegurada con 1 año de garantía, la Maceta Cuadrada con Sistema de Riego de Reyplast es la elección perfecta para dar vida a tus plantas. h2Características de la Maceta Cuadrada con Sistema de Riego Reyplast Piedra 30x30x30cm: ul  liCapacidad de 17.6 litros.  liTextura exterior tipo piedra.  liSistema de autoregado para facilitar el cuidado de tus plantas.  liMedidas de 30x30x30cm.  liGarantía de 1 año.ul. Con textura exterior tipo piedra. Con capacidad de 17.6 l.. No incluye base. Ideal para colocar las plantas. Colocar en una superficie plana."
153902,"n2xoh cab. 2-1x150 mm² 0,6/1 kv de la marca celsa del area de electricidad para los cables de la linea conductores electric 1 de procedencia nacional. altura del producto 2.30 cm, ancho del producto 2.30 cm, profundidad del producto 100.00 cm, volumen del producto 529, diametro del producto 2.30 cm, ean 2000001539026, medidas 2.30x100.00x2.30, tipo de producto cable, modelo n2xoh, color negro, material cobre, garantía 2 años, procedencia nacional, país de origen perú. . Libre de halógenos. 1000 V. Temperatura máxima de operación 90°C. Calibre 2-1x150 mm2.. No aplica. Ideal para ser instalados en lugares concurridos, en conexiones industriales, acometidas, distribución interna y conexiones en el exterior."
110335,"urinario bavaro blanco de la marca vainsa del area de baños para los sanitarios de la linea institucionales de procedencia nacional. altura del producto 42.50 cm, ancho del producto 34.00 cm, profundidad del producto 27.20 cm, volumen del producto 39304, ean 7756513011103, medidas 34.00x27.20x42.50, tipo de producto urinario, modelo bávaro, color blanco, material loza, garantía 1 año, procedencia nacional. Urinario compacto con sifón oculto incorporado. Diseñado para funcionar con válvulas de descarga de alta eficiencia.. Urinario compacto con sifón oculto incorporado. Diseñado para funcionar con válvulas de descarga de alta eficiencia.. . Limpiar el urinario constantemente con los artículos adecuados. Limpiarse bien las manos con agua y jabón tanto antes como después de usar el urinario. Limpiarse bien las manos con agua y jabón tanto antes como después de usar el urinario."
151156,"altec lansing headset gaming algh9602 de la marca sm del area de electricidad para los tecnologia de la linea computo de procedencia nacional. altura del producto 20.00 cm, ancho del producto 20.00 cm, profundidad del producto 11.00 cm, volumen del producto 4400, diametro del producto 0, ean 6970939959592, medidas 20.00x11.00x20.00, tipo de producto headset, modelo algh9602, color negro, material plástico, garantía 06 meses por defectos de fabricación, procedencia nacional, país de origen china. Sumérgete dentro de tus canciones favoritas con estos espectaculares audífonos que tienen el volumen perfecto y potente que estás buscando.. Controladores 50 mm. Micrófono. Control de volumen. Conector 3.5 mm. Luz LED.. No aplica. Colocar sobre superficies planas."
159873,"jarra con tapa 2.5l de la marca orange del area de cocina para los menaje de la linea hidratacion de procedencia importado. altura del producto 22.70 cm, ancho del producto 15.00 cm, profundidad del producto 12.50 cm, volumen del producto 4256.25, ean 2000001598733, medidas 15.00x12.50x22.70, tipo de producto jarra, modelo no aplica, color blanco, material polietileno, garantía por defecto de fabricación, procedencia importado, país de origen china. Porque en Promart queremos darte lo mejor, tenemos para ti la Jarra, con el cual podrás disfrutar ricos jugos o refrescos en familia.. Jarra de plastico con capacidad para 2.5 litros. . "
17393,"tee 3/4 cpvc - caliente - de la marca flowguard gold del area de gasfiteria para los tubos y conexiones de la linea acces y conec cpvc de procedencia nacional. tamaño del producto moderado, altura del producto 4.00 cm, ancho del producto 6.50 cm, profundidad del producto 5.00 cm, volumen del producto 130, ean 7752373000851, medidas 6.50x5.00x4.00, tipo de producto tee, modelo lisa fgg, color beige, material cpvc, garantía 1 año, procedencia nacional, país de origen perú. Promart te brinda accesorios para tus conexiones de gasfitería. La Tee lisa te permitirá empalmar las tuberías de una manera fácil y práctica.. Cuenta con sistema de CPVC. FlowGuard Gold HP 125. Resistencia al impacto y a la más altas temperatura de distorsión por calor (HDT). Resina de CPVC de última generación. No se oxida, corroe ni necesita pintarse. No requiere aislante térmico por su casi nula transmisión de calor.. Para agua caliente. elegir adecuadamente las medidas según el tipo de instalación a realizar.. Se recomienda utilizar pegamento para CPVC si es a presión, o teflón para temperatura si es roscado. Tenga en cuenta las medidas de los tubos, manipule con cuidado y con accesorios de protección."
31733,"kit zapatera melamine de la marca sm del area de ferreteria para los productos de fijacion de la linea kit de fijacion de procedencia nacional. volumen del producto 0, ean 2000000317335, tipo de producto tornillos, modelo zapatera melamine, color oro, material acero/nylon, garantía por defecto de fabricación, procedencia nacional, país de origen china. Kit con todos los productos de fijación necesarios para la instalación de una zapatera de melamine.. Kit de fijación para muebles de melamina como zapateras, sobre paredes solidas o huecas.. Consta de 2 tarugos trika de 5/16"" y 2 tornillos autorroscantes spax de 5 x 70 mm.. Para su instalación perforar la superficie con broca de 8 mm. Manipular con equipos de protección personal."
153812,"lavatorio ibiza blanco de la marca vainsa del area de baños para los sanitarios de la linea lavatorios de procedencia nacional. acabado brillante, tamaño del producto moderado, altura del producto 18.50 cm, ancho del producto 48.00 cm, profundidad del producto 38.20 cm, volumen del producto 33921.6, ean 7756513023786, medidas 48.00x38.20x18.50, tipo de producto lavatorio, modelo ibiza, color blanco, material loza, garantía de por vida por defectos de fabricación, procedencia nacional, país de origen perú. Renueva tu baño sin perder el estilo con el lavatorio Ibiza, fabricado en loza vetrificada de alta calidad.. Lavatorio de sujeción a la pared con rebose cromado. Fabricado en loza vitrificada. Diseño y estilo que armoniza con la grifería. Acabado de primera calidad.. Garantía de por vida contra defectos de fabricación en la loza.. Lavar y limpiar con agua jabonosa, enjuagar con agua limpia y secar con paño suave."
163456,"tendal de ropa retractil 60x46x18 cm de la marca orange del area de organizacion y decoracion para los organizadores de lavanderia de la linea tendales de procedencia importado. altura del producto 18.00 cm, ancho del producto 46.00 cm, profundidad del producto 60.00 cm, volumen del producto 49680, ean 2000001634561, medidas 46.00x60.00x18.00, tipo de producto tendal, modelo cr111403, color blanco, material hierro, garantía por defecto de fabricación, procedencia importado, país de origen china. . . . "
159574,"mini rodillo espuma nº 5 de la marca tekno del area de pinturas para los accesorios para pintar de la linea rodillos y bandejas de procedencia importado. altura del producto 3.00 cm, ancho del producto 0.70 cm, profundidad del producto 19.00 cm, volumen del producto 39.9, ean 7799110004178, medidas 0.70x19.00x3.00, tipo de producto rodillo, modelo apto thinner n°5, color amarillo, material polipropileno, garantía 1 año, procedencia importado, país de origen argentina. Mini Rodillo Tekno Nº 5 Espuma. Disfruta de lo más nuevo que Promart.pe trae para ti.. . . "
164579,"refrigeradora no frost rmp415gpg 382l de la marca mabe del area de electro hogar para los linea blanca de la linea refrigeradoras de procedencia nacional. altura del producto 173 cm, ancho del producto 67 cm, profundidad del producto 68.4 cm, volumen del producto 792824.4, ean 7704712870465, medidas 67x68.4x173, tipo de producto refrigeradora, modelo rmp415gpg, color negro, material acero, garantía por defecto de fabricación, procedencia nacional, país de origen perú. Guarda frescos tus alimentos y luce una cocina fabulosa con esta refrigeradora que Promart.pe trae para ti.. . . "
73860,"mantenim. de tablero de granito y marmol/2 visitas de la marca emporium del area de servicios para los servicios proveedor de la linea servicio instalacion - proveedo de procedencia nacional. ancho del producto 1.00 cm, profundidad del producto 1.00 cm, volumen del producto 0, ean 2000000738604, color no aplica, garantía 1 año, procedencia nacional. . . . "
147438,"ratchet 3/8""x8"" best value de la marca etsadeco del area de herramientas para los herramientas de mano de la linea dados y ratchets de procedencia nacional. altura del producto 20.00 cm, ancho del producto 2.00 cm, profundidad del producto 20.00 cm, volumen del producto 800, ean 2000001474389, medidas 2.00x20.00x20.00, tipo de producto ratchet, modelo no aplica, color plata, material acero, garantía de por vida, procedencia nacional, país de origen china. Punta con fácil sujeción para un mayor alcance. Disfruta de lo más nuevo que Promart.pe trae para ti.. Punta con fácil sujeción para un mayor alcance.. . Almacene en sitio templado y seco para evitar corrosiones."
150453,"sierra copa bimetalica 52mm de la marca bahco del area de herramientas para los accesorios para herramientas electricas de la linea accesorios de herramientas de procedencia nacional. ancho del producto 5.20 cm, profundidad del producto 5.20 cm, volumen del producto 0, diametro del producto 5.20 cm, ean 7311518041854, tipo de producto sierras copa, modelo 3830-52-vip, color naranja, material acero, garantía por defecto de fabricación, procedencia nacional, país de origen bielorrusia. . Bimetálica. Provista de agujeros que permiten retirar el núcleo con facilidad. Máxima profundidad de corte 38 mm (1 1/2"") y 4/6 dientes por pulgada. Tamaño máximo del agujero=tamaño nominal de la corona de sierra +1.5 mm/–0,0. Se adaptan a todos los taladros eléctricos, tanto fijos como portátiles.. . Ajustar correctamente al taladro eléctrico. Utilizar elementos de seguridad como guantes y lentes al momento de usar el producto."
147457,"dado 14mm en 1/2"" de la marca best value del area de herramientas para los herramientas de mano de la linea dados y ratchets de procedencia nacional. altura del producto 1.40 cm, ancho del producto 1.40 cm, profundidad del producto 1.40 cm, volumen del producto 2.744, ean 2000001474570, medidas 1.40x1.40x1.40, tipo de producto dado, modelo no aplica, color plata, material acero templado/níquel, garantía de por vida, procedencia nacional, país de origen china. Duradero. Resistente. De colocación rápida y fácil sujeción. Disfruta de lo más nuevo que Promart.pe trae para ti.. Duradero. Resistente. De colocación rápida y fácil sujeción.. . Almacene en sitio templado y seco para evitar corrosiones."
115153,"i&o-mesita dorada de la marca sm del area de tendencias para los navidad de la linea adornos y decorativos de procedencia importado. altura del producto 1.00 cm, ancho del producto 18.50 cm, profundidad del producto 18.50 cm, volumen del producto 342.25, ean 2000001151532, medidas 18.50x18.50x1.00, tipo de producto mesa, color oro, material metal, garantía 1 año, procedencia importado, país de origen china. . Ideal para cuidar mantel y mesa de artefactos calientes.. . Mantener limpio y seco."
51491,"pintado estuco metalico normal de la marca sm del area de servicios para los servicios tienda de la linea servicios instalacion - tienda de procedencia nacional. ancho del producto 1.00 cm, volumen del producto 0, ean 2000000514918, color no aplica, garantía 1 año, procedencia nacional. . . . "
15075,"semillas de rabanito en sobre de la marca hortus del area de jardin para los plantas y semillas de la linea grass y semillas detraccion de procedencia nacional. altura del producto 13.50 cm, ancho del producto 9.70 cm, profundidad del producto 0.20 cm, volumen del producto 26.19, diametro del producto 0, ean 2000000150758, medidas 9.70x0.20x13.50, tipo de producto semilla, modelo rabanito, color no aplica, material otros, garantía por defecto de fabricación, procedencia nacional, país de origen perú. El rabanito es muy bueno debido a que favorece el funcionamiento de la glándula tiroides, además es rico en vitaminas B y C y contiene múltiples minerales como potasio, yodo, magnesio y hierro. Las semillas Hortus son de gran calidad y con el debido cuidado obtendrás los resultados esperados.. Semilla de rabanito 99% puro puede sembrarse todo el año.. Cantidad de semillas depende del peso del sobre. Las medidas corresponden al empaque del producto.. Riego abundante una vez por semena para el mantenimiento de la planta y realizar la siembra utilizando tierra preparada.  Además, leer las indicaciones del empaque para poder tener una mejorar referencia."
162795,"sikasil ia blanco 280ml de la marca sika del area de pinturas para los pegamentos y adhesivos de la linea siliconas y aplicadores de procedencia nacional. altura del producto 21.50 cm, ancho del producto 4.80 cm, profundidad del producto 4.80 cm, volumen del producto 495.36, ean 7756962003520, medidas 4.80x4.80x21.50, tipo de producto silicona, modelo sikasil ia, color blanco, material otros, garantía por defecto de fabricación, procedencia nacional, país de origen perú. Sellante de Silicona Acética con Fungicidas Sikasil IA Blanco 280ml. Disfruta de lo más nuevo que Promart.pe trae para ti.. . . "
139252,"comba 1kg mango plastico de la marca dexter del area de herramientas para los herramientas de mano de la linea martillos y combas de procedencia importado. acabado satinado, altura del producto 27.10 cm, ancho del producto 10.90 cm, profundidad del producto 5.40 cm, volumen del producto 1595.106, ean 3276000431626, medidas 10.90x5.40x27.10, tipo de producto comba, modelo 1 kg, color azul, material acero/plástico, garantía 10 años, procedencia importado, país de origen china. Comba de suma utilidad para trabajos de construcción que te permitirá dar golpes con la fuerza requerida.. Excelente calidad. Resistencia y durabilidad.. . Ideal para trabajos livianos y pesados."
125832,"broca acero  (hss)  15/32"" de la marca bahco del area de herramientas para los accesorios para herramientas electricas de la linea brocas de procedencia nacional. acabado pavonado, altura del producto 10.80 cm, profundidad del producto 4.40 cm, volumen del producto 0, ean 7314150247967, tipo de producto broca, modelo hss, color plata, material acero, garantía de por vida por defectos de fabricación, procedencia nacional, país de origen suecia. Para todos tus proyectos siempre podrás contar con los productos que te ofrece Promart.. . . Escoger el producto adecuado para el trabajo a realizar. Limpiar residuos luego de cada uso para conservar su efectividad."
33878,"mezc ducha mares delphis con sal vsi mass cr de la marca vainsa del area de baños para los griferia de baño de la linea mezcl. ducha de procedencia nacional. acabado cromado, altura del producto 15.00 cm, ancho del producto 6.50 cm, profundidad del producto 20.00 cm, volumen del producto 1950, diametro del producto 0, ean 7756513233291, medidas 6.50x20.00x15.00, tipo de producto llave, modelo mares delphis, color plata, material bronce/abs, garantía de por vida, procedencia nacional, país de origen perú. Diseño único y materiales resistentes. La mezcladora para ducha Mares Delphi con salida de agua para ducha VSI Massage te ayudarán a tener un relajante baño a la temperatura adecuada.. Llave mezcladora para ducha convencional de cuerpo interior de Bronce con acabado cromado en el exterior, con salida de ducha hecho de Bronce con cabezal de plástico ABS de 2 tipos de chorro (Massage y Spray), sistema de cierre disco cerámico o 1/4 de giro de larga duración. Altamente resistente a la corrosión. Viene con perillas de Bronce cromado con diseño convencional. Distancia entre perillas: 8"". Movimiento de cabezal 45°. Previo a la compra, verificar si se puede adaptar al sistema de ducha que tenga en casa, solo se instala en sistemas nuevos de agua fría y caliente, por eso se recomienda complementar la compra con una terma de acumulación, siempre y cuando el sistema de redes de agua potable de la vivienda o establecimiento lo permita. Medida en profundidad expresada solo se considera de la parte visible, es decir, de la pared hacia el frente.. Maniobrar con cuidado para evitar el deterioro de las llave y salida de ducha, limpiar con un paño seco, en caso de acumulación de sarro limpiar con vinagre blanco y agua tibia, para mantener el brillo del cromado no limpiar con material abrasivo. Es necesaria una buena presión de agua (Mayor a 15 PSI). Antes de la instalación purgar las instalaciones o redes de agua potable"
79177,"set de hojas de calar para madera 5pzs de la marca makita del area de herramientas para los accesorios para herramientas electricas de la linea accesorios de herramientas de procedencia nacional. altura del producto 10.00 cm, ancho del producto 0.90 cm, profundidad del producto 0.90 cm, volumen del producto 8.1, ean 88381366953, medidas 0.90x0.90x10.00, tipo de producto hoja, modelo p/madera 5pzs, color negro, material acero, garantía 1 año, procedencia nacional, país de origen japón. ¡Promart y Makita te ofrecen las mejores herramientas!Ideal para los carpinteros y aficionados en trabajos de madera, Makita pone a tu alcance un accesorio para sierra que cuenta con 5 piezas, ideal para realizar cortes perfectos y prolijos. Elaborado con materiales que combaten la corrosión.. Uso Universal cortes confortables en madera. Larga vida útil. Cuanta con 7 dientes por pulgada. Ideal para cortes rectos. Para cortar espesores de hasta 50 mm.. Accesorio compatible con cualquier sierra caladora, de encastre universal adecuada para cualquier marca reconocida. La durabilidad del filo dependerá del tiempo y tipo de uso. Producto punzo cortante.. Leer las indicaciones de uso para realizar un uso correcto del producto y tener un buen desempeño. Mantener el accesorio en un lugar limpio y ventilado, lejos de la humedad. Asegurarse que filo no esté desgastada antes de usarla, así evitara un corte inadecuado.  Verificar que hoja a escoger sea la correcta para el tipo de corte y material deseado."
20560,"clav 1-1/2"" para dryw x100u powerful de la marca werken del area de ferreteria para los productos de fijacion de la linea fijaciones p/ drywal-percep de procedencia nacional. tamaño del producto pequeño, altura del producto 4.00 cm, ancho del producto 4.00 mm, profundidad del producto 4.00 mm, volumen del producto 64, diametro del producto 4.00 mm, ean 7535260019200, medidas 4.00x4.00x4.00, tipo de producto clavo, modelo 1 1/2'', color plata, material acero inoxidable, garantía por defecto de fabricación, procedencia nacional, país de origen perú. pRenueva tus proyectos de construcción con el Clavo de Acero Inoxidable Werken 1 1/2' para Drywall. Fabricado en acero endurecido, este clavo cuenta con un capuchón rojo para facilitar su posicionamiento en la pistola para drywall. Con sistema de fijación accionado por pólvora, es ideal para fijar perfiles metálicos, madera, rieles en pisos, techos y paredes. Con garantía por defecto de fabricación, este pack de 100 clavos es imprescindible en carpintería y construcción. Características del Clavo de Acero Inoxidable Werken 1 1/2' para Drywall:ul liFabricado en acero inoxidable resistente. liCapuchón rojo para fácil posicionamiento. liSistema de fijación accionado por pólvora. liIdeal para fijar perfiles metálicos, madera y rieles. liPack de 100 unidades para proyectos extensos./ul. Fabricado en acero endurecido, cuenta con un capuchón rojo que facilita poder posicionar en la herramienta (pistola para drywall), sistema de fijación accionado por pólvora.. Ideal para fijar perfiles metálicos, madera, rieles al piso, techo y pared, en construcción de sistema drywall y otros. Consta de 100 clavos.. Aplicar con pistola para drywall, tener en cuenta la potencia del fulminante con que se trabajara según la superficie donde se fijara."
133300,"selladora de bolsa 300mm 430w de la marca kamasa del area de herramientas para los herramientas electricas portatiles de la linea herramientas neumaticas de procedencia nacional. altura del producto 19.00 cm, ancho del producto 10.50 cm, profundidad del producto 46.50 cm, volumen del producto 9276.75, ean 2000003552474, medidas 10.50x46.50x19.00, tipo de producto sellador, modelo no aplica, color negro, material metal, garantía 06 meses por defectos de fabricación, procedencia nacional. Sella varios tipos de plástico, celofán, polipropileno, Poliestireno, entre otros.. Potencia: 430 W. Longitud del sellado: 300 mm. Botón de regulación de temperatura.. . Trabajar en área iluminada. Manipular con cuidado. Situar sobre una superficie plana y estable."
160001,"guante impermeable latex azul de la marca werken del area de herramientas para los seguridad industrial de la linea guantes de procedencia importado. altura del producto 24.00 cm, ancho del producto 11.00 cm, profundidad del producto 45.00 cm, volumen del producto 11880, ean 2000001600016, medidas 11.00x45.00x24.00, tipo de producto guante, modelo guanteroc21, color azul, material nylon, garantía 06 meses por defectos de fabricación, procedencia importado, país de origen china. . . . "
161597,"espejo baño redondo con borde negro 60x60 de la marca orange del area de baños para los muebles de baño de la linea espejos de baño de procedencia importado. acabado brillante, tamaño del producto moderado, altura del producto 90.00 cm, ancho del producto 60.00 cm, profundidad del producto 0.40 cm, volumen del producto 2160, ean 2000001615973, medidas 60.00x0.40x90.00, tipo de producto espejo, modelo jb01727, color transparente, material vidrio, garantía por defecto de fabricación, procedencia importado, país de origen china. Espejo de Baño Redondo con Borde Negro 60x60cm Orange. Disfruta de lo más nuevo que Promart.pe trae para ti.. . . "
164610,"set x16 cubiertos cuentos de oro de la marca orange del area de tendencias para los navidad de la linea menaje navidad de procedencia importado. altura del producto 24.5 cm, ancho del producto 16.5 cm, profundidad del producto 5 cm, volumen del producto 2021.25, ean 2000001646106, medidas 16.5x5x24.5, tipo de producto cubiertos, modelo ka2862_prm, color oro, material acero inoxidable, garantía por defecto de fabricación, procedencia importado, país de origen china. . . . "
53306,"batería 13 placas 80 ah w-13 platinum de la marca etna del area de herramientas para los automotriz de la linea baterias de procedencia nacional. altura del producto 17.40 cm, ancho del producto 24.20 cm, profundidad del producto 17.50 cm, volumen del producto 7368.9, ean 7753330002963, medidas 24.20x17.50x17.40, tipo de producto batería, modelo w-13 platinum, color plata, material polipropileno, garantía 1 año, procedencia nacional, país de origen perú. pPotencia tu vehículo con la Batería de Plomo y Plata Etna 80 Ah W-13 Plata. Esta batería de alto rendimiento, compuesta por plomo, calcio y plata, es ideal para autos gasolineros y petroleros, especialmente para vehículos de alta gama con equipamiento electrónico. Con un arranque en frío de 620 Amp y un arranque en caliente de 780 A, esta batería garantiza un rendimiento óptimo. Además, su ojo visor indica el nivel de carga y es libre de mantenimiento. Aprovecha la garantía de 2 años y la compatibilidad con marcas como Audi, Chevrolet, Toyota y más. Características de la Batería 13 placas 80 Ah W-13 Plata Etna:ul liAlto rendimiento con tecnología de plomo, calcio y plata. liArranque en frío de 620 Amp y arranque en caliente de 780 A. liIndicador de carga y libre de mantenimiento. liGarantía de 2 años. liCompatible con marcas de autos de alta gama./ul. Batería de alto rendimiento compuesta de plomo, calcio y plata, de gran calidad y efectividad. Ideal para autos gasolineros, petrolero. Ideal para motores 1200 a 2500. Poste positivo al lado derecho (desde el frente). Adecuado para vehículos de alta gama (automóviles y camionetas), full equipo y con alta necesidad de energía producto del equipamiento electrónico del vehículo. Cuenta con un ojo visor que indica la carga de batería y es 100% libre de mantenimiento. Garantía de 2 años.. Aplica para marcas de auto: Audi, Brilliance, Changan, Chery, Chevrolet, Citroen, Daewoo, Daihatsu, Dodge, Fiat, Lifan, Mini Cooper, Ford, Great Wall, Hyundai, Isuzu, Jac, Kia, Land Rover, Mazda, Mercedes-Benz, Mitsubishi, Nissan, Peugeot, Renault, Seat, Skoda, Toyota, Volkswagen. *Los modelos etna varían según año/modelo de auto, para mayor información consulte con nuestros promotores.. Leer indicaciones del producto antes de usar la batería. Realizar el mantenimiento de batería y revisión del vehículo cada mes (uso público) y cada 3 meses (uso particular). Realizar el mantenimiento en servicios autorizados y no manipular el producto. Revisión el sistema eléctrico del vehículo, mantener limpia y seca la cubierta y caja de la batería."
123906,"caja conservadora freezer n 7 -beige de la marca basa del area de cocina para los menaje de la linea organizacion y contenedores de procedencia nacional. altura del producto 19.90 cm, ancho del producto 24.80 cm, profundidad del producto 22.00 cm, volumen del producto 10857.44, ean 7755206021450, medidas 24.80x22.00x19.90, tipo de producto caja, modelo n° 7, color beige, material plástico, garantía por defecto de fabricación, procedencia nacional. Excelente calidad, ideal para conservar cereales u otro tipo de alimentos.. Paredes extra gruesas, flexibles a cambios de volumen de los alimentos durante la congelación. Protege los alimentos de los cristales del hielo para una descongelación perfecta. Libre de BPA. Aptos para microondas.. . Ideal para congelar sus alimentos."
72654,"aspiradora wd1 multipropósito de la marca karcher del area de electro hogar para los equipos de limpieza de la linea aspiradoras y lustradoras de procedencia nacional. altura del producto 45.00 cm, ancho del producto 30.00 cm, profundidad del producto 30.00 cm, volumen del producto 40500, ean 4054278827872, medidas 30.00x30.00x45.00, tipo de producto aspiradora, modelo wd1, color amarillo, material metal/plástico, garantía 1 año, procedencia nacional, país de origen alemania. pDescubre la versatilidad de la Aspiradora Karcher Multipropósito WD1. Con 1000 W de potencia real de aspiración, esta aspiradora se destaca por su eficiencia en la limpieza tanto en seco como en húmedo. Su diseño compacto en amarillo brillante no solo agrega estilo, sino que también facilita su almacenamiento.pCon una capacidad de 15 litros, el WD1 ofrece un rendimiento duradero sin compromisos. Desde líquidos derramados hasta polvo persistente, esta aspiradora multipropósito es tu aliada para mantener tu hogar impecable. ¡Simplifica tu rutina de limpieza con la WD1 y experimenta un nivel superior de eficacia!h2Características de la aspiradora Karcher Multipropósito WD1ulliAspiradora multifuncional: aspira, seca y sopla.liDiseño compacto para un fácil y rápido almacenamiento.liEficiente en consumo de energía.liCon un robusto contenedor a prueba de impactos.liIdeal para limpieza del hogar, del auto, empozamientos, recojo de hojas, entre otros.liPotencia de aspiración real de 700 W.liCapacidad de 15 litros para limpieza extensa./ulpPor último, te invitamos a conocer el catálogo de a href=""https://www.promart.pe/aspiradoras-karcher""aspiradoras Karcher/a que tenemos para ti a precios bajos online.. La WD 1 es una aspiradora multi-propósito muy eficiente y cuyo consumo de sólo 1200 watts, le permite obtener resultados tan buenos como una aspiradora de 1300 watts. Con un robusto contenedor a prueba de impactos de 15 litros, esta aspiradora compacta ofrece muchas ventajas adicionales como: versatilidad de aplicaciones, diseño compacto para un fácil y rápido almacenamiento, entre otros. La WD 1 es ideal para la limpieza ocasional del interior del hogar, sótano, área exterior, así como el interior de los vehículos y puede aspirar pequeñas cantidades de agua. Características: Filtro de espuma para aplicaciones en húmedo, filtro textil y filtro de papel para aplicaciones en seco, tobera universal para pisos, función de soplado, almacenaje de accesorios, gancho para el cable y manubrio ergonómico.. Previo a la compra verificar si el uso que le dará a la aspiradora cubre sus necesidades, esto para una mejor experiencia. Uso doméstico.. El aparato está previsto para el uso como aspirador en seco conforme a las descripciones e instrucciones de seguridad de este manual de instrucciones. Este aparato ha sido diseñado para el uso particular y no para los esfuerzos del uso industrial. Proteger el aparato de la lluvia. No depositarlo a la intemperie. No se deben aspirar cenizas ni hollín con este aparato. Utilizar el aspirador de usos múltiples solo con: bolsas filtrantes originales. Accesorios y piezas de repuesto o accesorios opcionales originales. El fabricante no asume responsabilidad alguna por los daños que pudieran derivarse de un uso inadecuado o incorrecto."
15193,"preservante de madera 1 lt de la marca max del area de pinturas para los esmaltes, barnices y solventes de la linea lacas, barnices y preservantes de procedencia nacional. altura del producto 22.00 cm, ancho del producto 9.00 cm, profundidad del producto 9.00 cm, volumen del producto 1782, ean 7750741000564, medidas 9.00x9.00x22.00, tipo de producto preservante, modelo de madera, color gris, material otros, garantía 1 año, procedencia nacional, país de origen perú. Este preservante de madera es un producto elaborado en base a un compuesto órgano-metálico de estaño (1%), hidrocarburo alifático. Con este producto permite asegurar una duración de 20 años, según estados realizados.. El preservante de madera Max es formulado con materias primas importantes  qu le dan un alto poder de protección a la madera contra insectos, hongos y polillas.. Mantener fuera del alcance de los niños.. Utilizar equipos de protección como guante, mandil, tapa boca, máscaras o gafas para su uso."
148642,"limpiador primavera 1.8 lt de la marca poett del area de limpieza para los limpiadores y desinfectantes de la linea limpiadores multiuso de procedencia nacional. altura del producto 32.00 cm, ancho del producto 9.00 cm, profundidad del producto 9.00 cm, volumen del producto 2592, ean 7756641005838, medidas 9.00x9.00x32.00, tipo de producto limpiador, modelo primavera, color rosa, material otros, garantía por defecto de fabricación, procedencia nacional, país de origen perú. Puedes usarlo diluido o aplicado directamente para limpiar y eliminar el 99.9% de las bacterias presentes en la cocina, baño, muebles y otros accesorios del hogar.. Excelente poder limpiador.. Para mantener la calidad y eficacia del producto, se recomienda almacenarlo en un lugar fresco, seco y alejado de la luz solar directa. Esto ayudará a preservar la integridad del limpiador y prolongar su vida útil.. Utilizar la dosis recomendada."
142097,"silla gala de luxe colores de la marca polinplast del area de aire libre y temporada para los muebles de plastico de la linea sillas de plastico de procedencia nacional. altura del producto 89.00 cm, ancho del producto 43.00 cm, profundidad del producto 50.50 cm, volumen del producto 193263.5, ean 7751772005115, medidas 43.00x50.50x89.00, tipo de producto silla, modelo gala deluxe, color aleatorio, material plástico, garantía 1 año, procedencia nacional, país de origen perú. La silla de plástico Gala De luxe es ideal para colocarla en cualquier patio, ya sea en un comedor o como silla publicitaria en toda clase de eventos.. Comodidad y practicidad. Excelente calidad. Resistente y durable.. . Colocar sobre superficies planas."
111922,"alfombra deco 80x150 angora de la marca orange del area de organizacion y decoracion para los cubrepisos y felpudos de la linea alfombras dimensionadas de procedencia importado. altura del producto 80.00 cm, ancho del producto 150.00 cm, profundidad del producto 1.00 cm, volumen del producto 12000, ean 2000001119228, medidas 150.00x1.00x80.00, tipo de producto alfombra, modelo no aplica, color beige, material poliéster, garantía 1 año, procedencia importado, país de origen egipto. Decora tu hogar con las mejores alfombras que Promart trae para ti. Fabricadas en materiales de la más alta calidad, harán que tus espacios luzcan más vivos.Combínalas con nuestras alfombras y descubre cual se adapta a ti.. Alfombra hecho al 100% de poliester,  superficie suave con bucles. Ideal para salas o diversos espacios interiores de la casa.. Colocar sobre una superficie plana y limpia, elemento decorativo, uso doméstico.. Se recomienda el mantenimiento cada 15 días con limpiador de tapiceria. Sacudir para remover cualquier partícula que haya quedado en la superficie y aspirar para remover cualquier partícula sólida que pudiera contener en el interior."
117333,"horno microondas ms 622 bis l de la marca teka del area de electro hogar para los linea blanca de la linea hornos microondas de procedencia nacional. acabado vidriado, altura del producto 39.00 cm, ancho del producto 59.50 cm, profundidad del producto 31.20 cm, volumen del producto 72399.6, ean 8421152154359, medidas 59.50x31.20x39.00, tipo de producto horno, modelo ms 622 bis l, color plata, material acero inoxidable/vidrio, garantía 3 años, procedencia nacional, país de origen españa. Cocinar será un verdadero placer con este práctico microondas. Diseño elegante y moderno, y no ocupa mucho espacio por lo que encajará perfectamente en tu cocina. No esperes más y sorprende a tu familia con tus mejores recetas.. Nuevo panel Touch Control con display digital. Puerta con doble cristal. Interior base cerámica (no utiliza plato giratorio). Mayor supeficie útil. Mejor limpieza y mantención. Mejora la utilización del espacio interior. Cavidad interior de acero inoxidable. Descongelación automática por tiempo y peso. Ventilación de refrigeración.. Debe usar cable a tierra. No utilizar recipientes que no sean aptos para microondas."
121024,"manometro glicerina inox 0 a 10 bar de la marca giropumps del area de gasfiteria para los bombas de agua de la linea accesorios equipos hi de procedencia nacional. altura del producto 5.50 cm, ancho del producto 3.00 cm, profundidad del producto 1.50 cm, volumen del producto 24.75, ean 2000001210246, medidas 3.00x1.50x5.50, tipo de producto manómetro, modelo glicerina inox 0 a 10 bar, color plata, material acero, garantía 06 meses por defectos de fabricación, procedencia nacional, país de origen china. Utilizado para medir presión del fluido de agua. Entrada de 1/4"". Presión máxima de trabajo: 90 PSI/9 bar. Utilizado para medir presión del fluido de agua. Entrada de 1/4"". Presión máxima de trabajo: 90 PSI/9 bar. No sobrepasar la capacidad máxima de PSI.. Mantener limpio y seco, para evitar la oxidación y el deterioro de su funcionamiento."
135040,"calentador a gas flaming 14l gn de la marca rotoplas del area de baños para los termas y calentadores de la linea calentadores a gas - gn de procedencia nacional. altura del producto 59.00 cm, ancho del producto 32.70 cm, profundidad del producto 19.50 cm, volumen del producto 37621.35, ean 7753745001971, medidas 32.70x19.50x59.00, tipo de producto calentador, modelo flaming, color blanco, material acero galvanizado, garantía 2 años, procedencia nacional, país de origen china. Disfruta de un relajante baño con agua caliente con este Calentador a gas que Promart.pe trae para ti.. 3 perillas reguladoreas: de estaciones, flama y caudal. 3 sensores: detector de oxígeno, de temperatura y flama. Potencia de 1200 W. Sensor de sobre calentamiento. Encendido y apagado eléctrico automático. Serpentín de cobre que evita la corrosión. Sensor de temperatura (se activa a los 85°C +/- 5°C). Pantalla LED digital: indica la temperatura del agua. Selector de estación: primavera, verano y otoño.. Garantía de 2 años.. Asegúrese de que sea instalado por un experto en la materia. Fijarse en el estado de la llama. Mantenga una ventilación adecuada. Cumpla con las revisiones obligatorias de instalación."
116826,"vinil miramar jgo x 9 pzs de la marca kantu del area de pisos y revestimientos para los decorados de la linea pepelmas de procedencia nacional. acabado papel finish foil, altura del producto 15.00 cm, ancho del producto 15.00 cm, profundidad del producto 0.08 cm, volumen del producto 18, ean 7754021009926, medidas 15.00x0.08x15.00, tipo de producto listelo, modelo miramar, color multicolor, material vinil, garantía 1 año, procedencia nacional, país de origen perú. Decora las paredes de tu hogar con estos bonitos listelos vinílicos que cuentan con diseños muy divertidos.. Lístelos de vinil autoadhesivos.  Adecuados para interior. Fácil de instalar.. 9 piezas diferentes por colección.. Leer la indicaciones o instrucciones del producto para una correcta instalación. Colocar sobre superficie limpia y seca. Limpiar con trapo de algodón seco."
151794,"porta torta borde dorado top chef de la marca orange del area de cocina para los menaje de la linea vajilla y fuentes de procedencia importado. altura del producto 11.00 cm, ancho del producto 26.00 cm, profundidad del producto 26.00 cm, volumen del producto 7436, ean 2000001517949, medidas 26.00x26.00x11.00, tipo de producto porta, modelo no aplica, color oro, material vidrio, garantía 1 año, procedencia importado, país de origen china. Artículos llenos de encanto te ayudarán a tener una mesita bonita y ser la sensación dentro de la cena de navidad.. . . Para vajilla"
158469,"piscina estruct redo 427x84cm de la marca bestway del area de jardin para los productos para piscinas de la linea piscinas de procedencia importado. altura del producto 0.84 m, ancho del producto 4.27 m, profundidad del producto 4.27 m, volumen del producto 15.315636, diametro del producto 427.00 cm, ean 6941607328897, medidas 4.27x4.27x0.84, tipo de producto piscina, modelo 56595, color gris, material acero/plástico, garantía 06 meses por defectos de fabricación, procedencia importado, país de origen china. Refréscate este verano junto a tu familia con esta práctica piscina que puedes colocarla en tu patio o jardín.. Marcos metálicos resistentes a la corrosión. Fácil montaje en 10 minutos La forma redonda permite una fácil instalación.. . No instalar en superficies con cesped, escombros o desnivelada"
78977,"adosado 31 de la marca cavoli del area de baños para los organizacion de baño de la linea sets adosados de procedencia importado. volumen del producto 0, ean 2000000789774, color no aplica, garantía 1 año, procedencia importado. . . . "
10572,"espejo con  rep astro 56x38 cm de la marca espejos monterrey del area de baños para los muebles de baño de la linea espejos de baño de procedencia nacional. acabado brillante, tamaño del producto moderado, altura del producto 56.00 cm, ancho del producto 38.00 cm, profundidad del producto 16.00 cm, volumen del producto 34048, ean 2000000105727, medidas 38.00x16.00x56.00, tipo de producto espejo, modelo astro, color transparente, material vidrio, garantía 1 año, procedencia nacional, país de origen china. Renueva la decoración de tu baño. Un moderno espejo ayudará a darle a este espacio mayor frescura y vitalidad.. Espejo para baño de 100% vidrio, el cuerpo se compone de 3  vidrios pegados entre si, los 2 más pequeños en la parte trasera con bordes redondeados en acabado pavonado y el otro más grande tipo espejo en el lado frontal con bordes redondeados o torneados. La parte trasera viene con soporte de acero para colgar el producto en la pared y 2 amortiguadores de goma para mayor estabilidad. Cuenta con una repisa en la parte inferior del mismo.. Verificar que la pared donde se vaya a instalar no esté desnivelada. El espejo viene para armar. Profundidad del espejo incluye soporte de acero pegado en la parte posterior. Producto Frágil. Limpiar periódicamente a fin de evitar la adhesión de sustancias que puedan deteriorar el producto, se recomienda hacer limpieza con limpiavidrios o una solución de agua + jabón, aplicando con una esponja o paños de poliseda o microfibra. Mantener el producto siempre seco."
20729,"mini kit mango con 2 repuestos atlas de la marca pinceis atlas del area de pinturas para los accesorios para pintar de la linea rodillos y bandejas de procedencia importado. volumen del producto 0, ean 7896380154319, color no aplica, garantía 1 año, procedencia importado. . . . "
124160,"plafon hielo 36w led lf de la marca lightech del area de iluminacion para los iluminacion decorativa de la linea plafones de procedencia nacional. altura del producto 6.00 cm, ancho del producto 28.00 cm, profundidad del producto 28.00 cm, volumen del producto 4704, diametro del producto 28.00 cm, ean 7750902117742, medidas 28.00x28.00x6.00, tipo de producto plafón, modelo u plus bl, color blanco, material aluminio/policarbonato, garantía 1 año, procedencia nacional, país de origen china. Ilumina tus ambientes con luminarias de calidad. El Plafón cuenta con un diseño moderno que destacará en cualquier lugar de tu hogar.. Diseño circular, moderno, ligero y práctico. De fácil instalación, para adosar en techos. Ideal para uso en exteriores. Encendido instantáneo. Libre de mercurio. Baja emisión de calor. Protección del medio ambiente. IP20. Vida útil: 30000 h. CRI: 80. Temperatura: 6000 K.. . Mantener limpio, exento de polvo y libre humedad, para evitar oxidación o deterioro de la eficiencia."
134673,"campana ck902ne/m 90cm de la marca klimatic del area de electro hogar para los empotrado  de la linea campanas convencionales de procedencia nacional. acabado mate/liso, tamaño del producto grande, altura del producto 14.00 cm, ancho del producto 89.50 cm, profundidad del producto 50.00 cm, volumen del producto 62650, ean 6937224312050, medidas 89.50x50.00x14.00, tipo de producto campana, modelo ck902ne/m, color negro, material acero inoxidable, garantía 1 año, procedencia nacional, país de origen china. La Campana sirve para retener las grasas y eliminar los olores molestos a la hora de cocinar.. Vidrio visor direccional de vapor. Capacidad de absorción 450 m3/h.. Garantía de 1 año.. Encender la campana 5 minutos antes de empezar la cocción, para así crear la depresión apta para una eficaz extracción. Cuando se termine de cocinar, reducir la velocidad al mínimo y dejar funcionar la campana 10-15 minutos más, hasta que el aire este totalmente limpio."
131071,"horno th-45vn de la marca thomas del area de electro hogar para los electrodomesticos de la linea pequeños electrodomesticos de procedencia nacional. altura del producto 43.00 cm, ancho del producto 62.00 cm, profundidad del producto 46.50 cm, volumen del producto 123969, ean 7809639706696, medidas 62.00x46.50x43.00, tipo de producto horno, modelo th-45vn, color negro, material acero inoxidable, garantía 2 años, procedencia nacional, país de origen china. Prepara los más deliciosos platillos y postres al horno con este práctico modelo que Promart.pe trae para ti.. Tecnología cristal plate. Double glass door. Timer 60 minutos con apagado automático. Grill, convección y spiedo. Parrilla removible. Interior antiadherente. Luz interior.. Garantía de 2 años.. Para mantener en buenas condiciones su horno, debe limpiarlo por dentro y por fuera después de cada uso, luego deje enfriar para poder remover facilmente la grasa con una esponja o con un paño húmedo y agua jabonada tibia."
49950,"accesorio angulo externo blanco 32x12 dexson de la marca schneider electric del area de electricidad para los tuberias, canaletas y conexiones de la linea accesorios canaletas de procedencia nacional. altura del producto 3.50 cm, ancho del producto 3.40 cm, profundidad del producto 3.50 cm, volumen del producto 41.65, ean 7702496005707, medidas 3.40x3.50x3.50, tipo de producto accesorio, modelo externo blanco 32x12 dexson, color blanco, material pvc, garantía 1 año, procedencia nacional, país de origen francia. Los accesorios para canaletas Dexson están compuestos por base y tapa garantizando el correcto enrutamiento de cables en especial para fibra óptica y UTP.. Accesorio angulo externo de PVC auto-extinguible, diseñado para tapar espacios en las esquinas de estructuras en los cuales la canaleta recta no pueda cubrir garantizando el correcto enrutamiento de los cables, además es de facil instalación.. Tiene grado protección a impactos IK9 y es resistente al aceite.. Asegurese que el accesorio sea de la misma medida que la canaleta antes de colocarlo."
146193,"caja organizadora de tela pequeña 15x15 camel de la marca orange del area de muebles para los oficinas de la linea estantes / cubos modulares de procedencia importado. altura del producto 15.00 cm, ancho del producto 31.00 cm, profundidad del producto 15.00 cm, volumen del producto 6975, diametro del producto 0, ean 2000001461938, medidas 31.00x15.00x15.00, tipo de producto caja, modelo pequeña, color beige, material polipropileno, garantía 1 año, procedencia importado, país de origen china. Caja organizadora para organizar y reducir el desorden del hogar o la oficina.. Excelente estructura. Resistencia y durabilidad a su alcance.. Utilizar el producto adecuadamente para una mejor duración.. Ideal para la organización de sus objetos."
162808,"tal per esm ang  rot.mart dck209p2t de la marca dewalt del area de herramientas para los herramientas electricas inalambricas de la linea taladros percusión inal de procedencia nacional. altura del producto 22.00 cm, ancho del producto 18.00 cm, profundidad del producto 4.00 cm, volumen del producto 1584, ean 2000001628089, medidas 18.00x4.00x22.00, tipo de producto taladro, modelo dck209p2t-k9, color amarillo, material poliamida, garantía 3 años, procedencia nacional, país de origen china. COMBO Dewalt Inalámbrico DCK209P2T-K9: Taladro Percutor + Esmeril Angular + Rotomartillo. Disfruta de lo más nuevo que Promart.pe trae para ti.. . . "
154166,"amoladora 4 1/2"" 850w tc-ag 125 de la marca einhell del area de herramientas para los herramientas electricas portatiles de la linea amoladoras de procedencia importado. altura del producto 12.40 cm, ancho del producto 13.50 cm, profundidad del producto 31.00 cm, volumen del producto 5189.4, ean 4006825655667, medidas 13.50x31.00x12.40, tipo de producto amoladora, modelo tc-ag 125, color rojo, material poliamida, garantía 3 años, procedencia importado, país de origen china. pLa Amoladora 4 1/2"" 850W TC-AG 125 Einhell es la herramienta ideal para los entusiastas del bricolaje y profesionales que buscan rendimiento y versatilidad. Con una potencia de 850W y un diámetro de disco de 4 1/2"", es perfecta para trabajos exigentes como separación, rectificado y desbaste de metales o aluminio. Su cabezal de engranaje metálico robusto y plano asegura una aplicación flexible, mientras que el mango ergonómico y delgado proporciona comodidad durante el uso.ph2Características y beneficios de la Amoladora 4 1/2"" 850w Tc-ag 125 Einhell:p Potencia y rendimiento: 850W de potencia para trabajos exigentes.br• Diseño robusto: Cabezal de engranaje metálico para aplicaciones flexibles.br• Mango delgado y ergonómico para mayor comodidad.br• Ideal para separación, rectificado y desbaste de metales o aluminio.br• Incluye guarda, mango auxiliar y llave para el disco.. Es una máquina todoterreno flexible ideal para las obras de construcción de los amantes del bricolaje. Cabezal de engranaje metálico robusto y plano garantiza posibilidades de aplicación flexibles. Bloqueo del husillo permite un cambio de herramienta fácil y cómodo. Altura de corte 28mm, mango ergonoico y delgado.. Usar el diamero del disco indicado en el manual de ususario, 115mm.. Mantener limpia y bien iluminada la zona de trabajo.Llevar equipamiento de protección personal y siempre unas gafas protectoras."
85801,"persianas horizontales pvc 1.00x1.80 madera nogal de la marca reggia del area de organizacion y decoracion para los persianas y cortinas de la linea persianas vinyl horizontales de procedencia nacional. volumen del producto 0, ean 7755638000023, color no aplica, garantía 1 año, procedencia nacional. . . . "
85090,"florero galvanizado 48 cm de la marca gianrack del area de jardin para los deco jardin de la linea macetas de procedencia nacional. volumen del producto 0, ean 2000000850900, tipo de producto florero, color plata, material acero galvanizado, garantía 1 año, procedencia nacional. Organiza y dale un toque novedoso a tus jardines o cualquier interior de tu casa y oficina con maceteros de tamaños y colores diferentes, ideales para ese pequeño o gran espacio que tengas.El florero galvanizado está elaborado con acero, su textura es liza y es ideal para colocarlo en el jardín de tu casa, donde puedas colocar flores artificiales o naturales.. . . Si coloca la maceta en exteriores averigüe cuánto tiempo puede su planta estar expuesta al sol ya que hay algunas más delicadas que otras o no necesitan sol."
144759,"colchon inflable 1.5 plazas con  inflador de la marca bestway del area de aire libre y temporada para los camping de la linea colchones inflables de procedencia importado. acabado poliester, altura del producto 36.00 cm, ancho del producto 97.00 cm, profundidad del producto 191.00 cm, volumen del producto 666972, ean 6941607327210, medidas 97.00x191.00x36.00, tipo de producto colchón inflable + inflador, modelo dos plazas, color gris, material pvc/poliester, garantía 1 mes, procedencia importado, país de origen china. pRelájate con la comodidad y facilidad del Colchón inflable 1.5 plazas con inflador Bestway. Equipado con una bomba de aire eléctrica incorporada, se infla en tan solo 2 a 3 minutos, ideal para un descanso rápido y sin complicaciones. Su diseño con vigas internas Tritech de poliéster y PVC duradero asegura una estructura sólida y resistente que soporta hasta 150 kg. La superficie acolchada y la almohada incorporada brindan una experiencia cómoda para un sueño reparador, ya sea en casa o de viaje. Características y beneficios del Colchon inflable 1.5 plazas con inflador Bestway: Vigas internas Tritech de poliéster y PVC para durabilidad y confort.br• Superficie acolchada y almohada integrada para mayor comodidad.br• Bomba eléctrica incorporada para inflado rápido en 2-3 minutos.br• Resistente hasta 150kg, ideal para uso familiar.. Capacidad de usuarios: 1. Capacidad de peso: 150 kg. Se infla en 2-3 min. Bomba de aire eléctrica incorporada de 220-240 V. Las vigas internas Tritech son de malla de poliéster revestida en PVC duradero. Almohada incorporada. Cómoda superficie acolchada para descanso. Construcción sólida de vigas en I.. . Al momento de su almacenamiento, que sea en un lugar seco y fresco."
151627,"kit organizarte blanco de la marca ducasse del area de organizacion y decoracion para los repisas y estanterias de la linea repisas de madera de procedencia nacional. altura del producto 50.00 cm, ancho del producto 60.00 cm, volumen del producto 0, diametro del producto 0, ean 7805738018272, tipo de producto organizador, modelo organizarte, color blanco, material acero, garantía 1 año, procedencia nacional, país de origen chile. La Estanteria de Pared Ducasse Organizarte Mulituso 1 Repisa + 2 Paneles 50x60cm Blanco. Está fabricado en acero con terminación en pintura epóxica blanco brillante que evita rayaduras, un material resistente, durable y que se limpia sin dificultad. Además, es un mueble fácil de armar e instalar. Contiene paneles y repisas fabricados en acero y ganchos más cajas contenedoras adaptables a los paneles según las distintas necesidades. Disfruta de lo más nuevo que Promart.pe trae para ti.. Está fabricado en acero con terminación en pintura epóxica blanco brillante que evita rayaduras, un material resistente, durable y que se limpia sin dificultad. Además, es un mueble fácil de armar e instalar. Contiene paneles y repisas fabricados en acero y ganchos más cajas contenedoras adaptables a los paneles según las distintas necesidades.. Garantía de 1 año.. Asegurarse de un correcto armado e instalación."
80937,"lampara colgante rattan natural de la marca orange del area de iluminacion para los iluminacion decorativa de la linea colgantes naturales de procedencia importado. altura del producto 45.00 cm, volumen del producto 0, diametro del producto 30.00 cm, ean 2000000809373, tipo de producto lámpara, modelo rattan, color beige, material ratán sintético, garantía 1 año, procedencia importado, país de origen china. Si deseas darle un toque rústico a tus ambientes, la lámpara colgante de ratán es perfecta para ti. Elegante y moderna, su diseño no pasará desapercibido dentro de tu decoración. Cuenta con un socket E-27, compatible con la mayoría de focos del mercado.. Lampara colgante rattan de color natural con diseño decorativo para ambientes como terraza o sala, cuenta con rosca E27, además tiene cable para regular la altura de instalación.. El color de luz depende del tipo de foco a escoger.  Se puede utilizar focos ahorradores o LED de distintas potencias lumínicas.. Usar focos LED para una mejor iluminación y un menor consumo eléctrico, también usar paño de microfibra seco para la limpieza."
152678,"luz de neón planeta de la marca orange del area de iluminacion para los iluminacion decorativa de la linea iluminacion niños de procedencia importado. altura del producto 17.50 cm, ancho del producto 30.00 cm, profundidad del producto 1.60 cm, volumen del producto 840, diametro del producto 0, ean 2000001526781, medidas 30.00x1.60x17.50, tipo de producto luz, modelo planeta, color azul, material poliestireno, garantía 1 año, procedencia importado, país de origen china. Excelente calidad. Resistencia y durabilidad.. Excelente calidad. Resistencia y durabilidad.. No aplica. Ideal para uso infantil."
15258,"soport graduable doble 32 blanco de la marca ducasse del area de organizacion y decoracion para los repisas y estanterias de la linea soportes metalicos de procedencia nacional. altura del producto 5.00 cm, ancho del producto 33.00 cm, profundidad del producto 1.20 cm, volumen del producto 198, ean 7805738098328, medidas 33.00x1.20x5.00, tipo de producto soporte, modelo graduable doble, color blanco, material metal, garantía 1 año, procedencia nacional, país de origen chile. Soporte de líneas innovadoras brindando la mejor versatilidad para las repisas en casa. Con el soporte graduable será mucho más fácil ajustar el apoyo con la pared. Podrás reacomodar el alto y la posición de tu repisa gracias a su acción de doble graduación para insertar o retirar las veces necesarias.. Soporte para repisa hecho de metal pintado. Cuenta con 2 ganchos ubicados en la parte posterior del soporte para poder enganchar el producto al pilar ranurado y perforaciones para poder adherir una repisa al soporte. Es necesario comprar kit de fijación y 1 pilar ranurado doble para fijar el soporte a la pared. Revisar que la pared esté nivelada.. Limpiar en seco con un paño de microfibra o poliseda, también puede utilizar limpiavidrio o una solución de agua y jabón"
144906,"funda protectora tp99 de la marca grillcorp del area de aire libre y temporada para los parrillas de la linea accesorios parrillas de procedencia nacional. altura del producto 16.00 cm, ancho del producto 26.00 cm, profundidad del producto 6.00 cm, volumen del producto 2496, ean 701575396412, medidas 26.00x6.00x16.00, tipo de producto funda, modelo tp99, color negro, material plástico, garantía 3 meses, procedencia nacional, país de origen perú. Estuche impermeable, a prueba de golpes y duradero.. A prueba de golpes, duradera, pequeña y portátil a la vez. Garantiza la protección de sus dispositivos. Cuenta con una cremallera de 360° para un abre y cierra fácil, también con un bolsillo interno para colocar otros tipos de termómetros.. . Guardarlo en un lugar seco."
